codigo,descricao,valor_promocao,loja
000000772808,MALA CRUZEIRO 11001 BORDO LEGADO UNICO,199.99,16
000000772815,MALA CRUZEIRO 11003 BORDO LEGADO UNICO,199.99,16
000000772822,MALA CRUZEIRO 11009 BORDO LEGADO UNICO,199.99,16
000000677745,BONE GANGSTER ALG 60140013 AD MAS LEGADO UNICO,29.99,16
000000755658,BONE GANGSTER ALG 60250095 AD MAS LEGADO,29.99,16
000000769853,BOLSA SIDEWAY COURO SDXJ515 FEM LEGADO,29.99,16
000000769891,MOCHILA SIDEWAY PELUCIA SDWX661 INF LEGADO UNICO,29.99,16
000000769839,SKATE BRINQUEDO SIDEWAY SD236 LEGADO,9.99,16
000000769945,CINTO SIDEWAY PU SDYD42 MASC LISO LEGADO UNICO,14.99,16
000000769952,CINTO SIDEWAY PU SDYD42 MASC TRABAL LEGADO UNICO,14.99,16
000000680882,SQUEEZE PLASDU 470466 1LITRO BELIEV LEGADO UNICO,9.99,16
000000759434,CANECA PLASUTIL 14446 MINNIE 360ML LEGADO UNICO,9.99,16
000000759519,COPO PLASUTIL 17104 STAR WARS 500ML LEGADO,9.99,16
000000680844,SQUEEZE PLASDUR 470470 750ML BELIEV LEGADO UNICO,9.99,16
000000770002,BOIA SIDEWAY PLAST SDBB3 INFANTIL LEGADO,9.99,16
000000680820,SQUEEZE PLASDURAN 470306 600 ML LEGADO UNICO,4.99,16
000000680837,SQUEEZE PLASDURAN 470495 720ML PET LEGADO UNICO,4.99,16
000000759649,SANDUICHEIRA PLASUTIL 1315 LEGADO UNICO,4.99,16
000000707572,SABONETEIRA PLASUTIL 16034 H ARANHA LEGADO,4.99,16
000000780490,BONE GANGSTER ALG 60250190 AD MAS LEGADO,39.99,16
000000495790,GRAVATA HAD SEDA,14.99,16
000000707541,SQUEEZE PLASDU 470313 1000ML STITCH,14.99,16
000000759717,POTE PIPOCA PLASUT 15833 STITCH 2.1 LEGADO,14.99,16
000000764360,SQUEEZE PLASDU 471159 STITCH,14.99,16
000000707527,SQUEEZE PLASDU 470332 600ML STITCH,9.99,16
000000759687,SANDUICHEIRA PLASUTIL 17111 STITCH LEGADO UNICO,9.99,16
000000537001,SUPORTE VEICULAR MAGNE ECCH2,4.99,16
000000536974,CARREGADOR USB DE PAREDE WC1AE,4.99,16
000000536998,SUPORTE VEICULAR SAIDA ECCH1,4.99,16
000000536929,CABO APPLE LIGHTNING S810 LEGADO UNICO,4.99,16
000000536943,CABO MICRO USB EC510PT LEGADO UNICO,4.99,16
000000536967,CARREGADOR USB VEICULAR CC1SE LEGADO UNICO,4.99,16
000000536950,CABO ESTEREO AUXILIAR ECAUX1 LEGADO UNICO,4.99,16
000000537056,CINTO JAMES ANIMAL PRINT,4.99,16
000000554930,CINTO JAMES CORDAO FEM,4.99,16
000000575065,MOCHILA JAMES TECIDO,19.99,16
000000517447,BOLSA JAMES COURINO 8781 PRAIA,4.99,16
000000593045,CAMISETA 1BIGO MM 202132 4A8 ML,9.99,16
000000460453,CINTO JAMES SINTETICO DUPLA FACE MA,9.99,16
000000623896,GRAVATA WATKINS KROWN 9001 LISA,4.99,16
000000605106,OCULOS TRITON UL0067 CLARO FEM TART LEGADO UNICO,4.99,16
000000605120,OCULOS TRITON UL0087 CLARO FEM MARR LEGADO UNICO,4.99,16
000000605137,OCULOS TRITON UL0051 CLARO FEM TART LEGADO UNICO,4.99,16
000000605168,OCULOS TRITON UL0059 CLARO FEM PRET LEGADO UNICO,4.99,16
000000605359,MASCARA MAX ANTIVIRAL ANTIBACTERIAN,4.99,16
000000658140,MOCHILA GANGSTER 60240013 AD MAS LEGADO UNICO,69.99,16
000000658157,MOCHILA GANGSTER 60240011 AD MAS LEGADO UNICO,69.99,16
000000658089,BOLSA GANGSTER ALG 60040043 ACADEMI,69.99,16
000000658096,BOLSA GANGSTER ALG 60040044 ACADEMI,69.99,16
000000658102,BOLSA GANGSTER ALG 60040047 ACADEMI,59.99,16
000000630788,BONE GANGSTER ALG SINT 60260345,24.99,16
000000630849,BONE GANGSTER ALG SINT 60260359,24.99,16
000000630856,BONE GANGSTER ALG SINT 60260362,24.99,16
000000630894,BONE GANGSTER ALG SINT 60260368,24.99,16
000000658065,BOLSA GANGSTER ALG 60040024 AD MAS,29.99,16
000000658072,BOLSA GANGSTER ALG 60040029 AD MAS,29.99,16
000000658201,BONE GANGSTER ALG 60140031 AD MAS,24.99,16
000000658195,BONE GANGSTER ALG 60140024 AD MAS LEGADO UNICO,24.99,16
000000630887,BONE GANGSTER ALG SINT 60260366,24.99,16
000000630917,BONE GANGSTER ALG SINT 60260370,24.99,16
000000648998,BONE GANGSTER ALG SINT 60260350,24.99,16
000000669580,BOLSA JAMES PLASTICO PRAIA MEDIO FE,14.99,16
000000661218,CHAPEU OVERCORE ALG SINT 60400006 M LEGADO UNICO,14.99,16
000000538053,CINTO JAMES 2 FIVELAS FEM,14.99,16
000000704953,MOCHILA GANSGTER 60240015 AD MASC,79.99,16
000000702706,BOLSA MOLECA 50007.1 PVC PRETO-PRET,49.99,16
000000702713,BOLSA MOLECA 50007.1 PVC NUDE,49.99,16
000000702720,BOLSA MOLECA 50007.1 PVC PINK,49.99,16
000000702737,BOLSA MOLECA 50007.1 PVC JEANS,49.99,16
000000702744,BOLSA MOLECA 50007.1 PVC PRETO-DOUR,49.99,16
000000702751,BOLSA MOLECA 50007.1 PVC BRANCO-DOU,49.99,16
000000702768,BOLSA MOLECA 50042.1 PVC PRETO,49.99,16
000000702775,BOLSA MOLECA 50042.1 PVC BRANCO OFF,49.99,16
000000702782,BOLSA MOLECA 50042.1 PVC NUDE,49.99,16
000000702799,BOLSA MOLECA 50041.1 PVC PRETO,49.99,16
000000702805,BOLSA MOLECA 50041.1 PVC PINK,49.99,16
000000702812,BOLSA MOLECA 50041.1 PVC BRANCO OFF,49.99,16
000000711739,BOLSA ALICE SINT GW2568K COSTAS M,39.99,16
000000630870,BONE GANGSTER ALG SINT 60260365,24.99,16
000000658263,BONE GANGSTER ALG 60250020 AD MAS,24.99,16
000000700085,BONE GANGSTER ALG 60250071 AD,24.99,16
000000700108,BONE GANGSTER ALG 60250070 AD,24.99,16
000000700146,BONE GANGSTER ALG 60250053 AD,24.99,16
000000711647,BOLSA ALICE PU AL2396K TOTEBAG G,39.99,16
000000711678,BOLSA ALICE PU AL2741K TIRACOLO M,39.99,16
000000683005,BONE GANGSTER ALG 60140036 AD MAS LEGADO ZZ,24.99,16
000000700092,BONE GANGSTER ALG 60250057 AD,24.99,16
000000700122,BONE GANGSTER ALG 60250044 AD,24.99,16
000000700139,BONE GANGSTER ALG 60250041 AD,24.99,16
000000700153,BONE GANGSTER ALG 60250054 AD,24.99,16
000000704977,CARTEIRA GANGSTER 60280023 AD MASC,29.99,16
000000707510,LANCHEIRA PLASUTIL 15955 H ARANHA,24.99,16
000000711661,BOLSA ALICE PU AL2740K TRANSVERSAL,29.99,16
000000711654,BOLSA ALICE PU AL2739K TRANSVERSAL,29.99,16
000000688215,DRIFT CARRO POLIBRINK PLAST CAR701,14.99,16
000000688239,CONSTR BLOCKS POLIBRINK PLAST BK001,9.99,16
000000688284,OVO DINO POLIBRINK PLAST AN0012 LEGADO UNICO,14.99,16
000000711722,GUARDA CHUVA SUSINO SS022ML SS022MT,14.99,16
000000669757,GRAVATA NOVA GERACAO SEDA AD,9.99,16
000000623902,GRAVATA WATKINS KROWN 19005 ESTAMPA,9.99,16
000000680134,DOSADOR LEITE PLASUTIL 13727 MENINA,9.99,16
000000680141,DOSADOR LEITE PLASUTIL 15369 MENINO,9.99,16
000000680158,GARRAFA PLASUTIL 13449 FITNESS 1LIT,9.99,16
000000680165,GARRAFA PLASUTIL 7867 RETRO 1LITRO,9.99,16
000000688345,KIT BELEZA POLIBRINK PLAST MK09,9.99,16
000000680059,CANECA PLASUTIL PLAST 9316 MENINA,9.99,16
000000680066,CANECA PLASUTIL PLAST 4059 MENINO,9.99,16
000000680196,GARRAFA PLASUTIL 14491 HULK 530ML,9.99,16
000000680226,GARRAFA PLASUTIL 8953 H.ARANHA 500M,9.99,16
000000708067,SHAKEIRA PLASUTIL 5706 580ML,9.99,16
000000707596,SHAKEIRA PLASUTIL 15835 580 ML FITN,7.99,16
000000556385,CINTO JAMES PALHA ELASTADO FEM,7.99,16
000000680257,GUARDA TUDO PLASUTIL 2488 DUPLO 4X4,7.99,16
000000680349,SANDUICHEIRA PLASUTIL 6207 HULK,7.99,16
000000688277,DINO CLIK POLIBRINK PLAST 2316,7.99,16
000000688291,TURMA DA MANU POLIBRINK PLAS BN5092,7.99,16
000000688338,UNICORNIO POLIBRINK PLAST AN2004,7.99,16
000000680356,SANDUICHEIRA PLASUTIL 6581 MICKEY,4.99,16
000000707473,ESTOJO LUDICO PLASUTIL 16244 MICKEY,4.99,16
000000680295,SABONETEIRA PLASUTIL 7932 FROZEN,4.99,16
000000681049,NEW SQUEEZE CEARA URBAN MAX096 500M,4.99,16
000000681056,NEW SQUEEZE FORTALEZA MAX097 500ML,4.99,16
000000772846,MALA CRUZEIRO 11007 BORDO,199.99,16
000000734608,MOCHILA OLYMPIKU LONA OISB241825 PR,149.99,16
000000734646,BOLSA OLYMPIKUS POLI OIWB231810 GYM,99.99,16
000000755665,MOCHILA GANGSTER 60240021 AD MAS,99.99,16
000000755696,MOCHILA GANGSTER 60240128 AD MAS,99.99,16
000000768634,MOCHILA GANGSTER 60240130 AD MASC LEGADO UNICO,99.99,16
000000704960,MOCHILA GANSGTER 60240014 AD MASC LEGADO UNICO,99.99,16
000000760829,MINI BAG OLYMPIKUS POLY OIWB241813,69.99,16
000000734585,MOCHILA OLYMPIKUS LONA OIWB221808,59.99,16
000000704984,CARTEIRA GANGSTER 60280026 AD MASC,39.99,16
000000705011,CARTEIRA GANGSTER 60280028 AD MASC,39.99,16
000000755597,BONE GANGSTER ALG 60250097 AD MAS,29.99,16
000000755702,CARTEIRA GANGSTER 60280022 AD MASC,39.99,16
000000769860,BOLSA SIDEWAY COURO SDXJ437 FEM,29.99,16
000000769877,BOLSA SIDEWAY COURO SDL14W9 FEM,29.99,16
000000769921,MOCHILA SIDEWAY COURO SDLTW9887 AD,29.99,16
000000755627,BONE GANGSTER ALG 60250084 AD MAS LEGADO ZZ,29.99,16
000000658225,BONE GANGSTER ALG 60250011 AD MAS,29.99,16
000000668781,BONE GANGSTER ALG 60140015 AD MAS,29.99,16
000000661225,CHAPEU OVERCORE ALG SINT 60400001 M,29.99,16
000000704991,CARTEIRA GANGSTER 60280027 AD MASC,29.99,16
000000700078,CINTO CORRENTE FY2108370 DOURADO,19.99,16
000000680264,KIT HIGIENE PLASUTIL 9692 MENINA 02,19.99,16
000000769938,CARTEIRA SIDEWAY COURO SDOL006 MASC,14.99,16
000000769969,CINTO SIDEWAY PU SDYD42 MASC ELASTI,14.99,16
000000759588,GARRAFA PLASUTI 16297 ATLETICO 530M,14.99,16
000000759595,GARRAFA PLASUTI 16283 CRUZEIRO 530M,14.99,16
000000759625,GARRAFA PLASUTIL 17105 STAR WA 600M,14.99,16
000000759632,GARRAFA PLASUTIL 16693 STITCH 600ML,14.99,16
000000769822,CARRINHOS SIDEWAY CD021580,14.99,16
000000769846,BEYBLADE BRINQUEDO SIDEWAY CP060215,14.99,16
000000669566,CINTO JAMES SINTETICO FIV STRASS FE,14.99,16
000000680080,CANECA PLASUTIL PLAST 7747 MINNIE,14.99,16
000000707435,CANECA PLASUTIL 15957 360ML H ARANH,14.99,16
000000707503,GARRAFA PLASUTIL 16038 530ML H ARAN,14.99,16
000000759458,COPO PLASUTIL 16301 ATLETICO 700ML,9.99,16
000000759465,COPO PLASUTIL 16287 CRUZEIRO 700ML,9.99,16
000000669573,CINTO JAMES SINTE FIV METALISADO FE,9.99,16
000000680325,SANDUICHEIRA PLASUTIL 15083 MINNIE,9.99,16
000000707497,GARRAFA PLASUTIL 14495 CARROS,9.99,16
000000680875,SQUEEZE PLASDU 470493 750ML CONSTEL,9.99,16
000000680073,CANECA PLASUTIL PLAST 7108 MICKEY,9.99,16
000000680172,GARRAFA PLASUTIL 14582 BATMAN 530ML,9.99,16
000000680202,GARRAFA PLASUTIL 15272 LOONEY 530ML,9.99,16
000000680219,GARRAFA PLASUTIL 8975 BATMAN 500ML,9.99,16
000000680233,GARRAFA PLASUTIL 1066 MINIONS 500ML,9.99,16
000000764438,SQUEEZE PLASDU 471307 700ML,4.99,16
000000605113,OCULOS TRITON UL0087 CLARO FEM PRET,4.99,16
000000605144,OCULOS TRITON UL0050 CLARO FEM PRET,4.99,16
000000605182,OCULOS TRITON UL0067 CLARO FEM MARR,4.99,16
000000605205,OCULOS TRITON UL0059 CLARO FEM MARR,4.99,16
000000680868,SQUEEZE PLASDURAN 470279 600ML NEON,4.99,16
000000707480,ESTOJO LUDICO PLASUTIL 16242 MINNIE,4.99,16
000000605212,OCULOS TRITON UL0059 CLARO FEM TART,4.99,16
000000708074,GARRAFA PLASUTIL  13539 530ML,4.99,16
000000680127,COPO PLASUTIL PLAST 8293 FROZEN 320,4.99,16
000000681063,NEW SQUEEZE HORIZONTE MAX098 500ML,4.99,16
000000759489,COPO PLASUTIL 1068 MINIONS 320ML,4.99,16
000000762786,COPO PLASUTIL 14710 DINOSSAURO 320M,4.99,16
000000762793,COPO PLASUTIL 14650 CASA MAGIC 320M,4.99,16
000000762809,COPO PLASUTIL 903 AGNES 320ML,4.99,16
000000734622,MOCHILA OLYMPIKUS POLI OIWB221806,99.99,16
000000760812,MOCHILA OLYMPIKUS POLY OIWB241812,99.99,16
000000760805,CINTO CORRIDA OLYMPIKUS OIWB231818,79.99,16
000000734653,SHOUDER BAG OLYMPIKUS OIWB231817 MR,79.99,16
000000780421,BONE GANGSTER ALG 60250191 AD MAS,39.99,16
000000780469,BONE GANGSTER ALG 60250189 AD MAS,39.99,16
000000780476,BONE GANGSTER ALG 60250194 AD MAS,39.99,16
000000780483,BONE GANGSTER ALG 60250192 AD MAS,39.99,16
000000791779,BONE GANGSTER ALG 60250202 AD MASC,39.99,16
000000791786,BONE GANGSTER ALG 60250198 AD MASC,39.99,16
000000791793,BONE GANGSTER ALG 60250188 AD MASC,39.99,16
000000791809,BONE GANGSTER ALG 60250201 AD MASC,39.99,16
000000805278,BONE GANGSTER ALG 60250230 AD MASC,39.99,16
000000805285,BONE GANGSTER ALG 60250204 AD MASC,39.99,16
000000805292,BONE GANGSTER ALG 60250207 AD MASC,39.99,16
000000805315,BONE GANGSTER ALG 60250211 AD MASC,39.99,16
000000805322,BONE GANGSTER ALG 60250233 AD MASC,39.99,16
000000805339,BONE GANGSTER ALG 60250215 AD MASC,39.99,16
000000805360,BONE GANGSTER ALG 60250247 AD MASC,39.99,16
000000805377,BONE GANGSTER POLIE 60250258 AD Sortida ZZ,39.99,16
000000805384,BONE GANGSTER ALG 60250265 AD MASC Sortida UNICO,39.99,16
000000805414,CINTO GANGSTER ELAST 60150107 AD VD Sortida UNICO,39.99,16
000000791960,LANCHEIRA PLASUTIL 17504 STITCH,39.99,16
000000791991,PORTA CANETA PLASUTIL 15897 STITCH,39.99,16
000000804288,BONE DIXIE ALG 60250216 AD MASC,39.99,16
000000804295,BONE DIXIE ALG 60250217 AD MASC,39.99,16
000000804301,BONE DIXIE ALG 60250220 AD MASC,39.99,16
000000638739,CINTO JAMES CORRENTE FEM PMG LEGADO P,29.99,16
000000733328,CINTO ANA CASTELA KF2305-37 FEM,29.99,16
000000434126,CINTO LEF LONA NF66-137-120-64-131 LEGADO UNICO,19.99,16
000000509688,CINTO JAMES SINTETICO D FACE LARGO LEGADO UNICO,19.99,16
000000596138,CINTO JAMES SINTETICO CATRACA MASC LEGADO UNICO,19.99,16
000000598521,CINTO JAMES SINTETICO MASC ADULTO,19.99,16
000000627344,CINTO JAMES ELASTICO MASC LEGADO UNICO,19.99,16
000000784207,CINTO JAMES SINT 2305571 FIV RODEIO UNISEX LEGADO UNICO,19.99,16
000000680189,GARRAFA PLASUTIL 14463 H.ARANHA 530,14.99,16
000000759601,GARRAFA PLASUTI 15834 STITCH 530ML,14.99,16
000000791861,COPO PLASUTIL 17450 LUDIC STITCH,14.99,16
000000791878,COPO PLASUTIL 17449 LUDI STITCH 500,14.99,16
000000791892,COPO PLASUTIL 17705 LILO STITCH 500,14.99,16
000000791915,COPO PLASUTIL 17441 MINNIE 500ML,14.99,16
000000791922,COPO PLASUTIL 17439 STITCH 500ML,14.99,16
000000428910,CINTO JAMES SINTETICO MASC P LEGADO UNICO,14.99,16
000000517454,CINTO JAMES COURINO CAIXINHA LEGADO UNICO,14.99,16
000000759496,COPO PLASUTIL 15831 STITCH 500ML,14.99,16
000000759670,SANDUICHEIRA PLASUTIL 16946 ESTRIAD,9.99,16
000000759472,COPO PLASUTIL 15832 STITCH 280ML,4.99,16
000000792059,SABONETEIRA PLASUTIL 17141 STITCH,4.99,16
000000731522,SANDALIA VIZZANO 64991107286 35312 LEGADO,99.99,16
000000732215,TENIS MOLEKINHA 256510225586 15816 LEGADO,99.99,16
000000732154,BOTA MOLEKINHA 216413123655 15745 LEGADO,79.99,16
000000732208,TENIS MOLEKINHA 257710020703 93848 LEGADO,59.99,16
000000680417,TENIS BATATINHA 1181 28A37 2023 FEM LEGADO,59.99,16
000000729444,TENIS MOLEKINHO 286310027010 15745 LEGADO,59.99,16
000000732185,TENIS MOLEKINHA 250332120703 33300 LEGADO,49.99,16
000000704540,SAND MOLEKINHA 230362526415 16072 LEGADO,49.99,16
000000706216,TENIS MINI PE MP2333 22A33 MASC LUZ LEGADO,49.99,16
000000730624,CHINELO MODARE 713213822454 15745 LEGADO,49.99,16
000000682350,SANDALIA ADDAN SINT 9200 34A43 2023 LEGADO,39.99,16
000000702317,SANDALIA MOLECA 546211126369 84110 LEGADO,39.99,16
000000704571,SAND MOLEKINHA 234410325586 15745 LEGADO,39.99,16
000000725910,SAPATENIS KREEPER SINTET DIV AD MAS LEGADO,39.99,16
000000730211,SANDALIA MOLECA 546211123919 15745 LEGADO,39.99,16
000000704496,SAND MOLEKINHA 271420826499 15745 LEGADO,29.99,16
000000704731,CHINELO VIZZANO 623511497286 15745 LEGADO,29.99,16
000000706094,SANDALIA SQUIZZ 1241NV 34A40 LEGADO,29.99,16
000000707329,TENIS BOX200 BX2352 34A40 2023 FEM LEGADO,29.99,16
000000730259,SAPATILHA MOLEC 5027140716936 42884 LEGADO,29.99,16
000000730266,SAPATILHA MOLEC 5027146611804 52531 LEGADO,29.99,16
000000747684,CHINELO IPANEMA 27322 DIV MAIS SLID LEGADO,24.99,16
000000688208,CHINELO IPANEMA 25729 BARBIE STYLE LEGADO,24.99,16
000000703321,CHINEL MOLEKINHO 242010713958 15745 LEGADO,24.99,16
000000703369,SAND MOLEKINHO 213565826440 93986 LEGADO,24.99,16
000000704380,SAPATI MOLEKINHA 250238725586 15745 LEGADO,24.99,16
000000704403,SAPATI MOLEKINHA 25023876000 16072 LEGADO,24.99,16
000000704502,SAND MOLEKINHA 212114212638 51743 LEGADO,24.99,16
000000728577,CHINELO GRENDHA 18977 TODO DIA ELEG LEGADO,19.99,16
000000365178,CHINELO RIDER 10611 R1 INK MAS AD LEGADO,19.99,16
000000708043,CHINELO IPANEMA 27171 EDGE AD FEM LEGADO,19.99,16
000000747677,CHINELO IPANEMA 27239 DIVERSA MAIS LEGADO,14.99,16
000000747714,CHINELO IPANEMA 27232 DIVERSA GASPE LEGADO,14.99,16
000000657723,RASTEIRINHA ADDAN SINT 2438 AD 2022 LEGADO,14.99,16
000000688130,CHINELO IPANEMA 27102 X MEN LEGADO,14.99,16
000000708050,CHINELO IPANEMA 18901 CEARA AD FEM LEGADO,14.99,16
000000731256,CHINELO BEIRA MAR-SANDBELL AD FEM LEGADO,9.99,16
000000662277,CHINELO GRENDHA 18669 CACAU ELO FEM LEGADO,9.99,16
000000468770,RASTEIRINHA D CABRI DV 34A40 VERNIZ LEGADO,4.99,16
000000789547,TENIS ACTIVITA 493410029435 101673 LEGADO,159.99,16
000000786294,SAPATENIS STIR SPA40 37A44 MASC LEGADO,99.99,16
000000729628,TENIS ACTVITTA 483610727545 32763 LEGADO,99.99,16
000000789646,SANDALIA VIZZANO 651011227850 97250 LEGADO,99.99,16
000000704649,TENIS VIZZANO 12142057286 16072 LEGADO,79.99,16
000000704656,TENIS VIZZANO 12142055881 15745 LEGADO,79.99,16
000000704694,SAPATO VIZZANO 11857027286 15745 LEGADO,79.99,16
000000786478,SAPATENIS RAYON R1708 37A44 MASC,69.99,16
000000789295,TENIS MOLEKINHA 25821039569 101768 LEGADO,79.99,16
000000785822,CHINELO IPANEMA 23198 STITCH SUMMER LEGADO,69.99,16
000000786706,SAPATENIS POLO ENERGY 3379 3322 AD LEGADO,69.99,16
000000786850,PAPETE SERENITY ZX2327 34A40 LEGADO,59.99,16
000000785747,CHINELO IPANEMA 12482 CARTAGO SINTR LEGADO,59.99,16
000000785839,SANDALIA IPANE 23322 DISNEY DUO STI LEGADO,59.99,16
000000786409,TENIS STAR FEET 3500L 28A35 UNISSEX LEGADO,59.99,16
000000786607,TENIS BOX200 BX2552 34A43 MASC LEGADO,69.99,16
000000786836,PAPETE SERENITY KX2336 34A40 LEGADO,59.99,16
000000657785,SANDALIA ADDAN SINT 5168 34A39 2023 LEGADO,59.99,16
000000682855,CHINELO RIDER 12015 SPRINT DEDO AD LEGADO,49.99,16
000000707404,CHINELO CARTAGO 12287 EGEU AD MASC LEGADO,49.99,16
000000785785,CHINELO IPANEMA 19147 AZALEIA MEL LEGADO,49.99,16
000000785846,SANDALIA IPANE 23160 DISNEY EAS STI LEGADO,49.99,16
000000786577,TENIS BOX200 BX2504 34A43 MASC LEGADO,59.99,16
000000786584,TENIS BOX200 BX2507 34A43 MASC LEGADO,59.99,16
000000786591,TENIS BOX200 BX2510 34A43 MASC LEGADO,59.99,16
000000786621,TENIS BOX200 BX2507 34A40 FEM LEGADO,59.99,16
000000786638,TENIS BOX200 BX2509 34A40 FEM LEGADO,59.99,16
000000680813,BOTA FOFIORI BX2301 34A40 2023 FEM LEGADO,49.99,16
000000785815,CHINELO IPAN 22994 DISNEY MAN STITC LEGADO,39.99,16
000000786645,TENIS BOX200 BK2006 28A35 MASC LEGADO,49.99,16
000000786652,TENIS BOX200 BK2010 28A35 MASC LEGADO,49.99,16
000000808293,INFANTIL FEM CHINELO MAXSHOP LEGADO,39.99,16
000000513555,CHINELO GRENDENE 11326 C MAIORCA ES LEGADO,39.99,16
000000682381,BOTA ADDAN SINT 8048 34A40 2023 FEM LEGADO,39.99,16
000000707411,CHINELO MORMAI 12304 NEOCYCLE AD MA,39.99,16
000000711616,SAPATO ANDAR LEVE COURO DIV B CURTO LEGADO,39.99,16
000000786751,RASTEIRA SERENITY PE2253 34A40 LEGADO,29.99,16
000000786768,RASTEIRA SERENITY PE2272 34A40 LEGADO,29.99,16
000000786775,RASTEIRA SERENITY PE2380 34A40 LEGADO,29.99,16
000000786799,RASTEIRA SERENITY PE2353 34A40 LEGADO,29.99,16
000000643467,CHINELO RIDER 12107 STREET CITY MAS LEGADO,24.99,16
000000677899,SAPATO SR CAMURCA 1301 38A43 MOCASS LEGADO,29.99,16
000000627337,PANTUFA SAPOPE FEM PMGG,24.99,16
000000643412,CHINELO RIDER 11650 R1 SPEED AD MAS LEGADO,24.99,16
000000785761,SANDALIA IPANEMA 27375 DIVERS VERAO LEGADO,24.99,16
000000622929,CHINELO RIDER 11957 R1 STYLE LEGADO,19.99,16
000000747653,RASTEIRA GRENDHA 19032 TODO DIA AD LEGADO,19.99,16
000000762823,CHINELO IPANEMA 27331 EASY MAIS FEM LEGADO,19.99,16
000000808330,RASTEIRA GRENDHA 19158 TODO DIA FEM,19.99,16
000000785709,CHINELO IPANEMA 27307 JOLIE LEGADO,19.99,16
000000248778,CHINELO IPANEMA 25122 ANATOM SURF M,19.99,16
000000682916,CHINELO IPANEMA 26770 EASY FEM AD,19.99,16
000000728591,CHINELO GRENDHA 18964 TODO DIA LIND LEGADO,14.99,16
000000731263,CHINELAO BEIRA MAR-SANDBELL AD MASC LEGADO,14.99,16
000000747707,CHINELO IPANEMA 27230 DIVERSA AD FE,14.99,16
000000731249,CHINELO BEIRA MAR-SANDBELL AD MASC LEGADO,9.99,16
000000310338,SAPATO ANDARLEVE COURO 36A44 MASCUL LEGADO,9.99,16
000000817080,SANDALIA VIZZAN 655910129711 104068 Mocca LEGADO,179.99,16
000000816656,TENIS MOLEKINHO 286910730831 106359 Preto LEGADO,149.99,16
000000817127,SANDALIA VIZZAN 650612729711 35312 Off White LEGADO,149.99,16
000000817134,SANDALIA VIZZAN 650612729711 104068 Mocca LEGADO,149.99,16
000000817226,TAMANCO VIZZANO 65591007286 29452 LEGADO LEGADO,149.99,16
000000817141,SANDALIA VIZZAN 64281047286 15745 Preto LEGADO,129.99,16
000000816823,TENIS MOLEKINHO 262012113958 73049 Marinho LEGADO,129.99,16
000000816601,TENIS MOLEKINHO 283812317063 98440 Off White LEGADO,99.99,16
000000816502,TENIS MOLEKINHO 262312113958 98416 Off White LEGADO,99.99,16
000000814669,IATE RAYON SINT R1700 37A44 MASC Preto LEGADO,79.99,16
000000815062,TENIS MODA LEVE ML02 34A40 FEM Sortida LEGADO,59.99,16
000000815079,TENIS MODA LEVE ML01 34A40 FEM Sortida LEGADO,59.99,16
000000815086,TENIS MODA LEVE 700 34A40 FEM Sortida LEGADO,59.99,16
000000429696,CHINELO GRENDENE 11073 RIDR MASC LEGADO ZZ,9.99,16
000000130165,MASCULINO CHUTEIRA MAXSHOP LEGADO LEGADO,4.99,16
000000205870,MASCULINO SAPATO MAXSHOP LEGADO LEGADO,4.99,16
000000278027,MASCULINO SAPATO MAXSHOP LEGADO LEGADO,4.99,16
000000223355,FEMININO BOTA MAXSHOP LEGADO LEGADO,7.99,16
000000259620,MASCULINO CHINELO MAXSHOP LEGADO LEGADO,7.99,16
000000248754,SANDALIA IPANEMA 25274 FEM,4.99,16
000000110181,MASCULINO SAPATO MAXSHOP LEGADO LEGADO,4.99,16
000000192491,MASCULINO CHINELO MAXSHOP LEGADO LEGADO,4.99,16
000000224314,INFANTIL MASC TENIS MAXSHOP LEGADO LEGADO,4.99,16
000000354172,SAPATO D MARIO CURVIM 026 MASC,4.99,16
000000462174,CHINELO GRENDENE 11231 CAT CATAGENA,4.99,16
000000463430,CHINELO IPANEMA 11392 STRIKE NBA MA,4.99,16
000000490689,TENIS RESERVA RB0013 SOLA BRANCA MA,4.99,16
000000490702,TENIS RESERVA RB0012 YAHTCH MASC AD,4.99,16
000000390637,RASTEIRINHA TALLITA DIAS DIVERSAS,4.99,16
000000523011,TENIS RED SUN 2896311 FEM ADULTO,4.99,16
000000466134,TENIS BOX 200 1731 MASC 34A43,4.99,16
000000513630,SANDALIA CROMIC 2643 ANABELA BAIXA,4.99,16
000000405690,CHINELO RIDER 11073 STRIKE PLUS AD,4.99,16
000000462143,CHINELO RIDER 11441 BARCELONA FC AD,4.99,16
000000512503,CHINELO GRENDENE 11450 CATA CORVETT,4.99,16
000000557283,SAPATO MOONCITY 87074 37A43 MARROM,9.99,16
000000475334,SAPATO VIA VINE VERNIS MASC ADULTO,9.99,16
000000536837,BOTA ANJU 7569 7910 7940 AD FEM,9.99,16
000000539104,CHINELO CARTAGO 11527 MASC MALI,9.99,16
000000539173,CHINELO CARTAGO 11525 MASC AD TUNES,9.99,16
000000546409,TENIS LOGUS 19880P 34A39 FEM,9.99,16
000000549448,CHINELO HAVAIANAS SLIM GOT FEM AD,9.99,16
000000549455,CHINELO HAVAIANAS SLIM HARRY P F AD,9.99,16
000000557221,SAPATO MOONCITY 87073 37A43 PRETO M,9.99,16
000000548014,TENIS LYND DIVERSOS 36A44 MASC LEGADO ZZ,9.99,16
000000549394,CHINELO HAVAIANAS DISNEY FEM AD LEGADO ZZ,7.99,16
000000549417,CHINELO HAVAIANAS SLIM DISNEY F AD LEGADO ZZ,4.99,16
000000549462,CHINELO HAVAIANAS SLIM NAUTICAL FEM LEGADO ZZ,7.99,16
000000545785,TENIS STAR CHIC DIV 19A26 BB MASC,9.99,16
000000405669,CHINELO GRENDENE 11060 MORMAI TROPI,4.99,16
000000536806,MULE ANJU 5004 AD FEM FECHADO,7.99,16
000000543293,SANDALIA GRENDHA 17891 IVETE AD FEM,4.99,16
000000545761,TENIS STAR CHIC DIV 27A34 INF MASC,4.99,16
000000549431,CHINELO HAVAIANAS SLIM FLORAL F AD,4.99,16
000000545860,RASTEIRINHA ANJU R2294 34A40 LEGADO ZZ,4.99,16
000000549547,CHINELO HAVAIANAS NAUTICA MASC AD LEGADO ZZ,4.99,16
000000356817,CHINELO AVANGER 26160 CAPTAO AMERIC,4.99,16
000000365147,CHINELO GRENDENE 11022 CATARGO MAIO,4.99,16
000000365222,CHINELO IPANEMA 25511 MORANG BEBE,4.99,16
000000389754,BOTA VIA VINE CURVIM CANO CURTO FE,4.99,16
000000390491,CHINELO RIDER 10718 R1 PLAY KIDS JU,4.99,16
000000462181,CHINELO RIDER 11228 R1 ULTRA AD MAS,4.99,16
000000526111,CHINELO GRENDHA 17971 CACAU AD. FEM,4.99,16
000000526128,SANDALIA DISNEY 22137 MINNIE CUTE F,4.99,16
000000527811,SAPATINHO BABY G DIV.PLUSH 1A5 MASC,4.99,16
000000537094,TENIS ANJU DIVERSOS 34A39 FEM,4.99,16
000000538466,TENIS KRISLE K1630 K1625 MASC 20A29,4.99,16
000000543224,CHINELO IPANEMA 26402 CLUB ANITINHA,4.99,16
000000543316,CHINELO IPANEMA 26287 WAVE ART AD F,4.99,16
000000545853,SAPATILHA ANJU DIV 27A33 INF FEM,4.99,16
000000545884,SAPATILHA FLORATA SP66 278 512 AD F,4.99,16
000000547710,CHINELO IPAN 26358 BUBU CORUJ BABY,4.99,16
000000549424,CHINELO HAVAIANAS SLIM FEM AD,4.99,16
000000390330,CHINELO AVENGERS 26160 HULK INF LEGADO ZZ,4.99,16
000000556118,SANDALIA DISNEY 22137 MICKEY CUTE F LEGADO ZZ,4.99,16
000000336611,CHINELO IPANEMA 26102 G PINTADI BEB,4.99,16
000000524797,CHINELO IPANEMA 26267 NATURE AD.FEM,4.99,16
000000524834,RASTEIRINHA GRENDHA 17648 SOL FEM,4.99,16
000000547727,CHINELO IPANEMA 26363 SOUL INF FEM,4.99,16
000000584609,SAPATENIS VELLUTI DIV 37A44 MASC,24.99,16
000000546447,SAPATENIS STIR DIVERSOS 37A44 MASC,14.99,16
000000568968,TENIS RED TEEN SINT DIV 34A39 FEM,14.99,16
000000584593,TENIS AMAIA DIVERSOS 34A40 FEM,14.99,16
000000584623,TENIS PLUMAX 1005 34A40 UNISSEX,14.99,16
000000584647,FLAT LEYCE 6338 34A40 FEM,14.99,16
000000570732,CHINELO CARTAGO 11600 BERLIM AD MAS,14.99,16
000000429702,CHINELO GRENDENE 11081 CATARGO SIEN,9.99,16
000000513654,SANDALIA CROMIC 2502 2504 ANAB ALTA,9.99,16
000000545839,TENIS KRISLE DIV 20A29 MASC,9.99,16
000000546393,TAMANCO ANJU DIV 34A39 SALTO,9.99,16
000000557238,SAPATO MOONCITY 87074 37A43 PRETO M,9.99,16
000000568975,TENIS AZK SINT DIV 28A35 MASC,9.99,16
000000569071,TENIS KRISLE K3060 3035 3055 20A29F,9.99,16
000000569200,TENIS BOX 200 SINT BX2023 36A43 MAS,9.99,16
000000584524,SAPATENIS VIA VINE CURVIN 1000 37A4,9.99,16
000000584531,SAPATENIS VIA VINE CURVIN 1002 37A4,9.99,16
000000584579,TENIS FIOCCO Z9314 30A35 FEM,9.99,16
000000584616,TENIS PLUMAX DIV 34A40 UNISSEX,9.99,16
000000584654,TENIS MY ZON DIV 20A27 MASC,9.99,16
000000587150,TAMANCO ANJU VERNIZ 9020 34A40 SALT,9.99,16
000000587204,FLAT LEYCE 6303 34A40 FEM,9.99,16
000000545822,TENIS KRISLE DIV 20A29 FEM,9.99,16
000000569064,TENIS ANJU NAPA Y210 34A39 FEM,9.99,16
000000389761,BOTA VIA VINE CURVIM CANO LONGO FEM,9.99,16
000000446396,CHINELO RIDER 11315 R LINE PLUS AD LEGADO ZZ,9.99,16
000000538428,TENIS BOX 200 SINT DIV AD MASC LEGADO ZZ,9.99,16
000000539142,CHINELO CARTAGO 11513 MASC AD MADRI LEGADO ZZ,9.99,16
000000549486,CHINELO HAVAIANAS SLIM PAISAGEM F A LEGADO ZZ,9.99,16
000000405683,CHINELO RIDER 10719 ENERGY AD MASC,9.99,16
000000466172,TENIS BOX 200 DIV 28A35 MASC,9.99,16
000000526142,SANDALIA GRENDHA 17802 CACAU AD.FEM,9.99,16
000000536783,SAPATILHA ANJU DIV AD FEM,9.99,16
000000538411,TENIS RAYON SINT 1809 FUTSAL 28A36,9.99,16
000000538442,TENIS KRISLE DIVERSOS FEM 20A29,9.99,16
000000545778,TENIS STAR CHIC DIV 19A26 BB FEM,9.99,16
000000545792,SANDALIA SQUIZZ DIV 34A40 RASTEIRA,9.99,16
000000546386,SANDALIA ANJU DIV 34A39 SALTO,9.99,16
000000569040,SAPATILHA ANJU SINT 1752 1806 34A40,9.99,16
000000585019,CHINELO APUANA PVC 3031 AD MASC,9.99,16
000000585026,CHINELO APUANA PVC 3030 AD MASC,9.99,16
000000549387,SAPATENIS SAFILLO DIV 37A44 MASC,9.99,16
000000570657,CHINELO IPANEMA 26454 TATOO AD FEM,4.99,16
000000536820,SANDALIA ANJU DIV AD FEM ANABELA,4.99,16
000000390477,CHINELO RIDER 11552 R LINE JUV MASC LEGADO ZZ,4.99,16
000000466103,BOTA RAYON SINT 550 CASUAL 37A44 MA LEGADO ZZ,4.99,16
000000538404,SAPATENIS RAYON SINT 765 745 AD LEGADO ZZ,4.99,16
000000545754,TENIS STAR CHIC DIV 27A34 INF FEM LEGADO ZZ,4.99,16
000000349543,CHINELO IPANEMA 25662 DECK AD MASC,4.99,16
000000429726,CHINELO GRENDENE 11367 CATARGO MALI,4.99,16
000000446624,CHINELO IPANEMA 26085 LOLITA POPS F,4.99,16
000000466233,SANDALIA VIA TEEN 115 205 INF FEM,4.99,16
000000468787,RASTEIRINHA D CABRI DIVERSAS 34A40,4.99,16
000000499378,SAPATILHA ADDAN SINT 1156 FEM AD,4.99,16
000000515139,SANDALIA SQUIZZ 1010 RASTEIRA 34A39,4.99,16
000000523202,SANDALIA SQUIZZ 1038 34A39,4.99,16
000000543330,CHINELO IPANEMA 26422 FEELINGS AD F,4.99,16
000000545891,SAPATILHA FLORATA SP492 510 118 AD,4.99,16
000000570664,CHINELO IPANEMA 26426 NATURAL AD FE,4.99,16
000000570671,SANDALIA GRENDHA 18032 CACAU AD FEM,4.99,16
000000583305,CHINELO GRENDHA 18127 CACAU AD FEM,4.99,16
000000583367,SANDALIA GRENDHA 17864 CACAU AD FEM,4.99,16
000000583374,SANDALIA GRENDHA 18130 CACAU AD FEM,4.99,16
000000584920,TAMANCO KOAMA PVC 10000 AD ANABELLA,4.99,16
000000584937,TAMANCO KOAMA PVC 6702 AD,4.99,16
000000584944,TAMANCO KOAMA PVC 6700 AD,4.99,16
000000584951,SANDALIA KOAMA PVC 6703 AD FEM,4.99,16
000000584968,SANDALIA KOAMA PVC 2506 AD FEM,4.99,16
000000585002,CHINELO APUANA PVC 6003 AD MASC,4.99,16
000000585064,PAPETE APUANA PVC 3114 INF,4.99,16
000000585071,PAPETE APUANA PVC 21000 INF,4.99,16
000000587181,SAPATILHA ANJU VIA VENUS DIV FEM AD,4.99,16
000000588966,TAMANCO FLORATA EVA TA02 AD,4.99,16
000000336567,CHINELO AVANGER 26160 H DE FERRO IN LEGADO ZZ,4.99,16
000000466240,TENIS KRISLE K1430-1435-1445 20A29M LEGADO ZZ,4.99,16
000000479073,CHINELO GRENDENE 11132 R STRAKE INF LEGADO ZZ,4.99,16
000000511117,CHINELO RIDER 11385 JAM DEDO AD LEGADO ZZ,4.99,16
000000524865,CHINELO IPAN.26306 AUTHENTIC GAMES LEGADO ZZ,4.99,16
000000543323,CHINELO IPAN 26357 BUBU CORUJ INF M LEGADO ZZ,4.99,16
000000616157,BOTA CASUAL VISUN 8000 37A44 MASC,29.99,16
000000617093,TENIS GIBIZINHO G321 G230 28A35 FEM,29.99,16
000000616126,TENIS FUTSAL PLUMAX 100 37A43 MASC,19.99,16
000000616164,SAPATENIS VELLUTI DIV 37A44 M 2021,19.99,16
000000616188,TENIS SKATE ADDAN DIV 37A44 MASC,19.99,16
000000616201,FLAT FORM SQUIZZ 1234CF 34A40 FEM,19.99,16
000000616980,IATE RAYON SINT R958 37A44 MAS 2021,19.99,16
000000616102,IATE CASUAL PLUMAX 4012 37A43 MASC,19.99,16
000000616119,TENIS CASUAL PLUMAX 7014 37A43 MASC,19.99,16
000000616133,TENIS FUTSAL PLUMAX 130 28A32 MASC,19.99,16
000000616140,TENIS FUTSAL PLUMAX 10 33A36 MASC,19.99,16
000000617000,TENIS IATE MIZZANI SINT 311 34A43,19.99,16
000000617062,TENIS BB GIBIZINHO B88 20A27 MASC,19.99,16
000000617079,TENIS BB GIBIZINHO B69 20A27 FEM,19.99,16
000000619493,CHINELO CARTAGO 11849 MASC ATENAS,19.99,16
000000616997,SAPATENIS POLO ENERGY SINT DIV 2021,19.99,16
000000617802,TENIS BOX 200 DIV 36A43 2021 MASC,19.99,16
000000617819,TENIS BOX 200 DIV 34A40 2021 FEM,19.99,16
000000617826,TENIS BOX 200 DIV 28A35 2021 MASC,19.99,16
000000617833,TENIS BOX 200 DIV 28A35 2021 FEM,19.99,16
000000584555,TENIS AVURA 607 34A40 FEM LEGADO ZZ,19.99,16
000000583381,CHINELO CARTAGO 11591 PORTO AD MASC,14.99,16
000000616195,SANDALIA SQUIZZ DIV 34A40 FEM,14.99,16
000000617109,SANDALIA RASTEIRA LORENA DIV 34A40,14.99,16
000000429719,CHINELO GRENDENE 10802 MORMAI NEOCY,14.99,16
000000617789,MULE ANJU NAPA DIV 34A40 2021,14.99,16
000000623049,CHINELO IPANEMA 26754 BARBIE GIRL LEGADO ZZ,9.99,16
000000622981,CHINELO IPANEMA 26710 BARBIE DAY LEGADO ZZ,9.99,16
000000557436,CHINELO RIDER 11585 STREET BOLD MAS,9.99,16
000000570725,CHINELO RIDER 11688 STORM AD MASC,9.99,16
000000619509,CHINELO IPANEMA 26806 MASC DECK PLU,9.99,16
000000622912,CHINELO IPANEMA 22682 NARUTO ANIME,9.99,16
000000622936,CHINELO IPAN 26774 AUTENTIC GAMES,9.99,16
000000622967,CHINELO IPANEMA 26836 PETS POP,9.99,16
000000622974,CHINELO IPANEMA 26661 ELLA PRINT,9.99,16
000000623032,CHINELO IPANEMA 26573 LOL SURPRISE LEGADO ZZ,9.99,16
000000462167,CHINELO RIDER 10594 R1 MASC ADULTO,4.99,16
000000462877,SANDALIA RIDER 11184 R1 BABY MASC,4.99,16
000000622899,CHINELO IPAN 26734 CHAVES CHAPOLIN,4.99,16
000000319201,CHINELO MIKALCE MASCULINO,4.99,16
000000657495,SAPATENIS MEIA VELLUTI 111 AD 2022,59.99,16
000000657471,SAPATENIS VELLUTI DIV 37A43 M 2022,59.99,16
000000658331,TENIS FLORENCE DIV 34A39 AD 2022 FE,49.99,16
000000657396,SAPATENIS RAYON SINT R967 AD M 2022,39.99,16
000000658287,SAPATO SANTWEST SINT MASC SOCIAL,39.99,16
000000658355,SAPATENIS BATATINHA DIV INF 2022 MA,39.99,16
000000658379,IATE BATATINHA 1460 DIV INF 2022 FE,39.99,16
000000663397,TENIS ONITY SINT DIV AD FEM 2022,39.99,16
000000657419,IATE RAYON SINT R969 37A44 2022,29.99,16
000000657426,TENIS BOX 200 DIV 36A43 2022 MASC,29.99,16
000000657433,TENIS BOX 200 DIV 36A43 2022 FEM,29.99,16
000000657440,TENIS BOX 200 DIV 28A34 2022 MASC,29.99,16
000000657457,TENIS BOX 200 DIV 28A34 2022 FEM,29.99,16
000000657778,SANDALIA ADAN SINT 9134 AD 2022 SAL,24.99,16
000000657822,TAMANCO ADDAN SINT 9154 AD 2022 BAI,24.99,16
000000657761,SANDALIA ADDAN SINT 5188 34A40 2022,24.99,16
000000663038,CHINELO RIDER 11804 WAY DEDO AD MAS LEGADO ZZ,19.99,16
000000643450,CHINELO CARTAGO 11835 GALES MASC,19.99,16
000000643481,CHINELO RIDER 12000 STRIKE ART MASC,14.99,16
000000539159,CHINELO RIDER 11526 MASC R LINE II,14.99,16
000000643429,CHINELO RIDER 11576 STREET OLE MASC,14.99,16
000000662246,CHINELO IPANEMA 26977 SOLAR PRINT F,9.99,16
000000641593,CHINELO MAX BORRACHA AD FEM SOFT,4.99,16
000000702102,TENIS OLYMPIKUS 43575196 34A44 CHAL,149.99,16
000000702157,TENIS OLYMPIKUS 43524237 34A44 SOMA,99.99,16
000000702218,TENIS OLYMPIKUS 43359278 33A44 ESTI,129.99,16
000000702140,TENIS OLYMPIKUS 43594214 34A44 TRIU,99.99,16
000000702164,TENIS OLYMPIKUS 43434168 34A44 ZEX,99.99,16
000000702195,TENIS OLYMPIKUS 43767256 34A41 ALFA,99.99,16
000000706056,TENIS REPLAY RP1560 38A43 MASC,79.99,16
000000704793,PAPETE VIZZANO 645911024698 71970,69.99,16
000000704786,PAPETE VIZZANO 645931824698 89092,69.99,16
000000704816,SANDALIA VIZZANO 64991037286 93136,69.99,16
000000705608,TENIS BEIRA RIO 42324119569 93841,69.99,16
000000682398,PAPETE ADDAN SINT 5350 34A40 2023 F,59.99,16
000000703253,TENIS MOLEKINHO 283123125799 62700,59.99,16
000000706032,TENIS REPLAY RP1790 38A43 MASC,59.99,16
000000706070,TENIS REPLAY RP1620 34A40 FEM,69.99,16
000000706087,TENIS REPLAY RP1520 34A40 FEM,49.99,16
000000680448,TENIS ONITY L137 37A44 2023 MASC LEGADO ZZ,49.99,16
000000680929,SAPATENIS STIR SPA03 37A44 2023,59.99,16
000000680394,TENIS BATATINHA 1185 28A37 2023 MAS,49.99,16
000000680400,TENIS BATATINHA 1181 28A37 2023 MAS,49.99,16
000000680912,SAPATENIS STIR SMA05 37A44 2023,59.99,16
000000680950,MOCASSIM MARINUS 002 37A43 2023,59.99,16
000000702263,PAPETE MOLECA 546911826688 93878,49.99,16
000000702560,TENIS MOLECA 57501137800 91180,59.99,16
000000703017,CHINELO MODARE 715111525490 15745,59.99,16
000000703024,CHINELO MODARE 715111625512 66,59.99,16
000000703130,TENIS MODARE 732021718345 15745,59.99,16
000000703147,TENIS MODARE 732026318588 61877,59.99,16
000000703154,SAPATILHA MODARE 701646121736 15745,59.99,16
000000703161,SAPATILHA MODARE 701649921736 89673,59.99,16
000000703178,SAPATO MODARE 735710021736 15745,59.99,16
000000703239,TENIS MOLEKINHO 285010926203 94691,59.99,16
000000704441,TENIS MOLEKINHA 256510426418 93353,59.99,16
000000704687,SLIP VIZZANO 14191047286 15745,59.99,16
000000704700,SAPATO VIZZANO 11857027286 29452,59.99,16
000000704724,CHINELO VIZZANO 6235118924448 85951,49.99,16
000000704748,SANDALIA VIZZANO 626210017286 83517,59.99,16
000000704755,SANDALIA VIZZANO 626247426594 66,59.99,16
000000705509,SAND BEIRA RIO 851310026756 93865,49.99,16
000000705516,SAND BEIRA RIO 851310026756 93929,49.99,16
000000705547,SAND BEIRA RIO 845530726584 19026,59.99,16
000000705561,PAPETE BEIRA RIO 848810826530 93189,59.99,16
000000705578,PAPETE BEIRA RIO 848810526530 93042,49.99,16
000000705592,TENIS BEIRA RIO 42324099569 15745,59.99,16
000000705622,SAPATO BEIRA RIO 42831059569 15758,59.99,16
000000705639,SAPATO BEIRA RIO 42831059569 35809,59.99,16
000000706025,TENIS REPLAY RP300 38A43 MASC,59.99,16
000000702249,PAPETE MOLECA 546911817591 32534 LEGADO LEGADO,59.99,16
000000703185,SAPATO MODARE 735710621736 83517 LEGADO LEGADO,59.99,16
000000682466,BOTA ADDAN SINT 8004 34A40 2023 FEM,49.99,16
000000680455,TENIS ONITY L131I 30A35 2023 MASC,39.99,16
000000680936,SAPATENIS STIR SMT10 37A44 2023,49.99,16
000000702270,SANDALIA MOLECA 546912625231 92967,49.99,16
000000702287,SANDALIA MOLECA 546912425648 93297,49.99,16
000000702355,SANDALIA MOLECA 547511223836 92152,49.99,16
000000702447,SANDALIA MOLECA 54901059569 52531,49.99,16
000000702485,TENIS MOLECA 566732218923 92835,49.99,16
000000702492,TENIS MOLECA 574020118923 15745,49.99,16
000000702546,TENIS MOLECA 571220515216 16072,49.99,16
000000703000,CHINELO MODARE 714210126405 91345,49.99,16
000000703055,CHINELO MODARE 713214115965 15745,49.99,16
000000703062,CHINELO MODARE 713213826543 15745,49.99,16
000000703093,SANDALIA MODARE 712523326498 93832,49.99,16
000000703116,SANDALIA MODARE 714112021736 15745,49.99,16
000000703123,SANDALIA MODARE 714112021736 83517,49.99,16
000000703192,TENIS MOLEKINHO 280166022666 35108,49.99,16
000000703208,TENIS MOLEKINHO 283110420978 15860,49.99,16
000000703215,TENIS MOLEKINHO 285010725365 15745,49.99,16
000000703260,TENIS MOLEKINHO 283820626876 17689,49.99,16
000000703277,TENIS MOLEKINHO 283820626876 35108,49.99,16
000000703307,TENIS MOLEKINHO 263210026455 15745,49.99,16
000000704465,TENIS MOLEKINHA 252433326499 78276,49.99,16
000000704564,SAND MOLEKINHA 230372026701 95125,49.99,16
000000704595,SAND MOLEKINHA 23441249569 35312,49.99,16
000000704717,CHINELO VIZZANO 6235118924448 71970,49.99,16
000000705394,SAND BEIRA RIO 85041029569 35312,49.99,16
000000705417,SAND BEIRA RIO 85041069569 15745,49.99,16
000000705493,SAND BEIRA RIO 843121526639 93899,49.99,16
000000705554,PAPETE BEIRA RIO 832116009569 35312,49.99,16
000000705615,TAMANC BEIRA RIO 845530522926 70162,49.99,16
000000706179,TENIS MINI PE MP2337 22A33 FEM LUZ,49.99,16
000000706193,TENIS MINI PE MP2327 22A33 MASC LUZ,49.99,16
000000706209,TENIS MINI PE MP2307 22A33 MASC LUZ,49.99,16
000000702430,SANDALIA MOLECA 54901059569 15745,49.99,16
000000704588,SAND MOLEKINHA 234412216272 94538,39.99,16
000000646246,TENIS WESTLINE CAMURCA 3035 AD JOGG,39.99,16
000000680561,TENIS BOX200 BX2343 34A43 2023 MASC,39.99,16
000000702294,SANDALIA MOLECA 546211126545 93961,39.99,16
000000702416,CHINELO MOLECA 529745614710 23146,39.99,16
000000702423,CHINELO MOLECA 52974469569 35312,39.99,16
000000702478,TENIS MOLECA 56673027800 16072,39.99,16
000000702508,TENIS MOLECA 574020118923 93371,39.99,16
000000702577,TENIS MOLECA 575010311058 15745,39.99,16
000000703048,CHINELO MODARE 717810926759 15745,39.99,16
000000703291,TENIS MOLEKINHO 213364920528 35108,39.99,16
000000704458,TENIS MOLEKINHA 252433118923 15745,39.99,16
000000706384,TENIS VIA VIP VV8502 28A36 UNISSEX,39.99,16
000000706391,TENIS VIA VIP VV3806 28A36 UNISSEX,39.99,16
000000706414,TENIS VIA VIP VV9500 28A36 UNISSEX,39.99,16
000000436847,CHINELO GREND 11358 12229 CATAR MAL,29.99,16
000000659017,MOCASSIM MARINUS 50-70 AD MAS 2023,29.99,16
000000680462,TENIS BOX200 BX2341 34A43 2023 MASC,29.99,16
000000680493,TENIS BOX200 BX2301 34A43 2023 MASC,29.99,16
000000680554,TENIS BOX200 BX2324 34A43 2023 MASC,29.99,16
000000680592,TENIS BOX200 BK1750 28A33 2023 MASC,29.99,16
000000680769,SAPATENIS POLO ENERGY 3307 AD 2023,29.99,16
000000680943,MOCASSIM MARINUS 60 37A43 2023,29.99,16
000000684354,BOTA ART KAL SINT 9350 AD FEM,29.99,16
000000684361,IATE ART KAL LONA 1000 AD FEM,29.99,16
000000684378,TENIS ART KAL LONA 5010 AD FEM,29.99,16
000000684385,TENIS SANDALIA ART KAL LONA 3000 AD,29.99,16
000000702300,SANDALIA MOLECA 546211126369 56251,29.99,16
000000702454,CHINELO MOLECA 549010013488 15745,29.99,16
000000703338,SAND MOLEKINHO 213513713958 48282,29.99,16
000000704526,SAND MOLEKINHA 231225816223 93946,29.99,16
000000705660,SAPATO MOLEKINHA 2502.394 PRETO,29.99,16
000000706100,SANDALIA SQUIZZ 1241NVO 34A40,29.99,16
000000706124,SANDALIA SQUIZZ 1104CFT 34A40,29.99,16
000000706131,SANDALIA SQUIZZ 1522LZP5 34A40,29.99,16
000000706148,SANDALIA SQUIZZ 1481LZ5 34A40,29.99,16
000000707299,TENIS BOX200 BX2351 37A43 2023 MASC,29.99,16
000000583398,CHINELO CARTAGO 11871 EGEU AD MASC,24.99,16
000000680578,TENIS BOX200 BK1801 28A33 2023 MASC,24.99,16
000000702614,SLIP MOLECA 528721011505 46194,24.99,16
000000702621,SAPATILHA MOLECA 572611526533 15745,24.99,16
000000702645,SAPATILHA MOLECA 572611526533 52531,24.99,16
000000702669,SAPATILHA MOLECA 572711525282 15745,24.99,16
000000702676,SAPATILHA MOLECA 572711523021 52531,24.99,16
000000702683,SAPATILHA MOLECA 572710323021 15745,24.99,16
000000702690,SAPATILHA MOLECA 572710323021 35312,24.99,16
000000704373,SAPATO MOLEKINHA 250239415561 78276,24.99,16
000000705455,SAND BEIRA RIO 843120725025 15760,24.99,16
000000707022,TENIS BOX200 BK1803 28A33 2023 FEM,24.99,16
000000707039,TENIS BOX200 BK1803 28A33 2023 MASC,24.99,16
000000703352,SAND MOLEKINHO 213565826440 91071 LEGADO LEGADO,24.99,16
000000259637,CHINELO GRENDENE 11020 CATARGO FIGI,19.99,16
000000570749,CHINELO MORMAI 11538 TROP PRO II AD,19.99,16
000000715928,CHINELO CARTAGO 11840 ATLANTA DEDO,19.99,16
000000616973,SAPATENIS RAYON SINT DIV 37A44 2021,19.99,16
000000617796,TAMANCO ANJU NAPA DIV 34A40 2021 SA,19.99,16
000000662215,CHINELO IPANEMA 26981 SOLAR+ AD FEM,14.99,16
000000434959,CHINELO GRENDENE 12120 RIDER STRIKE,14.99,16
000000622905,CHINELO IPANEMA 26958 26792 SONIC,14.99,16
000000446457,CHINELO IPANEMA 25479 TEMAS INF MAS LEGADO ZZ,9.99,16
000000365215,CHINELO IPANEMA 25510 MORANGUINHO,9.99,16
000000583329,CHINELO IPANEMA 26463 ONLY AD FEM,9.99,16
000000583343,CHINELO IPAN 26468 ELO PRINT AD FEM,9.99,16
000000584661,TENIS MY ZON DIV 20A27 FEM,9.99,16
000000587143,SANDALIA ANJU NAPA 5086 34A40 RASTE,9.99,16
000000587167,MULE ANJU NAPA 1892 34A40 RASTEIRA,9.99,16
000000617765,SAPATILHA ANJU NAPA DIV 34A40 2021,9.99,16
000000662291,SANDALIA GRENDHA 18600 CACAU PREC F,9.99,16
000000662307,SANDALIA GRENDHA 18505 CACAU HARM F,9.99,16
000000682923,CHINELO IPANEMA 27006 CONNECT FEM A,9.99,16
000000682930,CHINELO IPANEMA 26990 SOLAR MAIS FE,9.99,16
000000684248,SANDALIA ARMANELLI INF FEM,9.99,16
000000466165,TENIS BOX 200 DIV 28A35 FEM,9.99,16
000000505116,TENIS KRISLE KP1495 1500 INF MASC,9.99,16
000000584562,SANDALIA ANJU DIV 27A33 FEM,9.99,16
000000587129,SAPATILHA ANJU NAPA DIV 34A40 2020,9.99,16
000000678773,SANDALIA ARMANELLI AD FEM,9.99,16
000000716284,CHINELO TROPICAL 1022 23 24 26 AD M,9.99,16
000000716314,CHINELO TROPICAL 2058 59 60 AD FEM,9.99,16
000000356800,CHINELO IPANEMA 26376 SEM IGUAL FEM,4.99,16
000000439183,CHINELO IPANEMA 25586 H ARANHA BABY,4.99,16
000000446631,CHINELO IPANEMA 26113 JARDINSII FEM,4.99,16
000000446648,CHINELO IPANEMA 26026 TRENDY FEM,4.99,16
000000466097,SAPATENIS RAYON SINT DIV INF 28A36M,4.99,16
000000504584,SAPATILHA VIA VENUS DIVERSAS FEM AD,4.99,16
000000513623,RASTEIRINHA ANJU DIVERSAS ADULTO,4.99,16
000000515108,TAMANCO SQUIZZ 1027 RASTEIRA 34A39,4.99,16
000000524841,CHINELO GRENDHA 17778 TRIBAL AD.FEM,4.99,16
000000543309,CHINELO GRENDHA 17987 IVETE AD FEM,4.99,16
000000583299,CHINELO IPANEMA 26525 COLORFUL AD F,4.99,16
000000584975,RASTEIRINHA KOAMA PVC 1722 AD,4.99,16
000000584982,RASTEIRINHA KOAMA PVC 9001 AD,4.99,16
000000584999,CHINELO APUANA PVC 19003 AD MASC,4.99,16
000000585033,CHINELO APUANA PVC 3026 AD MASC,4.99,16
000000466011,SANDALIA ADDAN SINTETICO DIV FEM,4.99,16
000000536790,MULE ANJU DIVERSOS AD FEM ABERTO,4.99,16
000000731447,BOTA VIZZANO 307010823580 15745,149.99,16
000000731843,BOTA BEIRA RIO 907610218462 15745,129.99,16
000000731430,BOTA VIZZANO 310110123580 35312,129.99,16
000000731539,TENIS VIZZANO 138911616507 73207,129.99,16
000000702089,TENIS OLYMPIKUS 43533261 34A44 VOA2,149.99,16
000000731553,TENIS VIZZANO 133933227839 97231,99.99,16
000000729550,TENIS ACTVITTA 493010228043 16143,99.99,16
000000729567,TENIS ACTVITTA 493010228043 97573,99.99,16
000000729574,TENIS ACTVITTA 493010328037 90920,99.99,16
000000729581,TENIS ACTVITTA 493010328037 16072,99.99,16
000000729598,TENIS ACTVITTA 492720227681 83802,99.99,16
000000729604,TENIS ACTVITTA 483920227668 96865,99.99,16
000000729611,TENIS ACTVITTA 483920127686 96887,99.99,16
000000731577,TENIS VIZZANO 142910318533 47626,99.99,16
000000731744,TENIS VIZZANO 13891017286 16072,79.99,16
000000730334,BOTA MOLECA 533810723654 15745,99.99,16
000000730686,TAMANCO MODARE 718710227788 97076,89.99,16
000000702171,TENIS OLYMPIKUS 43611218 34A44 INDE,99.99,16
000000704670,TENIS VIZZANO 14192027286 93531,99.99,16
000000731584,PAPETE VIZZANO 645911024698 93225,79.99,16
000000731805,TENIS BEIRA RIO 43161049569 16072,79.99,16
000000731874,SANDALIA BEIR RIO 83792219569 96443,69.99,16
000000731881,SANDALIA B.RIO 837923726559 93929,79.99,16
000000731898,SANDALIA B.RIO 837923726559 93898,79.99,16
000000731904,PAPETE BEIRA RIO 848810826530 93042,69.99,16
000000678124,BOTA ADVENTURE SINT DIV 37A43 M GAN,99.99,16
000000704809,SANDALIA VIZZANO 64991037286 79854,89.99,16
000000729512,TENIS MOLEKINHO 285410626877 94806,89.99,16
000000729635,TENIS ACTVITTA 483610627890 94228,99.99,16
000000702201,TENIS OLYMPIKUS 43784228 34A41 NYX,99.99,16
000000702232,TENIS OLYMPIKUS 43617226 34A41 ANGE,99.99,16
000000731454,PAPETE VIZZANO 645911824698 91004,79.99,16
000000731461,PAPETE VIZZANO 645911824698 91295,79.99,16
000000731478,PAPETE VIZZANO 645911824698 92760,79.99,16
000000731485,PAPETE VIZZANO 64591227286 15787,69.99,16
000000731492,PAPETE VIZZANO 64591227286 63619,69.99,16
000000731508,SANDALIA VIZZANO 645912327126 95589,79.99,16
000000731560,TENIS VIZZANO 14291017286 16072,79.99,16
000000731591,PAPETE VIZZANO 64591128008 56251,79.99,16
000000731911,PAPETE BEIRA RIO 848810827332 96117,69.99,16
000000732192,TENIS MOLEKINHA 257710127974 97443,79.99,16
000000730693,TENIS MODARE 736310522587 16072,79.99,16
000000706049,TENIS REPLAY RP1570 38A43 MASC,79.99,16
000000729529,BOTA MOLEKINHO 281711118110 15745,79.99,16
000000729536,BOTA MOLEKINHO 262211027463 90400,79.99,16
000000730228,SANDALIA MOLECA 549610227693 96843,69.99,16
000000730235,SANDALIA MOLECA 549610627694 96853,69.99,16
000000730563,SANDALIA MODARE 718710027520 94021,79.99,16
000000730600,SANDALIA MODARE 714114421736 92750,69.99,16
000000730716,SAPATO MODARE 703564627033 35312,79.99,16
000000731515,SANDALIA VIZZANO 645912327126 95590,79.99,16
000000731836,TENIS BEIRA RIO 42801359569 16072,79.99,16
000000732383,BOTA MOLEKINHA 216413427448 95672,79.99,16
000000730075,PAPETE MOLECA 549011227690 88882,69.99,16
000000730082,PAPETE MOLECA 549011227690 91004,69.99,16
000000730617,SANDALIA MODARE 714114421736 97631,69.99,16
000000730679,CHINELO MODARE 718310027491 96465,69.99,16
000000678117,BOTA ADVENTURE SINT DIV 37A43 MASC,79.99,16
000000730112,PAPETE MOLECA 5413112627642 96839,59.99,16
000000730181,SANDALIA MOLECA 546912027548 96843,69.99,16
000000730549,SANDALIA MODARE 718310321736 89673,79.99,16
000000731867,SAPATO BEIRA RIO 47774009569 15745,69.99,16
000000731942,PAPETE BEIRA RIO 85231089569 15745,59.99,16
000000732291,PAPETE MOLEKINHA 235210727571 96657,59.99,16
000000732307,PAPETE MOLEKINHA 235210727571 94878,59.99,16
000000732314,PAPETE MOLEKINHA 235210726696 71970,59.99,16
000000732369,TENIS MOLEKINHA 211857825586 94706,69.99,16
000000682459,PAPETE ADDAN SINT 5316 34A40 2023 F,69.99,16
000000729437,TENIS MOLEKINHO 286410219881 88007,69.99,16
000000729451,TENIS MOLEKINHO 286310227612 96799,69.99,16
000000729468,TENIS MOLEKINHO 263410327460 66651,69.99,16
000000729475,TENIS MOLEKINHO 263120527080 96823,59.99,16
000000729505,TENIS MOLEKINHO 262311213958 96431,69.99,16
000000730044,PAPETE MOLECA 546912127163 96830,69.99,16
000000730099,PAPETE MOLECA 5413110027635 96830,59.99,16
000000730310,TENIS MOLECA 571232918962 17165,69.99,16
000000730327,TENIS MOLECA 571232918962 55156,69.99,16
000000730525,SANDALIA MODARE 712524126143 84578,69.99,16
000000730532,SANDALIA MODARE 713214427725 96956,69.99,16
000000702256,PAPETE MOLECA 546912125420 92440,59.99,16
000000703246,TENIS MOLEKINHO 283123125799 91421,69.99,16
000000730051,PAPETE MOLECA 546911827650 96833,59.99,16
000000730068,PAPETE MOLECA 546912125420 32529,59.99,16
000000730105,PAPETE MOLECA 5413112627643 96833,59.99,16
000000730167,SANDALIA MOLECA 549010427646 96842,59.99,16
000000730433,SANDALIA MODARE 714212421736 15745,69.99,16
000000730464,SANDALIA MODARE 715110221177 92273,69.99,16
000000730518,SANDALIA MODARE 712524126143 92423,69.99,16
000000730648,CHINELO MODARE 717810722195 15745,69.99,16
000000730655,CHINELO MODARE 717810722195 96513,69.99,16
000000730662,CHINELO MODARE 718310021736 15745,69.99,16
000000732260,SAND MOLEKINHA 234412925420 91897,59.99,16
000000732277,PAPETE MOLEKINHA 234412726466 71970,59.99,16
000000736282,SAPATENIS POLO ENERGY 3061 34A43 MA LEGADO ZZ,49.99,16
000000703031,CHINELO MODARE 717810722195 89673,59.99,16
000000730570,SANDALIA MODARE 712724727365 96152,59.99,16
000000658324,TENIS ONITY SINT DIV AD MASC 2023,59.99,16
000000680790,BOTA FOFIORI BP2352 34A40 2023 FEM,59.99,16
000000702362,SANDALIA MOLECA 547511223836 89783,59.99,16
000000703086,SANDALIA MODARE 715110221177 3,59.99,16
000000703222,TENIS MOLEKINHO 285010926203 90448,59.99,16
000000703314,TENIS MOLEKINHO 263210026455 33300,59.99,16
000000704434,TENIS MOLEKINHA 256510426418 78276,59.99,16
000000704663,TENIS VIZZANO 121410327286 17689,59.99,16
000000730204,SANDALIA MOLECA 546211126545 93958,49.99,16
000000730426,SANDALIA MODARE 714213328090 97539,59.99,16
000000730440,SANDALIA MODARE 714212421736 93945,59.99,16
000000730457,SANDALIA MODARE 715110221177 16808,59.99,16
000000730471,SANDALIA MODARE 715111926385 90664,59.99,16
000000730488,SANDALIA MODARE 715111927484 96460,59.99,16
000000730501,SANDALIA MODARE 712523327658 96858,59.99,16
000000732161,TENIS MOLEKINHA 250332120703 15745,49.99,16
000000732178,TENIS MOLEKINHA 250332120703 78276,49.99,16
000000732222,TENIS MOLEKINHA 256510014187 97616,59.99,16
000000732376,TENIS MOLEKINHA 27322019569 15745,59.99,16
000000730341,BOTA MOLECA 534510027060 15745,49.99,16
000000730358,BOTA MOLECA 534510027060 83508,49.99,16
000000680752,SAPATENIS POLO ENERGY 3256 34A43 MA,49.99,16
000000680783,SAPATENIS POLO ENERGY 3132 3231 AD,49.99,16
000000702324,PAPETE MOLECA 543640113251 15758,49.99,16
000000730129,PAPETE MOLECA 543640113251 24837,49.99,16
000000730150,SANDALIA MOLECA 549010427646 96845,49.99,16
000000730174,SANDALIA MOLECA 544313127887 32529,49.99,16
000000730419,RASTEIRA MOLECA 544313225648 97294,49.99,16
000000736275,SAPATENIS POLO ENERGY 3070 34A43 MA,49.99,16
000000744867,SAPATENIS BOX200 SINT SB14 34A43,39.99,16
000000744874,SAPATENIS BOX200 SINT SB15 34A43,39.99,16
000000744881,SAPATENIS BOX200 SINT SC10 34A43,39.99,16
000000744898,SAPATENIS BOX200 SINT SC11 34A43,39.99,16
000000689281,BOTINA WESTLINE COURO 3094 37A43 M,49.99,16
000000689311,SAPATILHA KIPASSO COURO 040 37A43 M,49.99,16
000000702348,PAPETE MOLECA 54364027800 15745,49.99,16
000000702553,TENIS MOLECA 571220515216 15745,49.99,16
000000702997,CHINELO MODARE 714210621793 61877,49.99,16
000000703079,SANDALIA MODARE 714212421736 93939,49.99,16
000000703109,SANDALIA MODARE 712523226379 15745,49.99,16
000000704519,SAND MOLEKINHA 231225311085 71970,49.99,16
000000705448,SAND BEIRA RIO 850410726557 93863,49.99,16
000000705479,SAND BEIRA RIO 8321164622181 15745,49.99,16
000000705486,SAND BEIRA RIO 832115369569 94163,49.99,16
000000706186,TENIS MINI PE MP2338 22A33 FEM LUZ,49.99,16
000000730136,PAPETE MOLECA 543640127054 35499,49.99,16
000000730198,SANDALIA MOLECA 544313127887 92440,49.99,16
000000730402,RASTEIRA MOLECA 544313225648 90079,49.99,16
000000730495,SANDALIA MODARE 712523327658 92096,49.99,16
000000736299,SAPATENIS POLO ENERGY 3246 26A33 IN,39.99,16
000000736305,SAPATENIS POLO ENERGY 3292 26A33 IN,39.99,16
000000736312,SAPATENIS POLO ENERGY 3256 26A33 IN,39.99,16
000000736367,TENIS STAR FLEX 1541 34A40 FEM,49.99,16
000000736374,TENIS STAR FLEX 1505 34A40 FEM,49.99,16
000000732284,PAPETE MOLEKINHA 234412727765 79663,49.99,16
000000766067,SANDALIA IPANEMA 22459 BARBIE DUO,39.99,16
000000646253,TENIS WESTLINE NOBUCK 101 AD ADVENT LEGADO ZZ,49.99,16
000000731737,SLIP MOLECA 528720310159 15745 LEGADO LEGADO,39.99,16
000000725927,BOTA DONA BEJA SINTET 002 AD FEM,39.99,16
000000622950,SANDALIA IPANEMA 22587 BARBIE ICE,39.99,16
000000682367,TAMANCO ADDAN SINT 9198 34A40 2023,39.99,16
000000736237,PAPETE FLAT SINT 1539 34A40 FEM,39.99,16
000000736244,SANDALIA FLAT SINT 1550 34A40 FEM,39.99,16
000000736251,SANDALIA FLAT SINT 1458 34A40 FEM,39.99,16
000000736268,PAPETE FLAT SINT 1530 34A40 FEM,39.99,16
000000739160,BOTA ART KAL SINT 9357J INF FEM,39.99,16
000000657402,SAPATENIS RAYON SINT DIV 37A44 2022,39.99,16
000000658348,IATE FLORENCE DIV 34A39 AD 2022 FEM,39.99,16
000000658362,IATE BATATINHA 1460 DIV INF 2022 MA,39.99,16
000000680509,TENIS BOX200 BX2301 34A40 2023 FEM,39.99,16
000000682374,SAPATO ADDAN SINT 18044 34A40 2023,39.99,16
000000702409,CHINELO MOLECA 52974247551 15745,39.99,16
000000702461,TENIS MOLECA 56673027800 15745,39.99,16
000000703284,TENIS MOLEKINHO 213364920528 17689,39.99,16
000000704410,TENIS MOLEKINHA 213162526656 78968,39.99,16
000000704427,TENIS MOLEKINHA 272310026295 89869,39.99,16
000000704472,TENIS MOLEKINHA 25245467800 16072,39.99,16
000000704489,SAND MOLEKINHA 211426726936 94037,39.99,16
000000704533,SAND MOLEKINHA 231225816223 71687,39.99,16
000000706377,TENIS VIA VIP VV9503 28A36 UNISSEX,39.99,16
000000707428,CHINELO CARTAGO 12285 COIMBRA AD MA,39.99,16
000000729413,SAND MOLEKINHO 213515313958 76941,39.99,16
000000729420,SAND MOLEKINHO 213513713958 63845,39.99,16
000000730273,SAPATILHA MOLEC 5635107025868 15745,39.99,16
000000730280,SAPATILHA MOLEC 5635107025868 52531,39.99,16
000000730297,SAPATILHA MOLECA 56358637800 15745,39.99,16
000000730303,TENIS MOLECA 529653027689 15745,39.99,16
000000736213,MOCASSIM ADDAN NAPA 18099 34A40 FEM,39.99,16
000000732246,CHIN MOLEKINHA 233810023153 78276,39.99,16
000000732253,CHIN MOLEKINHA 233810023153 81140,39.99,16
000000732338,SAPATI MOLEKINHA 250238725586 78276,39.99,16
000000730242,SAPATILHA MOLEC 5027140716936 15745,29.99,16
000000570695,CHINELO CARTAGO 11619 COIMBRA AD MA,29.99,16
000000619486,CHINELO CARTAGO 11591 MASC PARIS,29.99,16
000000680479,TENIS BOX200 BX2341 34A40 2023 FEM,29.99,16
000000702515,TENIS MOLECA 52965107800 15745,29.99,16
000000702522,TENIS MOLECA 52965107800 16072,29.99,16
000000702539,TENIS MOLECA 52965107800 52531,29.99,16
000000702584,SLIP MOLECA 528721010159 15745,29.99,16
000000702591,SLIP MOLECA 528721010159 35312,29.99,16
000000702607,SLIP MOLECA 528721010159 52531,29.99,16
000000703345,SAND MOLEKINHO 213513713958 92989,29.99,16
000000704359,SAPAT MOLEKINHA 2106104113488 16072,29.99,16
000000705462,SAND BEIRA RIO 843120725025 45235,29.99,16
000000706117,SANDALIA SQUIZZ 1458CFT 34A40,29.99,16
000000707282,TENIS BOX200 BX2354 37A43 2023 MASC,29.99,16
000000707305,TENIS BOX200 BX2352 37A43 2023 MASC,29.99,16
000000736183,SAPATILHA ADDAN NAPA 7156 34A40 FEM,29.99,16
000000736190,SAPATILHA ADDAN VERNIZ 7164 34A40 F,29.99,16
000000736206,SAPATILHA ADDAN NAPA 7126 34A40 FEM,29.99,16
000000707312,TENIS BOX200 BX2351 34A40 2023 FEM,29.99,16
000000732239,CHIN MOLEKINHA 233810023153 15745,29.99,16
000000732345,SAPATIL MOLEKINHA 25023966000 15745,29.99,16
000000732352,SAPATI MOLEKINHA 250210057800 15745,29.99,16
000000616171,SAPATENIS VELLUTI DIV 37A44 MASC,24.99,16
000000643443,CHINELO RIDER 11766 SPEED SLIDE MAS,24.99,16
000000657808,TAMANCO ADDAN SINT 9158 AD 2022 SAL,24.99,16
000000658317,SAPATENIS POLO DIV 34A43 MAS 2022,24.99,16
000000680585,TENIS BOX200 BK1801 28A33 2023 FEM,24.99,16
000000702638,SAPATILHA MOLECA 572611526533 35312,24.99,16
000000702652,SAPATILHA MOLECA 572611526533 92835,24.99,16
000000704397,SAPATO MOLEKINHA 250239415561 35312,24.99,16
000000706407,TENIS VIA VIP VV2509 20A27 UNISSEX,24.99,16
000000707374,CHINELO RIDER 12325 STRIKE POINT AD,24.99,16
000000728560,CHINELO IPANEMA 27286 SOLAR GLOW FE,24.99,16
000000730365,SAPATILHA MOLECA 5205920499 15745,24.99,16
000000730372,SAPATILHA MOLECA 5205921443 12098,24.99,16
000000730389,SAPATILHA MOLECA 5205921443 25742,24.99,16
000000730396,SAPATILHA MOLECA 5205920499 52531,24.99,16
000000731751,CHINELO BEIR RIO 844930022669 15745,19.99,16
000000731775,CHINELO BEIR RIO 844930022669 52531,19.99,16
000000731782,CHINELO BEIR RIO 844930022669 92835,19.99,16
000000731799,CHINELO BEIR RIO 844930022669 93371,19.99,16
000000762861,CHINELO IPANEMA 27279 SONIC PLAY,19.99,16
000000429689,CHINELO RIDER 11074 STRIKE GRAPHICS,19.99,16
000000584548,TENIS AVURA 56 37A43 MASC,19.99,16
000000643436,CHINELO RIDER 11809 STRIKE BEACH MA,19.99,16
000000715942,CHINELO IPANEMA 27200 SOLAR BRIL AD,19.99,16
000000618144,TENIS STAR FEET TF009 34A40 FEM,19.99,16
000000731768,CHINELO BEIR RIO 844930022669 16072,19.99,16
000000682886,RASTEIRA GRENDHA 18798 ACAI ICON AD,14.99,16
000000682893,SANDALIA GRENDHA 18839 TODO DIA BRI,14.99,16
000000682947,CHINELO IPANEMA 27068 SUMMER AD FEM,14.99,16
000000700788,SANDALIA IPANEMA 27148 MEU SOL AD F,14.99,16
000000708029,CHINELO IPANEMA 27104 PUFFER AD FEM,14.99,16
000000709958,CHINELO IPANEMA 27170 SONIC,14.99,16
000000728553,CHINELO IPANEMA 27193 TWISTY AD FEM,14.99,16
000000733175,CHINELO TROPICAL 2062 69 70 AD FEM,14.99,16
000000733199,CHINELO TROPICAL 1026 AD MASC,14.99,16
000000466271,SAPATENIS STIR SINTETICO DIVER MASC LEGADO ZZ,14.99,16
000000390361,CHINELO IPANEMA 25868 TEMAS FEM AD,9.99,16
000000438742,COTURNO MR CATER COURO DIVERSOS,9.99,16
000000569057,TENIS ANJU NAPA T133 T141 34A39 FEM,9.99,16
000000587136,SANDALIA ANJU VERNIZ 5094 34A40 RAS,9.99,16
000000662253,CHINELO IPANEMA 26979 SOLAR SLIDE F,9.99,16
000000662260,CHINELO GRENDHA 18754 +ROSA AD FEM,9.99,16
000000670562,SANDALIA IPANEMA 26984 SOLAR 23A33,9.99,16
000000682879,RASTEIRA GRENDHA 18800 TODO DIA AD,9.99,16
000000682909,SANDALIA GRENDHA 18802 TODO DIA AD,9.99,16
000000688178,CHINELO IPANEMA 27157 BELLE,9.99,16
000000700764,CHINELO IPANEMA 27133 MEU SOL AD FE,9.99,16
000000700771,SANDALIA IPANEMA 27135 MEU SOL AD F,9.99,16
000000708012,CHINELO IPANEMA 27183 ANATOMICA FEM,9.99,16
000000709934,CHINELO IPANEMA 27153 BARBIE SOLAR,9.99,16
000000446464,CHINELO IPANEMA 25479 TEMAS INF FEM,9.99,16
000000670555,SANDALIA IPANEMA 26983 SOLAR 34A40,9.99,16
000000688185,CHINELO IPANEMA 27064 DISNEY,9.99,16
000000700757,CHINELO IPANEMA 27130 MEU SOL AD FE,9.99,16
000000707992,CHINELO IPANEMA 27162 URBAN AD FEM,9.99,16
000000708005,CHINELO IPANEMA 27138 MEU SOL MAIS,9.99,16
000000548038,TENIS LYND DIVERSOS 34A40 FEM LEGADO ZZ,9.99,16
000000557214,SAPATO MOONCITY 87076 37A43 PRETO M LEGADO ZZ,9.99,16
000000557276,SAPATO MOONCITY 87073 37A43 MARROM LEGADO ZZ,9.99,16
000000466141,TENIS BOX 200 DIV FEM 34A43,9.99,16
000000505123,TENIS KRISLE KP2725 2740 2715 FEM I,9.99,16
000000545808,TAMANCO SQUIZZ DIV 34A40 RASTEIRA,9.99,16
000000570756,CHINELO RIDER 11577 STREET ART AD M,9.99,16
000000662239,CHINELO IPANEMA 26975 SOLAR AD FEM,9.99,16
000000536813,SANDALIA ANJU 672 5008 5048 5044 AD,9.99,16
000000546416,TENIS LOGUS 20410P 34A39 FEM,7.99,16
000000464789,CHINELO APUANO SINTETICO 3008 MASC,7.99,16
000000527804,SAPATINHO BABY G DIV. PLUSH 1A5 FEM,7.99,16
000000490696,TENIS RESERVA RB0013 SOLA PRETA MAS LEGADO ZZ,7.99,16
000000515160,TENIS ZYRON CASUAL DIVERSOS 38A43,4.99,16
000000465311,SAPATENIS VIA VINE L002 POLO SEVEM,4.99,16
000000515115,TAMANCO SQUIZZ 1015 RASTEIRA 34A39,4.99,16
000000515122,SANDALIA SQUIZZ 1028 RASTEIRA 34A39,4.99,16
000000524827,CHINELO IPANEMA 26282 DUO CHIC FEM,4.99,16
000000527941,SANDALIA BABY G SARJA DIV. MASC.,4.99,16
000000527958,SANDALIA BABY G SARJA DIV. FEM.,4.99,16
000000539135,CHINELO RIDER 11533 MASC AD NBAII,4.99,16
000000570626,CHINELO GRENDHA 18089 CACAU AD FEM,4.99,16
000000466004,SAPATILHA ADDAN SINTETICO DIV FEM,4.99,16
000000466080,SAPATENIS RAYON SINT DIV 37A44M,4.99,16
000000390484,CHINELO IPANEMA 10897 MORMAY NEO JU LEGADO ZZ,4.99,16
000000816540,TENIS ACTIVITA 493810230407 107348 Preto LEGADO,179.99,16
000000773348,TENIS OLYMPIKUS 43707389 37A44 QUAR,199.99,16
000000773416,TENIS OLYMPIKUS 43559375 34A41 SWIF,199.99,16
000000773423,TENIS OLYMPIKUS 43299316 34A41 ACQU,199.99,16
000000816489,TENIS ACTIVITA 484940330401 107087 Verde LEGADO,179.99,16
000000816496,TENIS ACTIVITA 493111530626 105776 LEGADO LEGADO,179.99,16
000000816564,TENIS ACTIVITA 493111530626 105780 Preto LEGADO,179.99,16
000000816519,TENIS ACTIVITA 493810130428 104969 Preto LEGADO,179.99,16
000000816526,TENIS ACTIVITA 493810130428 107344 Preto LEGADO,179.99,16
000000773362,TENIS OLYMPIKUS 43588382 34A44 SAGA,199.99,16
000000816458,TENIS ACTIVITA 484111530623 105773 Preto LEGADO,179.99,16
000000773379,TENIS OLYMPIKUS 43584380 34A44 ZEX,199.99,16
000000773386,TENIS OLYMPIKUS 43303329 37A44 CLIC,199.99,16
000000773355,TENIS OLYMPIKUS 43534344 37A44 MESC,179.99,16
000000786515,TENIS VELOCE V352 37A44 MASC Preto LEGADO,149.99,16
000000702188,TENIS OLYMPIKUS 43395156 34A44 MART,179.99,16
000000789523,TENIS ACTIVITA 493141229950 38820,179.99,16
000000814010,SANDALIA MODARE 720311130151 96781  LEGADO LEGADO,149.99,16
000000773454,TENIS OLYMPIKUS 43608374 34A41 SAFI,149.99,16
000000789714,TENIS MODARE 740110229627 17165,149.99,16
000000789721,TENIS MODARE 740110229643 102306,149.99,16
000000789486,TENIS ACTIVITA 484110028446 102160 Off White LEGADO,149.99,16
000000789578,TENIS VIZZANO 144410029490 99789,129.99,16
000000814027,SANDALIA MODARE 720311121736 96782 Sortida LEGADO,129.99,16
000000817219,PAPETE VIZZANO 651011930367 50 Nude LEGADO,129.99,16
000000789516,TENIS ACTIVITA 493110028448 102434,149.99,16
000000773430,TENIS OLYMPIKUS 43286101 33A41 ATMO,149.99,16
000000816793,TENIS MOLEKINHA 258411030927 106548 Rosa LEGADO,129.99,16
000000789806,SAPATO MODARE 740010321736 100196,149.99,16
000000789813,SAPATO MODARE 740010321736 101540,149.99,16
000000788458,TENIS BEIRA RIO 432810429819 102843,129.99,16
000000788465,TENIS BEIRA RIO 432810429819 78503,129.99,16
000000702119,TENIS OLYMPIKUS 43718194 34A41 SWIF,149.99,16
000000788762,TENIS MOLECA 58161049569 16072,129.99,16
000000816885,TENIS MOLEKINHO 286910529676 102633 LEGADO LEGADO,129.99,16
000000817110,SANDALIA VIZZAN 65101257286 15745 Preto LEGADO,129.99,16
000000817165,SANDALIA VIZZAN 642815529711 104068 Mocca LEGADO,129.99,16
000000816243,SANDALIA BEIR RI 85171079569 105704 Nude LEGADO,129.99,16
000000816304,SANDALIA BEIRA 82806959569 15745 Preto LEGADO,129.99,16
000000816311,SANDALIA BEIRA 82806959569 95373 Camel LEGADO,129.99,16
000000788489,TENIS BEIRA RIO 432110129416 102016,129.99,16
000000789257,TENIS MOLEKINHA 273130728621 99351,129.99,16
000000702133,TENIS OLYMPIKUS 43369229 34A44 RUA,129.99,16
000000702225,TENIS OLYMPIKUS 43338186 37A44 WELL,129.99,16
000000789585,TENIS VIZZANO 144410029490 15745 LEGADO LEGADO,129.99,16
000000816755,TENIS MOLEKINHO 287210230137 75658 LEGADO LEGADO,129.99,16
000000816236,SANDALIA BEIR RI 85171069569 15745 Preto LEGADO,129.99,16
000000786270,SAPATENIS STIR SPA33 37A44 MASC LEGADO ZZ,99.99,16
000000786508,TENIS VELOCE V709 37A44 MASC Preto LEGADO,99.99,16
000000789264,TENIS MOLEKINHA 273810329642 78276,99.99,16
000000789417,BOTA MOLEKINHO 281711129279 15745,129.99,16
000000789851,CHINELO MODARE 715111521736 89673,99.99,16
000000816229,SANDALIA BEIR RI 843621330718 89093 Prata LEGADO,99.99,16
000000816670,PAPETE MOLECA 55002175881 15745 Preto LEGADO,99.99,16
000000816694,PAPETE MOLECA 55002039569 35312  Off White LEGADO,99.99,16
000000817172,SANDALIA VIZZA 6262103430510 105319 Preto LEGADO,99.99,16
000000817189,SANDALIA VIZZAN 62624747286 29452 LEGADO LEGADO,99.99,16
000000817202,PAPETE VIZZANO 65101177286 104068 Mocca LEGADO,99.99,16
000000813921,SANDALIA BEIR RI 843621330718 89092 Ouro LEGADO,99.99,16
000000814140,SANDALIA MODARE 720810827520 100196  LEGADO LEGADO,99.99,16
000000816250,SANDALIA BEIRA 842324030971 106872 Ouro LEGADO,99.99,16
000000816267,SANDALIA BEIRA 842324030971 99600 Preto LEGADO,99.99,16
000000816571,TENIS MOLEKINHO 264110713958 62700 Preto LEGADO,99.99,16
000000789660,SANDALIA VIZZANO 649912129711 15745,99.99,16
000000788472,TENIS BEIRA RIO 432110128564 47626,99.99,16
000000788755,TENIS MOLECA 58161049569 15745,99.99,16
000000789288,TENIS MOLEKINHA 258010228656 78968,99.99,16
000000789554,TENIS ACTIVITA 492910129156 32763,99.99,16
000000789561,TENIS ACTIVITA 492910129156 16143,99.99,16
000000789752,SANDALIA MODARE 720010221736 101540,99.99,16
000000789769,SANDALIA MODARE 720010221736 95373,99.99,16
000000788786,TENIS MOLECA 578231217118 96956,99.99,16
000000789677,SANDALIA VIZZAN 649912229711 103056,99.99,16
000000789790,TENIS MODARE 736310521736 16072,99.99,16
000000729543,TENIS ACTVITTA 492720227681 96878,99.99,16
000000731546,TENIS VIZZANO 133933118807 17689 LEGADO LEGADO,99.99,16
000000789431,BOTA MOLEKINHO 214421429279 15745,99.99,16
000000789745,PAPETE MODARE 720810129516 15745 Preto LEGADO,99.99,16
000000795982,SAPATO BEIRA RIO 47774009569 52531,99.99,16
000000814096,PAPETE MODARE 720810129516 52531 LEGADO LEGADO,99.99,16
000000813884,CHINELO MODARE 72131008159 15745   Sortida LEGADO,99.99,16
000000816762,TENIS MOLEKINHA 258410020703 15745 Preto LEGADO,99.99,16
000000816830,SANDALIA MOLECA 5413133430855 35432 Off White LEGADO,99.99,16
000000813907,CHINELO MODARE 72131008159 104068 Mocca LEGADO,99.99,16
000000814089,SANDALIA MODARE 721210321736 35312  LEGADO LEGADO,99.99,16
000000789783,TENIS MODARE 736313629292 52531,99.99,16
000000788779,TENIS MOLECA 578231528560 17159,99.99,16
000000789271,TENIS MOLEKINHA 258010027587 15745,99.99,16
000000789707,SAPATO VIZZANO 1185114230029 103519,99.99,16
000000789318,TENIS MOLEKINHO 286520429233 101050,99.99,16
000000446389,CHINELO GRENDENE 10954 CATARGO MALA,99.99,16
000000731607,PAPETE VIZZANO 645911026769 86785 LEGADO LEGADO,99.99,16
000000731812,TENIS BEIRA RIO 431610214996 84109 LEGADO LEGADO,99.99,16
000000789905,SANDALIA MODARE 714212428590 99248 LEGADO LEGADO,99.99,16
000000816816,SANDALIA MOLECA 541313339569 15745 Preto LEGADO,99.99,16
000000816861,SAND MOLEKINHA 236120831077 92751 Ouro LEGADO,99.99,16
000000817233,SAND MOLEKINHA 234710716272 91006 Nude LEGADO,99.99,16
000000816533,TENIS MOLEKINHO 263111730475 79938 Branco LEGADO,99.99,16
000000773461,CHINELO OLYMPIKUS 54827630 33A44,99.99,16
000000788618,PAPETE MOLECA 546913528275 98640,99.99,16
000000789325,TENIS MOLEKINHO 286410229343 33412,99.99,16
000000789394,TENIS MOLEKINHO 264110229595 62700,99.99,16
000000789844,CHINELO MODARE 715111521736 15745,99.99,16
000000704762,SANDALIA VIZZANO 62919277286 29452,99.99,16
000000788502,PAPETE BEIRA RIO 848812226769 87009,99.99,16
000000788656,PAPETE MOLECA 550010527054 66,99.99,16
000000789363,TENIS MOLEKINHO 283812629343 17689,99.99,16
000000789400,TENIS MOLEKINHO 283233028741 15758,99.99,16
000000789738,PAPETE MODARE 720810129516 100983,99.99,16
000000815031,TENIS RUNWAY 10080 34A40 FEM LEGADO LEGADO,79.99,16
000000816717,TENIS MOLEKINHA 258210212638 17165 LEGADO LEGADO,79.99,16
000000816724,TENIS MOLEKINHA 25821039569 107973 Off White LEGADO,79.99,16
000000816748,PAPETE MOLECA 555611131045 16579 Preto LEGADO,79.99,16
000000816779,SANDALIA MOLECA 55591039569 95373 Camel LEGADO,79.99,16
000000816786,SANDALIA MOLECA 555611031044 56110 Nude LEGADO,79.99,16
000000816847,SAND MOLEKINHA 236120530344 104728 Off White LEGADO,79.99,16
000000816892,SAND MOLEKINHA 23571159569 52531 Nude LEGADO,79.99,16
000000816908,TENIS MOLECA 566775330695 103186 Off White LEGADO,79.99,16
000000816915,SAND MOLEKINHA 235711711085 28610 Preto LEGADO,79.99,16
000000816922,TENIS MOLECA 566775330695 17159 Branco LEGADO,79.99,16
000000817103,SANDALIA VIZZAN 63713747286 15745 Preto LEGADO,79.99,16
000000789653,SANDALIA VIZZANO 65101107286 95373,79.99,16
000000789349,TENIS MOLEKINHO 262311729080 79938,79.99,16
000000789356,TENIS MOLEKINHO 283810629343 94023,79.99,16
000000789875,SANDALIA MODARE 717412124250 66,79.99,16
000000788625,PAPETE MOLECA 546912129804 93042,79.99,16
000000702331,PAPETE MOLECA 54364027800 16072 LEGADO LEGADO,79.99,16
000000730723,SAPATO MODARE 703565521736 15745,79.99,16
000000730730,SAPATO MODARE 703565521736 96513,79.99,16
000000731829,TENIS BEIRA RIO 42801359569 15745 LEGADO LEGADO,79.99,16
000000786669,TENIS FITTY 1043LY 34A40 FEM LEGADO ZZ,79.99,16
000000786676,TENIS FITTY 1071 34A40 FEM,79.99,16
000000786683,TENIS FITTY 1004L 34A40 FEM,79.99,16
000000789202,PAPETE MOLEKINHA 235810824698 91004 LEGADO LEGADO,79.99,16
000000789301,TENIS MOLEKINHA 258210229468 96637 LEGADO LEGADO,79.99,16
000000813983,SANDALIA MODARE 716230618575 15745  Preto LEGADO,79.99,16
000000814003,SANDALIA MODARE 716230618575 100196 LEGADO LEGADO,79.99,16
000000814966,TENIS BOX200 BX2550 37A43 MASC Preto LEGADO,79.99,16
000000814980,TENIS BOX200 BX2598 44A48 MASC  Preto LEGADO,79.99,16
000000816878,SANDALIA MOLECA 555910130838 66  Dourado LEGADO,79.99,16
000000816939,SAND MOLEKINHA 234710013573 66 LEGADO LEGADO,79.99,16
000000817097,SANDALIA VIZZAN 637110017286 104068 Mocca LEGADO,79.99,16
000000817240,TENIS MOLEKINHA 211859230788 105272 LEGADO LEGADO,79.99,16
000000814263,SANDALIA MODARE 719910230160 102465 LEGADO LEGADO,79.99,16
000000816281,SANDALIA BEIRA 856010330277 15745 Preto LEGADO,79.99,16
000000816298,SANDALIA BEIRA 856010330277 101433 Marrom LEGADO,79.99,16
000000816472,SAND MOLEKINHO 240295329279 43818 Marrom LEGADO,79.99,16
000000816649,TENIS MOLEKINHO 286410015240 3 Preto LEGADO,79.99,16
000000731850,SAPATO BEIRA RIO 47774099569 15745,79.99,16
000000788496,SAPATO BEIRA RIO 47774009569 29452,79.99,16
000000704779,SANDALIA VIZZANO 62919008389 15745,79.99,16
000000788588,SAPATO BEIRA RIO 43231069569 95373,79.99,16
000000789691,TAMANCO VIZZANO 629111807286 95373,79.99,16
000000788526,PAPETE BEIRA RIO 848812229801 99444,79.99,16
000000788533,PAPETE BEIRA RIO 848812529842 97830,79.99,16
000000788601,SAPATO BEIRA RIO 43231029569 15745,79.99,16
000000789165,SAND MOLEKINHA 254821013488 35312,79.99,16
000000789226,PAPETE MOLEKINH 236710229516 100983,79.99,16
000000789868,SANDALIA MODARE 717412121736 15745,79.99,16
000000788595,SAPATO BEIRA RIO 43231009569 83517,79.99,16
000000788649,PAPETE MOLECA 550010029853 76761,79.99,16
000000788687,RASTEIRA MOLECA 543554912638 35432,69.99,16
000000730143,SANDALIA MOLECA 546912027548 96853 LEGADO LEGADO,79.99,16
000000730556,SANDALIA MODARE 718710027520 15745,79.99,16
000000730709,TENIS MODARE 736310522587 17689,79.99,16
000000786355,TENIS STAR FEET 3600L 34A40 UNISSEX LEGADO ZZ,59.99,16
000000786379,TENIS STAR FEET 3600G 34A40 UNISSEX,59.99,16
000000786393,TENIS STAR FEET 3800S 34A40 UNISSEX,59.99,16
000000786720,SAPATENIS POLO ENER 3510 3446 3376,69.99,16
000000789219,PAPETE MOLEKINHA 236710229516 15745 LEGADO LEGADO,79.99,16
000000816687,SAND MOLEKINHA 271423714461 16072 LEGADO LEGADO,69.99,16
000000816700,PAPETE MOLECA 54364015881 15745 Preto LEGADO,69.99,16
000000816731,PAPETE MOLECA 54364015881 95373 Camel LEGADO,69.99,16
000000816854,SANDALIA MOLECA 55591019569 15745 Preto LEGADO,69.99,16
000000813761,PAPETE MODARE 716233230751 55156  Nude LEGADO,69.99,16
000000814294,CHINELO MODARE 719910428295 15745  Preto LEGADO,69.99,16
000000816359,RASTEIRA BEIRA 856010130277 15745 Preto LEGADO,69.99,16
000000816366,RASTEIRA BEIRA 856010130277 35312 Off White LEGADO,69.99,16
000000816434,SAND MOLEKINHO 265020313958 107178 Off White LEGADO,69.99,16
000000789158,SAND MOLEKINHA 254820913488 15745,69.99,16
000000789172,SAND MOLEKINHA 23581139569 15745,69.99,16
000000789387,TENIS MOLEKINHO 213617326281 72823,69.99,16
000000789455,TENIS ACTIVITA 420250026598 15787,69.99,16
000000789462,TENIS ACTIVITA 420250026598 94055,69.99,16
000000787994,CHINELO BEIR RIO 839522724698 89099,69.99,16
000000788076,CHINELO BEIR RIO 839522724698 89101,69.99,16
000000788441,CHINELO BEIR RIO 839522726513 7580,69.99,16
000000789882,CHINELO MODARE 714210621793 96782,69.99,16
000000789899,CHINELO MODARE 714210621793 95373,69.99,16
000000706063,TENIS REPLAY RP1600 34A40 FEM LEGADO ZZ,69.99,16
000000729390,SAND MOLEKINHO 240013913958 15745 Preto LEGADO,59.99,16
000000730587,SANDALIA MODARE 712725627841 15745,69.99,16
000000786416,TENIS STAR FEET 3500S 28A35 UNISSEX,59.99,16
000000786843,PAPETE SERENITY KX2327 34A40,59.99,16
000000788700,RASTEIRA MOLECA 543554811808 66,59.99,16
000000816373,SAND MOLEKINHO 213516713958 72436 Marinho LEGADO,59.99,16
000000816403,SAND MOLEKINHO 214075013958 72828 Preto LEGADO,59.99,16
000000817196,RASTEIRA VIZZAN 637116730579 23146 Ouro LEGADO,59.99,16
000000817264,TENIS MOLEKINHA 211859020703 15745 Preto LEGADO,59.99,16
000000789233,TENIS MOLEKINHA 21185829569 78276,59.99,16
000000788694,RASTEIRA MOLECA 543555329850 102956,59.99,16
000000711609,SAPATO ANDAR LEVE COURO DIV ALONGAD,59.99,16
000000729406,SAND MOLEKINHO 240036415212 67666 LEGADO LEGADO,59.99,16
000000731935,PAPETE BEIRA RIO 852310618962 16072 LEGADO LEGADO,59.99,16
000000788731,SLIP MOLECA 528729727925 15745 LEGADO LEGADO,59.99,16
000000816632,SAND MOLEKINHA 21142879569 78276 Rosa LEGADO,59.99,16
000000816663,SAND MOLEKINHA 274310330579 66 LEGADO LEGADO,59.99,16
000000816274,SANDALIA BEIRA 838476828134 19026 Preto LEGADO,59.99,16
000000816335,RASTEIRA BEIRA 838477230617 105762 Marrom LEGADO,59.99,16
000000816342,RASTEIRA BEIRA 838477230617 97257 Prata LEGADO,59.99,16
000000739153,BOTA ART KAL SINT 9357 AD FEM,49.99,16
000000789189,SAND MOLEKINHA 2106106713488 16072,49.99,16
000000788717,SLIP MOLECA 528721029856 15745,49.99,16
000000788724,SLIP MOLECA 528720310159 52531,49.99,16
000000788748,SLIP MOLECA 528721029856 35312,49.99,16
000000680806,BOTA FOFIORI BX2300 34A40 2023 FEM,49.99,16
000000682848,CHINELO RIDER 12064 START DEDO AD M,49.99,16
000000730594,SANDALIA MODARE 712725627841 29452,49.99,16
000000772471,CHINELO RIDER 12323 MASC FREE,49.99,16
000000785778,CHINELO IPANEMA 27353 METAL GLAM FE LEGADO ZZ,49.99,16
000000815109,SANDALIA FIO DE OUR 671411454 34A39 LEGADO LEGADO,49.99,16
000000815123,SANDALIA FIO DE OUR 691311454 34A39,49.99,16
000000815130,RASTEIRA FIO DE OUR 684911454 34A39 LEGADO LEGADO,49.99,16
000000815147,RASTEIRA FIO DE OUR 691011454 34A39,49.99,16
000000817547,SANDALIA FIO DE OUR 673011454 34A39,49.99,16
000000657853,TAMANCO ADDAN SINT 5254 AD 2022 BIR,39.99,16
000000707398,CHINELO RIDER 12272 WAY LOGO AD MAS,39.99,16
000000732321,SAPATO MOLEKINHA 250239415561 16072 LEGADO LEGADO,39.99,16
000000736169,PAPETE ADDAN SINT 5418 34A40 FEM LEGADO LEGADO,39.99,16
000000736176,PAPETE ADDAN SINT 5420 34A40 FEM,39.99,16
000000786805,RASTEIRA SERENITY PE2179 34A40,39.99,16
000000818888,CHINELO HAVAINA KIDS SLIM DISNEY  Sortida LEGADO,39.99,16
000000259613,MASCULINO CHINELO MAXSHOP LEGADO LEGADO,24.99,16
000000709941,CHINELO IPANEMA 27173 MORANGUINHO,24.99,16
000000747646,CHINELO IPANEMA 25951 JOLIE LEGADO ZZ,19.99,16
000000785754,CHINELO IPANEMA,19.99,16
000000728584,CHINELO GRENDHA 18976 TODO DIA BRIL LEGADO ZZ,19.99,16
000000733182,CHINELO TROPICAL 1050 49 48 AD UNIS,14.99,16
000000708036,CHINELO IPANEMA 27140 MEU SOL MAIS LEGADO ZZ,9.99,16
000000800280,SAPATILHA BF ALG INF BONECA ANTIDER,7.99,16
000000641586,CHINELO MAX BORRACHA AD FEM ESTAMP,4.99,16
000000762441,TRAVESSEIRO CROWN HEIGHTS PVC 50X70 LEGADO UNICO,79.99,16
000000762458,TRAVESSEIRO FRANCAISE VISCO ALT 11 LEGADO UNICO,79.99,16
000000762472,TRAVESSEIRO PLUME SWISS FIBRA PVC LEGADO UNICO,79.99,16
000000762298,JOGO CAMA LEPPER MICRO 2 PCS PERSON LEGADO UNICO,69.99,16
000000655392,JOGO DE CAMA SBX MM E32045 QUEEN LEGADO UNICO,59.99,16
000000655385,JOGO DE CAMA SBX MM E32044 CASAL LEGADO UNICO,49.99,16
000000688673,TOALHA BANHO NEW MILAO ALG 150X80 LEGADO UNICO,49.99,16
000000655378,LENCOL SBX MM M32042 QUEEN ALT35 LEGADO UNICO,39.99,16
000000688680,TOALHA BANHO CONFORT ALG 140X76 LEGADO UNICO,39.99,16
000000635264,MANTA SOFA DEC MART ALG 680 140X200 LEGADO UNICO,39.99,16
000000655361,LENCOL SBX MM M32041 CASAL ALT30 LEGADO UNICO,29.99,16
000000739061,KIT BANHEIRO RELEVO 3 PCS LEGADO UNICO,29.99,16
000000688666,TOALHA BANHO CHARME PLUS ALG 145X70 LEGADO UNICO,29.99,16
000000762281,TOALHA BANHO LEPPER ALG SORT PERSON LEGADO UNICO,29.99,16
000000465199,TOALHA HEBENEZER MALHA T01 BORDADA LEGADO UNICO,19.99,16
000000677882,TRAVESSEIRO DEC MATINS MATELADO 325 LEGADO UNICO,19.99,16
000000607117,ALMOFADA DEC MARTINS DIGITAL 723,14.99,16
000000607148,ASSENTO CADEIRA DEC MARTINS ALG 40X,14.99,16
000000762304,PANO COPA LEPPER ALG SORTIDOS LEGADO UNICO,4.99,16
000000739030,TAPETE CLASSIC POLIA 50X100 LEGADO UNICO,39.99,16
000000688642,TOALHA BANHO MUNIQUE ALG 150X074 LEGADO UNICO,29.99,16
000000006224,TOALHA TEKA BANHO CRIATIVA 260825 LEGADO UNICO,29.99,16
000000688659,TOALHA BANHO NEW MADRI ALG 150X76 LEGADO UNICO,29.99,16
000000760744,TOALHA BANHO TEKA ALG FLORENCA,29.99,16
000000770170,TAPETE RELAX POLIESTER 700648 40X60,29.99,16
000000682244,TOALHA BANHO BELA ROYAL 135X70 LEGADO UNICO,24.99,16
000000785648,TOALHA PERFORMANCE ALG 700985 ROSTO,24.99,16
000000764919,TOALHA DE BANHO CHARLOTE 65X145,19.99,16
000000766173,TOALHA BANHO NAPOLE 700799 65X135,19.99,16
000000580830,TOALHA PISO LUCCA TEKA LEGADO UNICO,19.99,16
000000535755,TOALHA PISO PEZINHO TEKA ANTIDERRAP,14.99,16
000000006231,TOALHA TEKA ROSTO CRIATIVA 260818,14.99,16
000000638692,TAPETE BEM VINDO 700570 40X60 LEGADO UNICO,14.99,16
000000760751,TOALHA ROSTO TEKA ALG FLORENCA,14.99,16
000000682251,TOALHA ROSTO BELA ROYAL 80X48 LEGADO UNICO,9.99,16
000000688710,TOALHA ROSTO CHARME PLUS ALG 80X48 LEGADO UNICO,9.99,16
000000760690,PANO COPA TEKA ALG CHEF,9.99,16
000000764926,TOALHA DE ROSTO CHARLOTE 50X70,9.99,16
000000762489,TAPETE OASIS POLIPROP 38X55 PRATICK LEGADO UNICO,7.99,16
000000790772,TOALHAS BUETTNER BANHO SANTOS VELUD LEGADO UNICO,79.99,16
000000794008,TOALHA BUETTNER BANHO BOTAFOGO VELU LEGADO UNICO,79.99,16
000000078337,JOGO CAMA TEKA CASAL FLORENCA ALG LEGADO UNICO,29.99,16
000000638388,COBERTOR AUSTRIA MICRO 700166 KING LEGADO UNICO,24.99,16
000000176040,TRAVESSEIRO TRADICIONAL MAXSHOP LEGADO UNICO,14.99,16
000000208390,JOGO CAMA CASAL MAXSHOP LEGADO UNICO,9.99,16
000000174572,EDREDOM CASAL MAXSHOP LEGADO UNICO,7.99,16
000000242042,TOALHA BANHO BUETTNER LEGADO UNICO,7.99,16
000000200356,TOALHA BANHO MAXSHOP LEGADO UNICO,4.99,16
000000339308,LENCOL BUETTNER ALG SOLT ELASTICO LEGADO UNICO,4.99,16
000000272551,TRAVESSEIRO TRADICIONAL MAXSHOP LEGADO UNICO,4.99,16
000000231923,ALMOFADA DAMATA 40X40 LEGADO UNICO,4.99,16
000000448314,COLCHA LIVING ARTE ALG 10859 CASAL,79.99,16
000000448338,JOGO CAMA LIVING ART ALG 11010 CASA,59.99,16
000000417174,COLCHA UNIQUE PIQUET CASAL,14.99,16
000000417181,COLCHA UNIQUE PIQUET SOLTEIRO,14.99,16
000000417204,COLCHA UNIQUE PIQUET QUEEN LEGADO UNICO,14.99,16
000000417198,PORTA TRAVESSEIRO UNIQUE PIQUET,4.99,16
000000448413,SAIA CAMA BOX HOME MICRO 11360 CASA LEGADO UNICO,4.99,16
000000272568,TRAVESSEIRO SANTISTA PERCAL FIRME,19.99,16
000000463409,COLCHA SEGUNDA CASA ALG CASAL,9.99,16
000000244299,TAPETE SALA MAXSHOP LEGADO UNICO,4.99,16
000000448383,JOGO CAMA COLORART MIC11701 9099 CS,4.99,16
000000506946,TAPETE LYON 150X200,39.99,16
000000506953,TAPETE LYON 100X150 LEGADO UNICO,29.99,16
000000366885,JOGO CAMA ROYAL CASAL QUEM LEGADO UNICO,19.99,16
000000500609,CORTINA SANTISTA C BLECAUT L BASIC,14.99,16
000000237253,JOGO CAMA ROYAL SOLTEIRO DUPLO,9.99,16
000000242097,TOALHA BUETTNER PRAIA BEACH COLLECT,9.99,16
000000541954,ROUPAO PAPI ALG 0918,9.99,16
000000306591,LENCOL ROYAL ALG CASAL,4.99,16
000000544733,LENCOL SANTISTA MICRO ELAST CASAL F,4.99,16
000000375856,TOALHA DISNEY ALG BANHO INFANTIL LEGADO UNICO,4.99,16
000000448321,COLCHA LIVING ARTE ALG 10860 QUEEN LEGADO UNICO,129.99,16
000000448376,COLCHA LIVING ART MICRO 11419 QUEEN LEGADO UNICO,79.99,16
000000448352,JOGO CAMA LIVING ART ALG 10855 CASA,69.99,16
000000448369,JOGO CAMA LIVING ART ALG 10856 QUEE,69.99,16
000000523165,CORTINA CORTA LUZ 180 X 280 VENEZA,69.99,16
000000306621,TRAVESSEIRO SANTISTA BOA NOITE,9.99,16
000000544689,JOGO DUPLO SANTISTA MICRO CASAL FAN LEGADO UNICO,19.99,16
000000536875,TRAVESSEIRO SANTISTA POP MEDIO,14.99,16
000000272513,TRAVESSEIRO TRADICIONAL MAXSHOP LEGADO UNICO,9.99,16
000000423267,LENCOL TEKA CASAL ELAST PLUS TEKAFI,9.99,16
000000587860,LENCOL TEKA QUEEN ELAST PLUS TEKAFI,9.99,16
000000423250,LENCOL TEKA SOLT ELAST PLUS TEKAFIX,4.99,16
000000535724,LENCOL TERNURA SOLTEIRO ELAST. TEKA LEGADO UNICO,4.99,16
000000475037,COLCHA BUETTNER MALHA JUVENIL LEGADO UNICO,4.99,16
000000619691,TAPETE CAIRO POLIAMIDA 4737 140X200,79.99,16
000000619721,COLCHA DOUBLE MICRO 4746 QUEEN 240X,79.99,16
000000619714,COLCHA DOUBLE MICRO 4747 CASAL 220X,69.99,16
000000619738,COLCHA DOUBLE MICRO 4748 SOLT 160X2,49.99,16
000000581394,TOALHA CONFORT 80X140 BANHO,29.99,16
000000611169,TOALHA ATENAS ALG 100065 150X80 BAN,19.99,16
000000611213,TOALHA GRECIA ALG 100095 145X70 BAN,19.99,16
000000611190,TOALHA PARIS ALG 100017 140X70 BANH,14.99,16
000000611244,TOALHA ESMER.ALG 100099 140X70 BANH,14.99,16
000000006071,TOALHA TEKA BANHAO KG LEGADO UNICO,14.99,16
000000557320,TOALHA SEGUNDA CASA ALG SORT BANHO LEGADO UNICO,9.99,16
000000581387,TRAVESSEIRO SANTISTA INFANTIL,9.99,16
000000581400,TOALHA CONFORT 50X80 ROSTO,9.99,16
000000599399,MANTA LIVETEX MICROFIBRA CASAL,9.99,16
000000619646,TAPETE MILAO POLIAMIDA 4708 45X70,9.99,16
000000611077,TAPETE JAZZ 40X60 SORTIDO,9.99,16
000000619653,TAPETE PREMIUM POLIAMIDA 4738 40X60,9.99,16
000000507004,TAPETE OASIS 50X100 CLASSIC SALDO,9.99,16
000000606387,TAPETE OASIS 50X100 JAZZ SALDO,9.99,16
000000611053,TAPETE ART 40X60 SORTIDO,9.99,16
000000611114,TAPETE ART 40X80 SALDO,9.99,16
000000611176,TOALHA ATENAS ALG 100066 50X90 ROST,9.99,16
000000611237,TOALHA JACQ ALG 100088 140X70 BANHO,9.99,16
000000619684,TAPETE BEM VINDO PVC 4722 45X70 CAP,9.99,16
000000611121,TAPETE ART 40X60 SALDO LEGADO UNICO,9.99,16
000000358125,TOALHA SANTISTA ENXUTA BANHO LEGADO UNICO,7.99,16
000000611084,TAPETE STUDIO STILLO 40X60 SORTIDO,4.99,16
000000611145,TAPETE COSMIC 40X60 SORTIDO,4.99,16
000000611206,TOALHA PARIS ALG 100084 45X80 ROSTO,4.99,16
000000611220,TOALHA GRECIA ALG 100096 45X80 ROST,4.99,16
000000611091,TAPETE JAZZ 40X80 SALDO LEGADO UNICO,4.99,16
000000638630,TAPETE MODENA 700120 140X200,249.99,16
000000655330,COBERDROM MELANGE MICRO 05754 SOLTE,179.99,16
000000641890,EDREDOM BUETTNER ALG KING,149.99,16
000000576307,EDREDOM BUETTNER ALG QUEEN,129.99,16
000000607858,JG CAMA BUETTNER RENDA ALG QUEEN 4P,109.99,16
000000608251,JG CAMA TESSI ALG 0089 CASAL 200FIO,109.99,16
000000636582,JOGO CAMA BENE MICRO 15020087 KING,109.99,16
000000642743,COBERDROM ALASCA MICRO SHEPA SOLTEI,109.99,16
000000636575,JOGO CAMA BENE MICRO 15020086 QUEEN,99.99,16
000000636568,JOGO CAMA BENE MICRO 15020085 CASAL,99.99,16
000000576284,EDREDOM BUETTNER ALG CASAL,99.99,16
000000607841,JG CAMA BUETTNER RENDA ALG CASAL 4P,99.99,16
000000576291,EDREDOM BUETTNER ALG SOLTEIRO,89.99,16
000000638661,PASSADEIRA BELLUNO 700119 67X200,79.99,16
000000638548,COLCHA BOUTIS ATT MATELA 700114 QUE,79.99,16
000000638517,JG CAMA ATTUAL DUE MIXTO 700239 QUE,69.99,16
000000607865,JG CAMA BUETTNER RENDA ALG SOLT 3PC,69.99,16
000000636599,JOGO CAMA BENE MICRO 15020084 SOLT,69.99,16
000000636612,COLCHA BENE CASA MAT 13669 3PCS QUE,69.99,16
000000638531,COLCHA BOUTIS ATT MATELA 700114 CAS,69.99,16
000000636605,COLCHA BENE CASA MAT 13668 3PCS CAS,59.99,16
000000654197,COLCHA BOUTIS ALGODAO CASAL,59.99,16
000000638524,COLCHA BOUTIS ATT MATELA 700114 SOL LEGADO UNICO,59.99,16
000000670463,TOALHA OLINDA PRAIA ALG 284 78X160,39.99,16
000000638678,PASSADEIRA BERLIN 700203 60X180,29.99,16
000000502825,TOALHA LE BAIN BANHO JACQUARD ALG,29.99,16
000000608282,MANTA SOFA TESSI ALG 0056 120X150,24.99,16
000000636650,TOALHA BENE ALG 120101230072 BANHAO,24.99,16
000000044493,LENCOL TEKA ALGODAO CASAL KG,19.99,16
000000342865,LENCOL COTEMINAS ALG CASAL ELAST KG,19.99,16
000000636636,JOGO BANHEIRO PANOSUL ALG 11272 3PC,19.99,16
000000638715,JOGO BANHEIRO CARICIA 700230 3PCS,19.99,16
000000237215,TOALHA SANTISTA ROYAL BANHO 70X130,9.99,16
000000608244,TAPETE BENE CASA ALG 0029 40X60 CAI,9.99,16
000000636506,TAPETE PANOSUL 13739 40X60 FLUFFY,9.99,16
000000636537,KIT COZINHA PANOSUL 10805 2PCS,9.99,16
000000608237,TAPETE PANOSUL ALG 9963 40X60 SLIM,7.99,16
000000140447,CAPA ALMOFADA TEKA,4.99,16
000000636513,KIT PANO MULTIUSO PANOSUL 14009 28X,4.99,16
000000636629,MANTA BENE MICRO 150600840072 INF,4.99,16
000000638685,TAPETE MISSY 700110 40X60 OVAL,4.99,16
000000662987,ASSENTO CADEIRA DEC MARTINS ALG RED,4.99,16
000000670531,TOALHA OLINDA EVA ALG 179 ROSTO,4.99,16
000000638623,TAPETE BELGA 700069 140X200,199.99,16
000000678520,COLCHA CLASSIC ALG 7454 QUEEN,199.99,16
000000678513,COLCHA CLASSIC ALG 7444 CASAL,189.99,16
000000678551,CORTINA SUED 8040 180X270,89.99,16
000000672825,COBERTOR RASCHEL MICRO 700083 CASAL,89.99,16
000000678483,COLCHA CLASSIC MICRO 79912 KING,99.99,16
000000678490,COLCHA CLASSIC MICRO 79812 QUEEN,89.99,16
000000678476,COLCHA CLASSIC MICRO 5509 KING ESTA,99.99,16
000000678469,COLCHA CLASSIC MICRO 5499 QUEEN EST,89.99,16
000000405591,COLCHA TEKA GENOVA PRINT QUEEN,79.99,16
000000678544,COBERDROM CLASSIC MICRO 8022 CASAL,69.99,16
000000681407,JG CAMA MICROTEC 180F 700308 QUEEN,69.99,16
000000681438,COBERTOR LUMINI 180F 700339 QUEEN,59.99,16
000000638395,COBERTOR BOREAL MICRO 700293 CASAL,69.99,16
000000678452,COLCHA CLASSIC ALG 5489 CASAL ESTAM,69.99,16
000000678506,COLCHA CLASSIC MICRO 79712 CASAL,69.99,16
000000681414,JG CAMA MICROTEC 180F 700308 CASAL,49.99,16
000000681421,COBERTOR LUMINI 180F 700339 CASAL,49.99,16
000000535762,COLCHA TEKA GENOVA PRINT CASAL,69.99,16
000000638500,JG CAMA ATTUAL DUE MIXTO 700239 CAS,59.99,16
000000638371,COBERTOR AUSTRIA MICRO 700166 CASAL,59.99,16
000000638487,JG CAMA ATTUALE ALG 700238 SOLTEIRO,59.99,16
000000654180,COLCHA BOUTIS ALGODAO SOLTEIRO,49.99,16
000000405584,COLCHA TEKA GENOVA PRINT SOLTEIRO,39.99,16
000000638494,JG CAMA ATTUAL DUE MIXTO 700239 SOL,39.99,16
000000672818,MANTA HOME DESIGN MICRO 700072 KING,29.99,16
000000670470,TOALHA OLINDA GOLD ALG 122 BANHO,29.99,16
000000670487,TOALHA OLINDA WAVE ALG 128 BANHO,29.99,16
000000453455,LENCOL TEKA ALGODAO CASAL KG KING,29.99,16
000000006125,TOALHA TEKA MESA 140X140 VALENCIA,19.99,16
000000386630,TOALHA TEKA BANHAO HANNA 90X150,24.99,16
000000710381,TOALHA BANHO COIMBRA ALG 700606 65X,14.99,16
000000618076,CAMA PET DECOR MARTINS 832 G,19.99,16
000000670500,TOALHA OLINDA VIENA ALG 273 BANHO,19.99,16
000000670548,TOALHA OLINDA KIDS ALG 277 BANHO,19.99,16
000000681360,JG CAMA COLOR MISTO 700311 CASAL 3P,19.99,16
000000681377,JG CAMA COLOR MISTO 700312 CASAL 3P,19.99,16
000000710435,JOGO COZINHA BISTRO POL 700572 2PCS,19.99,16
000000711548,TOALHA BANHO VIENA ALG 101401 INFAN,14.99,16
000000052016,LENCOL TEKA ALGODAO CASAL KG QUEEN,14.99,16
000000444484,JOGO CAMA ROYAL SOLTEIRO DUPLO INF,14.99,16
000000350839,LENCOL COTEMINAS ALG SOLT ELAST KG,14.99,16
000000607100,JOGO BANHEIRO DEC MARTINS ALG 290,14.99,16
000000678568,PORTA TRAVESSEIRO CLASSIC MIC 61444,9.99,16
000000670517,TOALHA OLINDA GOLD ALG 123 ROSTO,9.99,16
000000006668,LENCOL TEKA SOLTEIRO QUILO MISTO,9.99,16
000000618083,COLCHONETE PET DECOR MARTINS 245 P,9.99,16
000000710473,TAPETE BEM VINDO POLIA 700570 40X60,9.99,16
000000635257,PORTA TRAV DEC MARTINS MATELASS 921,7.99,16
000000686914,TAPETE OASIS 45X60 ALG PRATCK SALDO,7.99,16
000000686921,TAPETE OASIS 40X60 ALG DETROIT SALD,7.99,16
000000219822,LENCOL CASA DECOR MALHA SOLTEIRO,7.99,16
000000237222,TOALHA SANTISTA ROYAL ROSTO 41X71,7.99,16
000000686907,TAPETE OASIS 40X60 ALG NATURA SALDO,4.99,16
000000363112,FRONHA COTEMINAS ALGODAO KG,4.99,16
000000624398,TAPETE VENEZA ALG 88 45X60,4.99,16
000000655354,COBERDROM MELANGE MICRO 05754 QUEEN,279.99,16
000000655347,COBERDROM MELANGE MICRO 05754 CASAL,249.99,16
000000710282,COLCHA BRISTOL MICRO 700638 QUEEN,149.99,16
000000756891,JG DE CAMA BUETTNER MIXTO KING,129.99,16
000000756884,JG DE CAMA BUETTNER MIXTO QUEEN,129.99,16
000000766050,COBRELEITO SONATA MICRO SOLT 2 PCS,129.99,16
000000710268,COLCHA BRISTOL MICRO 700638 CASAL,129.99,16
000000642736,COBERDROM ALASCA MICRO SHEPA KING,179.99,16
000000642729,COBERDROM ALASCA MICRO SHEPA QUEEN,149.99,16
000000608268,JG CAMA TESSI ALG 0090 QUEEN 200FIO,129.99,16
000000756860,JG DE CAMA BUETTNER MIXTO SOLT 3PCS,99.99,16
000000672832,COBERTOR RASCHEL MICRO 700083 KING,99.99,16
000000638463,JG CAMA ATTUALE ALG 700238 QUEEN,99.99,16
000000638470,JG CAMA ATTUALE ALG 700238 CASAL,99.99,16
000000765329,TOALHA MESA DOHLER 160X250 NATAL,59.99,16
000000678537,COBERDROM CLASSIC MICRO 8021 CASAL,79.99,16
000000762465,TRAVESSEIRO BAMBOO FIBRA PVC 50X70,49.99,16
000000618021,TAPETE MADRI JACKAR 853 135X200,69.99,16
000000642361,COBERTOR AUSTRIA MICRO 700166 QUEEN,69.99,16
000000654203,COLCHA BOUTIS ALGODAO QUEEN,69.99,16
000000765299,TOALHA MESA DOHLER 160 NATAL,49.99,16
000000710206,CAPA COLCHAO SBX MM 78047 QUEEN,49.99,16
000000710299,COLCHA STUDIO MIX MICRO 700626 INF,39.99,16
000000762434,TRAVESSEIRO SENSACAO FIBRA PVC 50X7,39.99,16
000000710190,CAPA COLCHAO SBX MM 17994 CASAL,39.99,16
000000744010,LENCOL SONATA MALHA SOLTEIRO LISO,29.99,16
000000618007,BANQUETA DECOR MARTINS SUEDE 648,39.99,16
000000618014,JOGO COZINHA MADRI JACKAR 891 3PCS,39.99,16
000000580816,TOALHA TEKA DIAMANTE BANHO,24.99,16
000000219907,CAPA COLCHAO CASA DECOR MALHA CASAL,29.99,16
000000618038,TAPETE MADRI JACKAR 839 132X100,29.99,16
000000672801,MANTA HOME DESIGN MICRO 700072 CASA,29.99,16
000000710350,TOALHA BANHO LISBOA ALG 700600 70X1,24.99,16
000000653879,LENCOL SBX MM M32040 SOLT ALT30,19.99,16
000000607087,TRAVESSEIRO PLUS POLY 672 50X70,19.99,16
000000607094,MANTA SOFA DEC MARTINS ALG 140X150,24.99,16
000000731416,ALMOFADA DEC MARTINS SUEDE DIGITAL,19.99,16
000000618113,ALMOFADAO DECOR MARTINS OXFORD 275,19.99,16
000000607070,TRAVESSEIRO PREMIUM POLY 559 50X70,14.99,16
000000343909,TRAVESSEIRO SANTISTA PERCAL EXTRA F LEGADO UNICO,19.99,16
000000618069,CAMA PET DECOR MARTINS 825 M,14.99,16
000000640053,JOGO BANHEIRO CARICIA 700229 2PCS,14.99,16
000000670494,TOALHA OLINDA EVA ALG 178 BANHO,14.99,16
000000580823,TOALHA TEKA DIAMANTE ROSTO,14.99,16
000000607124,ALMOFADA DEC MARTINS 191 43X43,9.99,16
000000607131,ALMOFADA DEC MARTINS JACQUARD 730,14.99,16
000000688734,TOALHA ROSTO CONFORT ALG 70X48,14.99,16
000000710404,TOALHA ROSTO LISBOA ALG 700601 50X7,14.99,16
000000474351,TRAVESSEIRO BOOL FIL LEGADO UNICO,14.99,16
000000688697,TOALHA ROSTO MUNIQUE ALG 76X48,9.99,16
000000502832,TOALHA LE BAIN ROSTO JACQUARD ALG,9.99,16
000000636520,PANO MULTIUSO PANOSUL 11054 60X80,9.99,16
000000670524,TOALHA OLINDA WAVE ALG 129 ROSTO,9.99,16
000000677875,ALMOFADA DEC MARTINS SUED 192 REDON,9.99,16
000000688703,TOALHA ROSTO NEW MADRI ALG 75X48,9.99,16
000000714389,TOALHA FEROZ FELPA 4186 BEBE,9.99,16
000000608213,TAPETE PANOSUL EMBORRAC 10442 40X60,9.99,16
000000619677,TAPETE BEM VINDO POLIAM 4730 45X70,9.99,16
000000710398,TOALHA ROSTO COIMBRA ALG 700607 50X,9.99,16
000000619660,TAPETE BEM VINDO POLIAM 4731 45X70,9.99,16
000000535731,LENCOL TERNURA CASAL ELASTICO TEKA LEGADO UNICO,9.99,16
000000611268,TOALHA SAFARI ALG 100053 140X70 BAN LEGADO UNICO,9.99,16
000000711555,PANO COPA CHEFE ALGODAO 2079102,7.99,16
000000042925,FRONHA TEKA COLORE,7.99,16
000000147064,FRONHA TEKA ALGODAO QUILO,7.99,16
000000423243,FRONHA TEKA TERNURA MISTA 150 FIOS,7.99,16
000000672139,FRONHA SBX MM M320 RUBI LISA,7.99,16
000000306638,TOALHA SANTISTA ALG BANHO UNIQUE LEGADO UNICO,7.99,16
000000461993,JOGO P BANHEIRO CLASSIC 3PCS ALG LEGADO UNICO,7.99,16
000000535748,LENCOL TERNURA QUEEN ELASTICO TEKA LEGADO UNICO,7.99,16
000000615860,TOALHA SALAO DIANNELI ALG 30322 PRE,4.99,16
000000006385,ROUPAO TEKA INFANTIL LEGADO UNICO,4.99,16
000000611251,TOALHA ESMER.ALG 100100 45X80 ROSTO LEGADO UNICO,4.99,16
000000638654,TAPETE VICTORIA 700082 40X60 OVAL LEGADO UNICO,4.99,16
000000042970,PANO COPA TEKA NATALINO 40X65,4.99,16
000000818520,CORTINA BELLA ARTE DUPLEX B 540X280 Sortida UNICO,279.99,16
000000765367,KIT COLCHA DOHLER APOLO PIQ QUEEN L,249.99,16
000000765381,KIT COLCHA DOHLER APOLO PIQ CASAL L,249.99,16
000000818414,CORTINA BELLA ART CORTA LUZ 420X250 Sortida UNICO,199.99,16
000000765350,KIT COLCHA DOHLER APOLO PIQ QUEEN E,249.99,16
000000792332,TAPETE OASIS POLI 150X200 DESIGN,249.99,16
000000765343,KIT COLCHA DOHLER APOLO PIQ CASAL E,249.99,16
000000818513,CORTINA BELLA ARTE DUPLEX B 420X250 Sortida UNICO,249.99,16
000000818407,CORTINA BELLA ART CORTA LUZ 360X250 Sortida UNICO,179.99,16
000000818490,CORTINA BELLA ARTE RUSTICA 420X250 Sortida UNICO,179.99,16
000000818506,CORTINA BELLA ARTE DUPLEX B 300X230 Sortida UNICO,149.99,16
000000765336,KIT COLCHA DOHLER APOLO PIQ SOLT ES,149.99,16
000000765374,KIT COLCHA DOHLER APOLO PIQ SOLT LI,149.99,16
000000756877,JG DE CAMA BUETTNER MIXTO CASAL 4PC,149.99,16
000000818476,CORTINA BELLA ARTE RUSTICA 260X230 Sortida UNICO,129.99,16
000000785396,COLCHA HABITAT POLIE 29365 QUEEN,99.99,16
000000638647,TAPETE BERLIM 700203 700628 140X200,129.99,16
000000619707,TAPETE CAIRO POLIAMIDA 4720 140X200,109.99,16
000000785600,COBERTOR CHAMONIX MICRO 701032 QUEE,99.99,16
000000785594,COBERTOR ZERMATT MICRO 701037 QUEEN,99.99,16
000000818469,CORTINA BELLA ARTE RUSTICA 260X170 Sortida UNICO,99.99,16
000000765428,ROUPAO DOHLER ESTAMPADO INF P Sortida P,79.99,16
000000785617,COBERTOR CHAMONIX MICRO 701032 CASA,79.99,16
000000790581,PASSADEIRA TOQUE IDEAL ALG 070X250,79.99,16
000000792325,TAPETE OASIS POLI 100X150 PRATIK,79.99,16
000000242080,TOALHA BUETTNER BANHO TIME VELUDO,79.99,16
000000765275,TOALHA MESA DOHLER 160X250 CLEAN AT,79.99,16
000000785587,COBERTOR ZERMATT MICRO 701037 CASAL,69.99,16
000000710336,JOGO CAMA SUPERCAL 700573 700761 QU,69.99,16
000000765312,TOALHA MESA DOHLER 140X210 NATAL Sortida UNICO,69.99,16
000000790574,PASSADEIRA TOQUE IDEAL ALG 070X2,69.99,16
000000801195,COBERTOR LUMINI MICRO 700755 CASAL,59.99,16
000000765268,TOALHA MESA DOHLER 140X210 CLEAN AT,59.99,16
000000617987,KIT ALMOFADA DIGITAL 331 4 PCS ZIPE,69.99,16
000000617994,BANQUETA DECOR MARTINS PELO 808,69.99,16
000000765282,TOALHA MESA DOHLER CLEAN REDONDA AT LEGADO UNICO,59.99,16
000000795425,TOALHA BANHO KARSTEN LUMINA 70X140,59.99,16
000000795449,TOALHA BANHO KARSTEM UNIKA 70X140,59.99,16
000000765190,TOALHA DOHLER VELOUR PRAIA,49.99,16
000000765305,TOALHA MESA DOHLER 140X140 NATAL Sortida UNICO,59.99,16
000000785532,LENCOL ESSENCIA ALG 700819 QUEEN AV LEGADO UNICO,49.99,16
000000785570,COBERTOR ZERMATT MICRO 701037 SOLT,49.99,16
000000795593,TOALHA BANHO KARSTE IMPERIAL 70X140 LEGADO UNICO,49.99,16
000000765114,TOALHA DOHLER MARROCOS BANHO,49.99,16
000000765251,TOALHA MESA DOHLER 140X140 CLEAN AT,49.99,16
000000792349,PASSADEIRA OASIS POLI 48X160 PRATIK,49.99,16
000000765084,TOALHA DOHLER LICENC BANHO INF MASC Sortida UNICO,39.99,16
000000765091,TOALHA DOHLER LICENC BANHO INF FEM,39.99,16
000000795470,TOALHA BANHO KARSTEN EMPIRE 70X135,39.99,16
000000795487,TOALHA BANHO KARSTEN ANIS 70X135,39.99,16
000000795517,TOALHA BANHO KARSTEN BOSCO 70X135,39.99,16
000000795524,TOALHA BANHO KARSTEN LIANA 70X135,39.99,16
000000795555,TOALHA BANHO KARSTEN MAYAN 70X135,39.99,16
000000765176,TOALHA DOHLER CONFORT PISO Sortida UNICO,29.99,16
000000795432,TOALHA ROSTO KARSTEN LUMINA 48X80,29.99,16
000000795456,TOALHA ROSTO KARSTEN UNIKA 48X80,29.99,16
000000765138,TOALHA DOHLER CONFORT ROSTO LISA,29.99,16
000000765152,TOALHA DOHLER MARROCOS ROSTO,24.99,16
000000795586,TOALHA ROSTO KARSTEN IMPERIAL 48X80,24.99,16
000000765169,TOALHA DOHLER PRIME PISO,24.99,16
000000795463,TOALHA ROSTO KARSTEN EMPIRE 48X70,19.99,16
000000795623,TAPETE KARSTEN METROPOLE BANHEIRO,19.99,16
000000618045,BERCO PET ROUND SUEDE 525,19.99,16
000000731409,ALMOFADA DEC MARTINS SUEDE LISA,19.99,16
000000795494,TOALHA ROSTO KARSTEN ANIS 48X80,19.99,16
000000795500,TOALHA ROSTO KARSTEN BOSCO 48X80,19.99,16
000000795531,TOALHA ROSTO KARSTEN LIANA 48X80,19.99,16
000000795548,TOALHA ROSTO KARSTEN MAYAN 48X80,19.99,16
000000795616,PANO COPA KARSTEN 46X65,19.99,16
000000618106,COLCHONETE PET DECOR MARTINS 221 G,19.99,16
000000765121,TOALHA DOHLER PRISMA ROSTO LISA,19.99,16
000000765145,TOALHA DOHLER PRISMA ROSTO ESTAMPAD,19.99,16
000000765183,TOALHA DOHLER ROYAL PISO,19.99,16
000000688727,TOALHA ROSTO NEW MILAO ALG 75X48,14.99,16
000000710466,TAPETE BOX PLASTICO 700085 39X60,14.99,16
000000795609,PANO COPA KARSTEN MESSINA 46X65,14.99,16
000000618052,CAMA PET DECOR MARTINS 818 P,14.99,16
000000618090,COLCHONETE PET DECOR MARTINS 238 M,9.99,16
000000607063,TRAVESSEIRO MEIA NOITE POLY 88 45X6,9.99,16
000000588669,TOALHA TEKA ROSTO BELLEZA PRETA,9.99,16
000000405539,TOALHA FAAP ALG PISO BANHEIRO,4.99,16
000000700696,TAPETE OASIS 40X60 BOUCLE SORTIDO,4.99,16
000000760706,PANO COPA TEKA ALG NOBRE,4.99,16
000000801072,BLUSA HASTY VISCOL JK1556 PMGG,49.99,16
000000801089,BLUSA HASTY VISCOL JK1606 PMGG,49.99,16
000000801300,CALCA HASTY ALFAIAT JK1565 PMGG,99.99,16
000000818001,CALCA HASTY ALFAIA 0002 PMGGG,99.99,16
000000798105,SAIA HASTY ALFAIATARIA 0001 PMGGG,89.99,16
000000798532,CALCA HASTY LINHO 0011 PMGGG,99.99,16
000000798365,CALCA HASTY LINHO JK1363 PMGG PANTA,99.99,16
000000798174,VESTIDO HASTY LESE 0005 PMGGG,149.99,16
000000798464,VESTIDO HASTY VISCO JK1339 PMGGG,149.99,16
000000801232,REGATA HASTY VISCOL ML802118 PMGG,49.99,16
000000798259,CALCA HASTY LINHO JK1531 PMGGG,99.99,16
000000798273,VESTIDO HASTY VISC JK1665 PMGG REND,149.99,16
000000801140,SHORT HASTY LINHO  JK1362 PMGG,69.99,16
000000801218,BLUSA HASTY VISCOL JK1557 PMGG PEDR,49.99,16
000000798266,VESTIDO HASTY LINHO JK1366 PMGGG,149.99,16
000000798396,BLUSA HASTY ALG 0008 PMGG APLICACAO,59.99,16
000000801270,BLUSA HASTY VISCOL PF310 PMGG BORDA,39.99,16
000000817998,REGATA HASTY VISCO 001318 PMGG APLI,49.99,16
000000798167,CROPPED HASTY LESE 0003 PMGG BOTAO,79.99,16
000000798549,REGATA HASTY CETIM 001218 PMGG ALCI,39.99,16
000000801157,COLETE HASTY LINHO 0007 PMGG BOTAO,89.99,16
000000801294,BLUSA HASTY VISCOL PF315 PMGG LESE,39.99,16
000000806855,REGATA HASTY VISCOL 806855 PMGG ALC,39.99,16
000000807029,CALCA HASTY ALFAIAT 807029 PMGG FEM,49.99,16
000000806916,SHORT HASTY LINHO 806916 PMGG,49.99,16
000000806961,CALCA HASTY ALFAIAT 806961 G1G3 FEM,59.99,16
000000807005,SHORT AZA SARJA 807005 PMGGG BOLSO,49.99,16
000000806930,SHORT HASTY ALFAIAT 806930 PMGGG,49.99,16
000000806893,SHORT HASTY LINHO 806893 PMGG FEM,69.99,16
000000806831,SHORT HASTY ALFAIATARIA 806831 PMGG,49.99,16
000000806909,CAMISA HASTY VISC 806909 PMGG ML FE,89.99,16
000000806862,CALCA HASTY LINHO 806862 PMGG FEM,89.99,16
000000806824,CAMISA HASTY LINHO 806824 PMGG ML F,89.99,16
000000806992,VESTIDO HASTY LAISE 806992 PMGG ZIP,89.99,16
000000607940,REGATA VITORIA VISCOL 8700 PMGG FIT LEGADO,14.99,16
000000678940,CAMISETE AISHTY POLIE 410244 ML AD LEGADO,49.99,16
000000712286,VESTIDO RECOLLETA LESE 2100965 G1G3 LEGADO,49.99,16
000000690157,BLUSA RECOLLETA LESE 1102377 G1G3 C LEGADO,24.99,16
000000608923,BLUSA SANGOS DRY DIVERSAS PMGG EST LEGADO,9.99,16
000000542845,MACACAO LUMAR BENGALINE 120 PMG LEGADO,9.99,16
000000549073,CALCA JEZZIAN LYCRA DIV DOWEST FEM LEGADO,9.99,16
000000587068,MACACAO LUMAR VISCOLINHO 099 PMG LEGADO,9.99,16
000000581288,CALCA LUXE JEANS DIV 36A44 MON CINT LEGADO,14.99,16
000000587297,SHORT ECXO JEANS D174 36A44 GODE BR LEGADO,9.99,16
000000419130,SAIA OLA VISCOSE A07 LEGADO,9.99,16
000000576949,CONJUNTO LL VISCOLYCRA M TIE DAY LEGADO,9.99,16
000000449984,CONJUNTO JIN D G CREPE J6960 PMG LEGADO,14.99,16
000000650489,CROPPED ESTILO MALHA 11189 PMG LEGADO,9.99,16
000000548311,MACAQUINHO DISFRUTI VISC 6602 PMG LEGADO,9.99,16
000000554626,SAIA LUMAR LONGA LISA VISCOLINHO AD LEGADO,9.99,16
000000221740,CALCA TRADICIONAL MAXSHOP LEGADO,14.99,16
000000619479,BLUSA DISFRUTI VISCOSE 8175PE G1G3 LEGADO,9.99,16
000000554619,JARDINEIRA LUMAR BENGALINE PMG LEGADO,9.99,16
000000647038,CROPPED RECOLLETA PONTO ROM 1005888 LEGADO,9.99,16
000000647045,CROPPED RECOLLETA PONTO ROM 1005891 LEGADO,9.99,16
000000647076,CROPPED RECOLLETA PONTO ROM 1005809 LEGADO,9.99,16
000000475785,BLUSA IDHOK VISCOLY 72431 G1G2G3 LEGADO,9.99,16
000000616614,CROPPED LUXE TRIC 4005001 PMG VICHY LEGADO,9.99,16
000000464222,BLUSA SABALA VISCOSE A7028 FEM AD LEGADO,9.99,16
000000567671,SHORT PARADOX LYCRA DIV 36A48 F LD LEGADO,9.99,16
000000531658,VESTIDO BOSSI PV 011 PMG SM LEGADO,9.99,16
000000647106,CROPPED RECOLLETA RIBANA 1006005 PM LEGADO,9.99,16
000000647113,CROPPED RECOLLETA EVORE 1005912 PMG LEGADO,9.99,16
000000587815,SHORT LUXE JEANS DIV AD GODE LEGADO,19.99,16
000000619936,TOP FOCUS JEANS V181692 PMG LEGADO,14.99,16
000000647014,CROPPED RECOLLETA SANTORINE 1006101 LEGADO,9.99,16
000000581707,SHORT DISFRUTI VISCOS 7540PE G1G3 LEGADO,9.99,16
000000576024,CORSARIO ARRAZANTY LYCRA 20890 PMGG LEGADO,9.99,16
000000659703,CROPPED MC JU FRESH 4594 G1G3 ESTAM LEGADO,9.99,16
000000587280,SHORT ECXO JEANS 19775 36A44 GODE LEGADO,14.99,16
000000619912,SHORT FOCUS SARJA V181262D 36A44 FE LEGADO,19.99,16
000000659741,BLUSA MC JU FRESH 4694 G1G3 SEM MAN LEGADO,9.99,16
000000634175,MACACAO ANNY CREPE 2306 M LONGO LEGADO,19.99,16
000000634199,MACAQUINHO ANNY CREPE 1801 M LEGADO,19.99,16
000000634205,MACAQUINHO ANNY CREPE 09 M LEGADO,19.99,16
000000462938,CALCA PERUSIN LYCRA DIV FE PREMIUM LEGADO,29.99,16
000000609166,SHORT GOOD BLESS MOL 1033 538 G1G3 LEGADO,9.99,16
000000659642,CROPPED MC JU VISCOSE 2093 PMGG LEGADO,9.99,16
000000659864,MACACAO MC JU VISCOSE 3293 PMGG OMB LEGADO,24.99,16
000000618892,MACACUR DISFRUTI VISC 7759PE G1G3 LEGADO,24.99,16
000000619547,CALCA BROOKS SARJA LYC 3870 36A46 F LEGADO,19.99,16
000000650342,SHORT ESTILO MALHA 30337 PMG ESTAMP LEGADO,14.99,16
000000607650,MACACAO DISFRUTI VISC 8078PE G1G3 LEGADO,24.99,16
000000649155,CROPPED AZZEJO VISCOL 1100026 PMGG LEGADO,9.99,16
000000646901,VESTIDO RECOLLETA TWELL 2001911 PMG LEGADO,19.99,16
000000646932,VESTIDO RECOLLETA CREPE 2001982 PMG LEGADO,19.99,16
000000659772,BLUSA MC JU RIBANA 4693 PMGG SILK LEGADO,9.99,16
000000618908,VESTIDO DISFRUTI VISC 8236RE PMG LO LEGADO,24.99,16
000000610230,BLUSA VILA FLOR VISCOSE V831T V1610 PMG,9.99,16
000000654234,BERMUDA MY DREAM POLIA DIV AD FITNE LEGADO,9.99,16
000000646826,SHORT RECOLLETA PONTO ROMA 9000597 LEGADO,14.99,16
000000647069,CROPPED RECOLLETA PONTO ROM 1005930 LEGADO,14.99,16
000000599825,CALCA MAX DENIM LYCRA 5382 36A52 F LEGADO,24.99,16
000000620741,CALCA MAX DENIM LYCRA 5551 PMGG MY LEGADO,24.99,16
000000651134,CROPPED DISFRUTI VISC 8509RE PMG LEGADO,14.99,16
000000653831,MACACUR DUBLACK VISCOL 5270 G1G4 FE LEGADO,19.99,16
000000632034,VESTIDO DISFRUTI VISC 8407RL PMG LO LEGADO,29.99,16
000000459938,SHORT MAX DENIM LYCRA FEM DIVER ADU LEGADO,19.99,16
000000650519,CROPPED ESTILO LESE 11271 PMG LEGADO,14.99,16
000000589581,BLUSA DISFRUTI VISC 7176RE PMG ALCA LEGADO,9.99,16
000000530415,CALCA MAX DENIM LYCRA DIV 36A52 FEM LEGADO,29.99,16
000000479004,BLUSA AIDI VISCOSE MH003 PMGG FEM LEGADO,9.99,16
000000670449,TOP CAZZIBE CREPE 4008063 PMG LEGADO,9.99,16
000000632003,BLUSA DISFRUTI VISCOSE 8389PE G1G3 LEGADO,14.99,16
000000659802,SAIA MC JU VISCOSE 1193 PMGG CURTA LEGADO,14.99,16
000000598613,BLUSA HAD LINHA 15 PMGG MC GOLA ALT LEGADO,19.99,16
000000701747,CROPPED VILA FLOR VISC V226T PMGG LEGADO,9.99,16
000000650403,MACAQUINHO ESTILO CREPE 70288 PMG LEGADO,29.99,16
000000646819,SHORT RECOLLETA SANTORINE 9000618 P LEGADO,19.99,16
000000646994,CASACO RECOLLETA CREP 1400077 AD MC LEGADO,19.99,16
000000483919,BLUSA OLA VISCOLY S-03 YS-01 PMG LEGADO,14.99,16
000000517218,BLUSA MONA ISHA VISC 5025 PMG LEGADO,14.99,16
000000654289,CROPPED P.L.A. SUPLEX M ESTAMPADO LEGADO,14.99,16
000000651004,MACACAO DISFRUTI VISC 8543PL G1G3 LEGADO,29.99,16
000000568135,SHORT GOOD BLESS MOL 2033 537 AD VI LEGADO,9.99,16
000000620352,CROPPED P.L.A. RENDA 70 PMG LEGADO,9.99,16
000000646918,VESTIDO RECOLLETA PONTO ROM 2001935 LEGADO,19.99,16
000000646925,VESTIDO RECOLLETA PONTO ROM 2001981 LEGADO,19.99,16
000000618663,MACAQUINHO RALALINDA POLI 91622 PMG LEGADO,19.99,16
000000663113,TOP VILA FLOR VISC V572T ALCA PMGG LEGADO,9.99,16
000000663083,BLUSA VILA FLOR VISC V571T ML PMGG LEGADO,19.99,16
000000651066,SAIA DISFRUTI VISC 8524PE G1G3 MIDI LEGADO,29.99,16
000000653817,SHORT DUBLACK RIBANA 4717 G1G4 FEM LEGADO,9.99,16
000000651110,SHORT DISFRUTI VISC 6857PL G1G3 LEGADO,19.99,16
000000654258,CROPPED MY DREAM POLIA DIV AD FITNE LEGADO,9.99,16
000000582926,TOP RALALINDA LYCRA 101021 G1G3 LEGADO,9.99,16
000000654265,TOP MY DREAM POLIA DIV AD FITNESS F LEGADO,9.99,16
000000618847,MACAQUINHO DISFRUTI VISC 8228RL PMG LEGADO,14.99,16
000000647083,CROPPED RECOLLETA PONTO ROM 1006083 LEGADO,14.99,16
000000659635,CROPPED MC JU VISCOSE 1093 PMGG OMB LEGADO,14.99,16
000000619943,TOP FOCUS SARJA V181692SJ PMG LEGADO,19.99,16
000000646864,SAIA RECOLLETA PONTO ROMA 5000937 P LEGADO,19.99,16
000000554695,CALCA JEZZIAN JEANS HOT DIV AD IMP LEGADO,24.99,16
000000580762,CALCA LUXE JEANS DIV 38A46 FEM LEGADO,24.99,16
000000634113,CONJUNTO ANNY CREPE 2403 M SHORT LEGADO,24.99,16
000000634137,CONJUNTO ANNY CREPE 4520 M SHORT LEGADO,24.99,16
000000634144,CONJUNTO ANNY CREPE 2808 M SHORT LEGADO,24.99,16
000000634168,CONJUNTO ANNY CREPE 1522 M CALCA LEGADO,24.99,16
000000646741,CALCA RECOLLETA SANTORINI 3000765 P LEGADO,24.99,16
000000646772,CALCA RECOLLETA PONTO ROMA 3000737 LEGADO,24.99,16
000000647236,MACAQUINHO RECOLLETA CREPE 7100187 LEGADO,24.99,16
000000650878,MACAQUINHO LUXE LYCRA DIV 36A44 LEGADO,24.99,16
000000663106,SHORT VILA FLOR VISC V580T PMGG FEM LEGADO,14.99,16
000000649162,BLUSA AZZEJO VISCOLIN 1004423 PMGG LEGADO,14.99,16
000000622561,BLUSA VILA FLOR VISCOL V505M PMGG LEGADO,14.99,16
000000651073,SAIA DISFRUTI VISC 8474PL G1G3 MIDI LEGADO,19.99,16
000000651189,BLUSA DISFRUTI VISC 8546PE G1G3 LEGADO,14.99,16
000000647052,CROPPED RECOLLETA RIBANA 1006087 PM LEGADO,14.99,16
000000667029,BLUSA SANGOS RIBANA 4798 PMGG NEON LEGADO,9.99,16
000000646840,SAIA RECOLLETA PONTO ROMA 5000943 P LEGADO,19.99,16
000000670944,SHORT JEZZIAN JEANS DIV 36A44 FEM LEGADO,19.99,16
000000659666,CROPPED MC JU RIBANA 3793 PMGG OMBR LEGADO,9.99,16
000000650427,MACAQUINHO ESTILO LUREX 70151 PMG LEGADO,29.99,16
000000650885,JARDINEIRA LUXE LYCRA DIV 38A44 LEGADO,29.99,16
000000513180,CALCA DYJORIS LYCRA DIVERSAS FEM LEGADO,29.99,16
000000649100,SAIA AZZEJO VISCOL 2000365 PMGG MID LEGADO,19.99,16
000000622585,BLUSA VILA FLOR VISC V504T PMG PLUS LEGADO,14.99,16
000000618601,TOP RALALINDA POLI 101522 G1G3 BOJO LEGADO,14.99,16
000000688956,SAIA STYLE LINHO 0085 PMGG MIDI LEGADO,29.99,16
000000701730,CROPPED VILA FLOR VISC V229T PMGG LEGADO,14.99,16
000000659673,CROPPED MC JU FRESH 5193 PMGG S MAN LEGADO,9.99,16
000000687850,CAMISETE BLUDSON MISTO DIV PMGG ML LEGADO,9.99,16
000000690652,CROPPED GADANI CREPE 5992 PMGG LEGADO,19.99,16
000000651011,CALCA DISFRUTI VISC 8481PL G1G3 PAN LEGADO,24.99,16
000000646895,VESTIDO RECOLLETA TULE 2001985 PMGG LEGADO,29.99,16
000000690089,VESTIDO RECOLLETA VEGAS 2101068 G1G LEGADO,29.99,16
000000690232,CALCA RECOLLETA CREPE 3000954 PMGG LEGADO,29.99,16
000000690249,CALCA RECOLLETA CREPE 3000960 PMGG LEGADO,29.99,16
000000691765,CROPPED GOOD BLESS MOL 607 PMGG LEGADO,9.99,16
000000659796,BLUSA MC JU MM 7493 PMGG LAPELA SIL LEGADO,14.99,16
000000649674,REGATA VILA FLOR MALHA V964M G1G3 LEGADO,9.99,16
000000650991,MACAQUINHO DISFRUTI VISC 8532PL G1G LEGADO,29.99,16
000000649094,SAIA AZZEJO PONTO ROMA 2000238 PMGG LEGADO,24.99,16
000000631990,BLUSA DISFRUTI VISC 8348PL G1G3 CIG LEGADO,19.99,16
000000618595,TOP RALALINDA POLI 101122 G1G3 DETA LEGADO,14.99,16
000000165396,BERMUDA TRADICIONAL MAXSHOP LEGADO,14.99,16
000000647090,CROPPED RECOLLETA RIBANA 1006094 PM LEGADO,14.99,16
000000646765,CALCA RECOLLETA PONTO ROMA 3000729 LEGADO,29.99,16
000000690720,BERMUDA GADANI CREPE 5942 PMGG LEGADO,29.99,16
000000650441,VESTIDO ESTILO LUREX 50193 PMG LEGADO,29.99,16
000000647205,BERMUDA RECOLLETA SANTORINE 9000589 LEGADO,24.99,16
000000706889,BABY LOOK CDKA MM 373 G1G3 LEGADO,9.99,16
000000580786,SHORT LUXE JEANS DIV AD FEM LEGADO,19.99,16
000000620208,SHORT SAIA P.L.A. BENGAL 2000 PMG LEGADO,19.99,16
000000647175,BLUSA RECOLLETA PONTO ROMA 1005919 LEGADO,19.99,16
000000650533,REGATA ESTILO LUREX 10641 PMGG LEGADO,19.99,16
000000670272,VESTIDO CAZZIBE VISC 4007074 PMG CU LEGADO,19.99,16
000000670289,VESTIDO CAZZIBE CREP 4007075 PMG CU LEGADO,19.99,16
000000659659,CROPPED MC JU VISCOSE 1893 PMGG ELA LEGADO,14.99,16
000000649117,CALCA AZZEJO P. ROMA 3000606 PMGG F LEGADO,29.99,16
000000651059,SAIA DISFRUTI VISC 8524RL PMG MIDI LEGADO,29.99,16
000000646963,VESTIDO RECOLLETA EVORE 6000229 PMG LEGADO,39.99,16
000000653800,REGATA DUBLACK RIBANA 4708 G1G4 LIS LEGADO,9.99,16
000000618588,TOP RALALINDA POLI 101922 G1G3 LEGADO,14.99,16
000000650434,VESTIDO ESTILO CREPE 50534 PMG LEGADO,39.99,16
000000663151,BLUSA VILA FLOR MM V550M CROPED G1G LEGADO,14.99,16
000000651028,CALCA DISFRUTI VISC 8470PL G1G3 LEGADO,24.99,16
000000669665,CROPPED VITORIA MM 80203 PMGG LEGADO,9.99,16
000000481823,JARDINEIRA VESTY BRASIL JEANS DIVER LEGADO,14.99,16
000000608909,SHORT CARMEM MOL 2171 PMGG TRICOLOR LEGADO,14.99,16
000000647137,BODY RECOLLETA PONTO ROMA 1300052 P LEGADO,19.99,16
000000672054,REGATA JWZ VISCOSE 57159 PMGG LEGADO,19.99,16
000000618618,TOP RALALINDA POLI 94922 PMGG SILK LEGADO,24.99,16
000000655323,SAIA TEEZZ JEANS DIV 38A54 F SALDO LEGADO,24.99,16
000000681971,CALCA MAX DENIN JEAN 5934 AD GRAVID LEGADO,39.99,16
000000690645,COLETE GADANI ZURIQUE 6017 PMGG LEGADO,24.99,16
000000651196,TOP DISFRUTI VISC 8579RL PMG LEGADO,14.99,16
000000618670,BODY RALALINDA POLI 91722 PMGG LEGADO,19.99,16
000000646987,VESTIDO RECOLLETA RIBANA 2002073 PM LEGADO,49.99,16
000000632140,MACACAO VILA FLOR RIB V541M PLUS LEGADO,29.99,16
000000659697,CROPPED MC JU MM 6893 PMGG SILK LEGADO,14.99,16
000000634090,CONJUNTO ANNY CREPE 742 M SAIAO LEGADO,29.99,16
000000634106,CONJUNTO ANNY CREPE 2806 M SHORT LEGADO,29.99,16
000000634151,CONJUNTO ANNY CREPE 1112 M CALCA LEGADO,29.99,16
000000690096,SAIA RECOLLETA CREPE 5001101 PMGG M LEGADO,29.99,16
000000690287,SHORT RECOLLETA CREPE 9100392 G1G3 LEGADO,29.99,16
000000649698,VESTIDO VILA FLOR VISCOSE V566T PMG LEGADO,29.99,16
000000647007,CROPPED RECOLLETA SANTORINE 1006096 LEGADO,19.99,16
000000692052,BLUSA DISFRUTI VISCOS 9753PL G1G3 F LEGADO,14.99,16
000000676373,BLUSA RECOLLET RIB 1102265 G1G3 3 4 LEGADO,29.99,16
000000511162,BLUSA FLORART DRY FIT PMG LEGADO,9.99,16
000000691857,BLUSA SANGOS VISCOLY 9228 PMGGG FEM LEGADO,9.99,16
000000680998,TOP LEYPERGIRLS POLIA 204 MGGG BOJO LEGADO,19.99,16
000000665001,CALCA MAX DEN SARJ 5878 AD BAGGY NE LEGADO,39.99,16
000000691703,REGATA SANGOS VISCOLY 9196 AD ALCA LEGADO,9.99,16
000000619875,CALCA FOCUS SARJA V181662 36A44 FEM LEGADO,39.99,16
000000711586,TOP JOINHA MODAL 320282 FAIXA LEGADO,14.99,16
000000690911,MACAQUINHO ESTILO LESE 70749 PMG LEGADO,29.99,16
000000691895,VESTIDO SANGOS VISCOLY 5376 AD LONG LEGADO,29.99,16
000000691871,VESTIDO SANGOS VISCOLY 5367 AD CURT LEGADO,19.99,16
000000635516,CALCA MORENA LYCRA 3005 38A44 DESTR LEGADO,39.99,16
000000635523,CALCA MORENA LYCRA 10048 38A44 FLAR LEGADO,39.99,16
000000689182,CALCA STYLO CREPE 0102703 PMG PANTA LEGADO,39.99,16
000000689199,CALCA STYLO CREPE 0102661 PMG JOGGE LEGADO,39.99,16
000000676052,SHORT JEANS.COM JEANS DIV 36A46 LEGADO,24.99,16
000000690102,SAIA RECOLLETA LESE 5001106 PMGG CU LEGADO,24.99,16
000000694780,BLUSA MODALOKA CREPE 313 G1G3 S MAN LEGADO,24.99,16
000000676151,T-SHIRT WINDLIFE MM DIV PMGG SILK LEGADO,9.99,16
000000694537,BLUSA SANGOS VISCOL 9222 PMGG CROPP LEGADO,9.99,16
000000690324,BLUSA AZZEJO VISCOSE 1004620 PMGG LEGADO,19.99,16
000000711746,BERMUDA LEYPERGIRLS JACKAR 182 MGGG LEGADO,19.99,16
000000682312,CALCA RECOLLETA P.ROMA 3000952 PMGG LEGADO,39.99,16
000000701815,SAIA VILA FLOR VISC V233T PMGG LONG LEGADO,19.99,16
000000598736,TOP PHIZALIS LYCRA 600 G1G3 LEGADO,9.99,16
000000689007,BLUSA STYLO VISCOLINHO 0102740 PMG LEGADO,24.99,16
000000689205,SHORT STYLO LINHO 0102769 PMG LEGADO,24.99,16
000000689212,SHORT STYLO LINHO 0102582 PMG LEGADO,24.99,16
000000690133,BLUSA RECOLLETA LUREX 1006713 PMGG LEGADO,24.99,16
000000690140,BLUSA RECOLLETA CREPE 1007000 PMGG LEGADO,24.99,16
000000690171,BLUSA RECOLLETA CREPE 1102337 G1G3 LEGADO,24.99,16
000000690188,BLUSA RECOLLETA CREPE 1102448 G1G3 LEGADO,24.99,16
000000690195,CROPPED RECOLLETA CREPE 1006792 PMG LEGADO,24.99,16
000000690270,SHORT RECOLLETA CREPE 9100499 G1G3 LEGADO,24.99,16
000000690683,BLUSA GADANI CREPE 6012 PMGG OMBRO LEGADO,24.99,16
000000650328,SHORT SAIA ESTILO CREPE 30326 PMG LEGADO,29.99,16
000000649964,MACACAO VILA FLOR VISC V563T PMGG LEGADO,29.99,16
000000680776,SAIA PLAY DENIM SARJ V182113 AD CAR LEGADO,39.99,16
000000690898,VESTIDO ESTILO INVICT 50772 PMG MID LEGADO,39.99,16
000000694865,VESTIDO MODALOKA CREPE 310 G1G3 LEGADO,39.99,16
000000537650,BERMUDA FITEDI COTTON CICLISTA LEGADO,9.99,16
000000618540,SHORT RALALINDA POLI 92822 PMGG REC LEGADO,14.99,16
000000654227,SHORT MY DREAM POLIA DIV PMGG FITNE LEGADO,14.99,16
000000690850,VESTIDO ESTILO LESE 50809 PMG CURTO LEGADO,29.99,16
000000689984,CROPPED GABY LINHO 10204 PMGG LEGADO,24.99,16
000000541947,LEGGING PHIZALIS SUPLEX 100 PMGG LEGADO,9.99,16
000000690201,CROPPED RECOLLETA P.ROMA 1006953 AD LEGADO,19.99,16
000000690225,CROPPED RECOLLETA LESE 1006913 PMGG LEGADO,19.99,16
000000690591,TOP RECOLLETA CREPE 1006139 PMG LEGADO,19.99,16
000000694551,MACAQUINHO SANGOS RIBANA 5389 PMGG LEGADO,19.99,16
000000691901,VESTIDO SANGOS VISCOLY 5377 AD LONG LEGADO,29.99,16
000000690867,VESTIDO ESTILO CREPE 50754 PMG CURT LEGADO,39.99,16
000000706476,VESTIDO JOINHA LINHA 310202 LEGADO,39.99,16
000000701785,MACAQUINHO VILA FLOR RIB V231 PMGG LEGADO,19.99,16
000000690713,SHORT GADANI CREPE 6013 PMGG LEGADO,29.99,16
000000700344,TOP PLAY DENIM SARJA V182153 PMGG LEGADO,29.99,16
000000689960,SHORT GABY LINHO 85107 PMGG CINTO LEGADO,29.99,16
000000690034,BLUSA GABY CREPE 10225 PMGG BABADO LEGADO,29.99,16
000000700306,SHORT PLAY DENIM JEAN V182063 36A44 LEGADO,39.99,16
000000653404,T SHIRT VITORIA VISCOLY AD DIVER FE LEGADO,9.99,16
000000691772,CROPPED GOOD BLESS MOL 696 PMGG LEGADO,9.99,16
000000706834,REGATA JOINHA LINHA 320300 C BOLSO LEGADO,9.99,16
000000632539,CROPPED P.L.A. SUPLEX 06 M LEGADO,14.99,16
000000689267,BLUSA OSTENTACAO VISCOL DIV G1G3 LEGADO,19.99,16
000000694735,CROPPED MODALOKA CREPE 6549 PMG LEGADO,19.99,16
000000706506,BLUSA JOINHA LINHA 320283 LEGADO,19.99,16
000000706520,BLUSA JOINHA LINHA 320305 LEGADO,19.99,16
000000206938,CALCA CAPRI MAXSHOP LEGADO,24.99,16
000000562461,SHORT RHODE JEANS DIV 36A44 BARRA V LEGADO,24.99,16
000000654333,CALCA CAZZIBE CREPE 6004041 PMG FEM LEGADO,24.99,16
000000670227,VESTIDO CAZZIBE CREPE 4007077 PMG LEGADO,24.99,16
000000690409,SHORT AZZEJO ALFAIAT 0930019 PMGG LEGADO,24.99,16
000000704083,BLUSA MALWEE VISCOSE 70944 PMGG LEGADO,24.99,16
000000670326,CONJUNTO CAZZIBE CREPE 4007013 PMG LEGADO,29.99,16
000000690690,BLUSA GADANI CREPE 5939 PMGG LEGADO,29.99,16
000000690881,VESTIDO ESTILO P.ROMA 50745 PMG CUR LEGADO,39.99,16
000000694841,CALCA MODALOKA CREPE 311 G1G3 LEGADO,49.99,16
000000609142,SHORT GOOD BLESS MOL DIV G1G3 BOLS LEGADO,14.99,16
000000691789,CROPPED GOOD BLESS MOL 608 PMGG CPZ LEGADO,14.99,16
000000668521,LEGGING AMPLIATO SUPLEX LG002 PMGGG LEGADO,19.99,16
000000689236,VESTIDO STYLO CREPE 0102715 PMG LEGADO,39.99,16
000000689243,VESTIDO STYLO VISCOSE 0102654 PMG LEGADO,39.99,16
000000694858,MACAQUINHO MODALOKA CREPE 359 G1G3 LEGADO,39.99,16
000000689946,CALCA GABY ALFAIATARIA 18195 PMGG F LEGADO,39.99,16
000000676366,TUNICA RECOLLE CRE 1102221 G1G3 MC LEGADO,29.99,16
000000688949,SHORT STYLE LINHO 1972 PMGG CARGO LEGADO,29.99,16
000000678964,CAMISETE AISHTY POLIE 410211 ML AD LEGADO,29.99,16
000000690072,VESTIDO RECOLLETA LESE 2100975 G1G3 LEGADO,49.99,16
000000575737,SHORT VILA FLOR VISC V788M V850M PM LEGADO,9.99,16
000000689427,VESTIDO OSTENTACAO VISC 3048900 PMG LEGADO,19.99,16
000000690874,VESTIDO ESTILO CREPE 50748 PMG CURT LEGADO,39.99,16
000000685269,CONJUNTO VILA FLOR VISC V214T PMGG LEGADO,29.99,16
000000542029,TOP PHIZALIS POL 600 PMGG LEGADO,9.99,16
000000692069,BLUSA DISFRU CREP 9340PL G1G3 OMBRO LEGADO,14.99,16
000000676304,CALCA RECOLLETA CREP 3100455 G1G3 F LEGADO,49.99,16
000000609159,SHORT GOOD BLESS MOL DIV PMGG BOLSO LEGADO,14.99,16
000000633710,CROPPED P.L.A. SUPLEX 85 NEON M LEGADO,14.99,16
000000686372,SHORT ROSA MARIA POLIA DIV PMGGG FE LEGADO,14.99,16
000000686396,TOP ROSA MARIA POLIA DIV PMGGG LISO LEGADO,14.99,16
000000690935,SHORT ESTILO LINHO 30450 PMG LEGADO,29.99,16
000000698795,SHORT AISHTY PU 410299 PMGGG FEM LEGADO,29.99,16
000000688918,CALCA STYLE LINHO 66188 PMGG CARGO LEGADO,59.99,16
000000646734,CALCA RECOLLETA CREPE 3000722 PMGG LEGADO,49.99,16
000000676298,CALCA RECOLLETA CREP 3100376 G1G3 F LEGADO,49.99,16
000000690300,CROPPED AZZEJO CREPE DIVERSOS PMGGG LEGADO,24.99,16
000000511179,BLUSA FLORART DRY REGATA PLUS GGGXG LEGADO,14.99,16
000000694742,CROPPED MODALOKA P.ROMA 6717 PMG LEGADO,19.99,16
000000689229,SHORT STYLO LINHO 0102695 PMG LEGADO,29.99,16
000000689021,SHORT WORLD JEANS LYC DIV 36A44 FEM LEGADO,39.99,16
000000698009,CALCA BIOTIPO JEAN 28804 36A46 FLAR LEGADO,79.99,16
000000693738,BLUSA YELLOW PINK CREPE 2471 MGG LEGADO,24.99,16
000000698801,CALCA AISHTY PU 410296 410400 AD FE LEGADO,49.99,16
000000649742,VESTIDO VILA FLOR VISCOSE V731T PMG LEGADO,24.99,16
000000638326,BERMUDA JEZZIAN JEANS DIV 46A54 LEGADO,39.99,16
000000676144,T-SHIRT WINDLIFE MM DIV PMGG ESTONA LEGADO,14.99,16
000000686723,SHORT AISHTY VISC 210402 214279 PMG,14.99,16
000000689113,BLUSA STYLO PROPRIO VISCOL DIV PMG LEGADO,14.99,16
000000710770,SHORT JEZZIAN POLIA EK230623 AD FE LEGADO,14.99,16
000000688970,BLUSA STYLO CREPE 0102616 PMG LEGADO,29.99,16
000000688987,BLUSA STYLO VISCOSE 0102748 PMG LEGADO,29.99,16
000000689090,CROPPED STYLO CREPE 0102670 PMG LEGADO,29.99,16
000000689106,CROPPED STYLO CREPE 0102672 PMG LEGADO,29.99,16
000000690966,CROPPED ESTILO LINHO 11579 PMG LEGADO,29.99,16
000000748056,SHORT GOOD BLESS MOLETINHO 2510 PMG LEGADO,14.99,16
000000690959,CROPPED ESTILO LESE 11747 PMG LEGADO,24.99,16
000000739108,BERMUDA MAX.D JEAN 6296 AD JORTS PR LEGADO,49.99,16
000000678094,CROPPED P.L.A. VISCOL 05 AD ESTRELA LEGADO,19.99,16
000000561051,CALCA PARADOX JEANS 10633 AD F JOGU LEGADO,39.99,16
000000618274,SHORT ESTRAVASA JEANS DIV 46A54 MEI LEGADO,39.99,16
000000633680,CONJUNTO P.L.A.SAIACRO 82 NEON SUPL LEGADO,39.99,16
000000739351,BERMUDA ESTRAVASA JEANS 46A54 PEDAL LEGADO,39.99,16
000000752992,BERMUDA PHIZALIS SUP 205-305 AD ZIG LEGADO,14.99,16
000000632485,CROPPED P.L.A. RIBANA 01 M LEGADO,14.99,16
000000700481,SHORT DERICK JEANS 135 36A44 MEIA C LEGADO,29.99,16
000000679060,SHORT AISHTY LINHO 410227 PMGG FEM LEGADO,39.99,16
000000575546,BLUSA VILA FLOR VISCOL V0003 PMGG LEGADO,24.99,16
000000701686,BLUSA VILA FLOR VISC V896M PLUS LEGADO,19.99,16
000000678087,CROPPED P.L.A. SUPLEX 03 ADULTO LEGADO,19.99,16
000000684255,CROPPED SANGOS VISCOLY 4866 AD ML LEGADO,19.99,16
000000686365,LEGGING ROSA MARIA POLIA DIV AD LIS LEGADO,19.99,16
000000711012,CROPPED P.L.A. SUPLEX 534ABCD PMG LEGADO,19.99,16
000000711029,CROPPED P.L.A. SUPLEX 535-615-536 LEGADO,19.99,16
000000698757,BLUSA JIN D G VISCOL DIV PMGG FEM,24.99,16
000000672023,CROPPED JWZ VISCOSE 57309 57277 PMG LEGADO,29.99,16
000000679022,CROPPED AISHTY LINHO 410226 PMGG LEGADO,29.99,16
000000690973,BLUSA ESTILO LESE 11737 PMG CIGANIN LEGADO,29.99,16
000000710992,BLUSA P.L.A PAETE 174-228-175-229 LEGADO,29.99,16
000000728966,BLUSA RECOLLETA VISCO 1007488 MC LEGADO,29.99,16
000000733410,BLUSA JWZ ALG 26321 CORACAO BORD LEGADO,29.99,16
000000694797,SAIA MODALOKA CREPE 6548 PMG MIDI LEGADO,39.99,16
000000745253,VESTIDO DIFRUTI RIB 311781PL G1G3 LEGADO,29.99,16
000000727433,VESTIDO GOOD BLESS MM 722 PMGGG MID LEGADO,24.99,16
000000745208,REGATA DISFRUTI DUNA 311167RL PMGG LEGADO,14.99,16
000000694476,REGATA SANGOS DRY 6196 G1G4 FEM LEGADO,14.99,16
000000694483,REGATA SANGOS DRY 6197 G1G4 FEM LEGADO,14.99,16
000000694490,REGATA SANGOS DRY 6198 G1G4 FEM LEGADO,14.99,16
000000758659,VESTIDO ESTILO A SCUBA GLOW 51005 LEGADO,49.99,16
000000568883,CALCA JEANS.COM LYCRA DIV 36A46 FEM LEGADO,49.99,16
000000759823,SHORT ZEERUCCI POLY 700013 MGGG LEGADO,39.99,16
000000742689,VESTIDO VILA FLOR VISCOSE V224 PLUS LEGADO,49.99,16
000000743037,TOP SANGOS SUPLEX 3D 6241 PLUS LEGADO,19.99,16
000000745260,VESTIDO DIFRUTI DUNA  311222RL PMG LEGADO,39.99,16
000000685276,MACAQUINHO VILA FLOR RIB V215M PMGG LEGADO,29.99,16
000000692076,BLUSA DISFRUTI DUNA 9866PL G1G3 FEM LEGADO,29.99,16
000000692168,VESTIDO DISFRUT DUNA 9936PL G1G3 LO LEGADO,29.99,16
000000742535,CROPPED VILA FLOR MALHA V1053 PMGGG LEGADO,19.99,16
000000742580,CROPPED VILA FLOR MALHA V1040 PMGGG LEGADO,19.99,16
000000607933,BLUSA VITORIA VISCOL 8702 PMGG FITN LEGADO,14.99,16
000000745222,REGATA DISFRUTI RIB 311745PE G1G3 LEGADO,14.99,16
000000758475,REGATA SANGOS RIBANA 5482 PMGGG LEGADO,14.99,16
000000766241,BLUSA JZW ALG 2371 PLUS CEREJA LEGADO,29.99,16
000000664868,CROPPED P.L.A. PAETE 04 05 ADULTO LEGADO,29.99,16
000000529433,SHORT RHODE JEANS FEM ADULTO DESFIA LEGADO,29.99,16
000000767125,VESTIDO MOSAICO RIB 21210261 AD MID LEGADO,49.99,16
000000704038,BLUSA MALWEE MALHA 4499 PMGG LEGADO,19.99,16
000000728980,BLUSA RECOLLETA PIED 1007508 LEGADO,24.99,16
000000751827,TOP AMEI SUPLEX 30159 PMGGG LEGADO,24.99,16
000000650007,MACACAO VILA FLOR VISC V981M G1G3 LEGADO,39.99,16
000000758697,MACAQUINHO ESTILO A MARANT 70834 PM LEGADO,69.99,16
000000755917,BLUSA VILA FLOR MM V1112 PLUS LEGADO,24.99,16
000000738125,TOP GO WEST C488315 PMGGG LEGADO,14.99,16
000000329064,BLUSA AISHTY HELANCA 131206 CX20A LEGADO,19.99,16
000000724425,SHORT WE RE TACTEL Q17 FEM AD LEGADO,19.99,16
000000654456,SHORT CAZZIBE CREP 4005029 AD FEM LEGADO,19.99,16
000000677349,T SHIRT ELEMENTO ZERO 30054 PMGGG F LEGADO,19.99,16
000000677356,CROPPED ELEMENTO ZERO 30063 PMGGG F LEGADO,19.99,16
000000689045,BLUSA STYLO PROPRIO VISCOL DIV G1G3 LEGADO,19.99,16
000000758185,BLUSA ANJUU VISCOSE 410692 PMGGG LEGADO,29.99,16
000000694827,SHORT SAIA MODALOKA P.ROMA 6553 PMG LEGADO,39.99,16
000000654166,CALCA LEYPERGIRLS POLIE 175 AD TRAB LEGADO,39.99,16
000000462358,TOP ZERRUCCI POLY 400002 DUPLA FACE LEGADO,29.99,16
000000691680,REGATA SANGOS VISCOS 6212 PMGGG FEM LEGADO,14.99,16
000000757447,SAIA RECOLLETA 4100029 G1G2G3 LEGADO,49.99,16
000000759090,SHORT ROVITEX IC02586 G1G2G3 LEGADO,19.99,16
000000758895,REGATA ROVITEX 6168355 PMG FEM LEGADO,19.99,16
000000599481,BERMUDA AMPLIATO SUPLEX PMGG DETALH LEGADO,24.99,16
000000610292,BLUSA VILA FLOR MM V832M PMG AMARRA LEGADO,19.99,16
000000745239,BLUSA DISFRUTI RIB 311787RL PMGG LEGADO,14.99,16
000000622684,VESTIDO VILA FLOR VISC V836T PMGG LEGADO,29.99,16
000000757126,VESTIDO RECOLLETA 2002889 PMGGG LEGADO,49.99,16
000000755931,CROPPED VILA FLOR MM V1104 PLUS LEGADO,19.99,16
000000764476,CROPPED DISNEY MM 6210 PMGGG CM LEGADO,14.99,16
000000751902,BLUSA DEF 6021-22-25-44-45-70-80 AD LEGADO,14.99,16
000000764469,BLUSA DISNEY MM 6213 PMGGG LEGADO,14.99,16
000000204064,SHORT TRADICIONAL MAXSHOP LEGADO,14.99,16
000000753050,BERMUDA PHIZALIS SUPLEX 302 G1AG3 LEGADO,14.99,16
000000689304,BLUSA OSTENTACAO VISCOL DIV PMGG LEGADO,24.99,16
000000511148,BLUSA FLORART VISCOLY DIV GGXGG LEGADO,24.99,16
000000690980,VESTIDO ESTILO LESE 50837 PMG CURTO LEGADO,49.99,16
000000748766,VESTIDO LABELLA MODAL 876 MC LEGADO,69.99,16
000000694520,REGATA SANGOS DRY 6209 PMGG FEM LEGADO,14.99,16
000000632492,CROPPED P.L.A. RIBANA 02 M LEGADO,14.99,16
000000538695,SAIA MURANO JEANS 7148 36A44 ZIPER LEGADO,14.99,16
000000701723,BLUSA VILA FLOR MALHA V885M PMGG LEGADO,19.99,16
000000622738,VESTIDO VILA FLOR VISCOL V975M PLUS LEGADO,39.99,16
000000767293,SHORT MOSAICO RUSTICK 25050153 PMGG LEGADO,29.99,16
000000541992,SHORT PHIZALIS HELANCA 400 PMGG LEGADO,9.99,16
000000764452,CROPPED DISNEY MM 6211 PMGGG LEGADO,14.99,16
000000745192,REGATA DISFRUTI RIB 311180RL PMGG LEGADO,14.99,16
000000752985,SHORT PHIZALIS SUPLEX 404 PMGGG ZIG LEGADO,14.99,16
000000764445,REGATA DISNEY MM 6212 PMGGG LEGADO,14.99,16
000000758192,BLUSA ANJUU VISCOSE 410808 PMGGG LEGADO,19.99,16
000000758208,BLUSA ANJUU VISCOSE 410813 PMGGG LEGADO,19.99,16
000000758215,BLUSA ANJUU VISCOSE 410814 PMGGG LEGADO,19.99,16
000000758482,SHORT SANGOS RIBANA 5483 PMGGG LEGADO,19.99,16
000000582902,TOP RALALINDA LYCRA 46520 PMGG LEGADO,19.99,16
000000733557,BLUSA AISHTY POLIESTER 410867 PMGGG LEGADO,29.99,16
000000758239,BLUSA ANJUU POLI 410859 PMGGG LEGADO,29.99,16
000000758253,BLUSA ANJUU POLI 410880 PMGGG LEGADO,29.99,16
000000758260,BLUSA ANJUU POLI 410883 PMGGG LEGADO,29.99,16
000000655569,CONJUNTO GOOD BLESS MOL 540 AD FEM LEGADO,39.99,16
000000733397,BLUSA JWZ MODAL 3685 MC GOLA ALTA LEGADO,39.99,16
000000759014,TOP ROVITEX E15036 PMGGG LEGADO,39.99,16
000000761161,BERMUDA MAX DENIM JEANS 6513 FEM PL LEGADO,69.99,16
000000767262,TOP MOSAICO MALHA 23260121 PMGG LEGADO,14.99,16
000000566209,BLUSA VITORIA VISC 9366 PLUS LEGADO,19.99,16
000000663137,VESTIDO VILA FLOR VISC V590M G1G3 LEGADO,39.99,16
000000732987,LEGGING ZEERUCCI POLY 601053 G1AG3 LEGADO,89.99,16
000000751889,CROPPED DEF VISCOLYCRA 6003 PMGGG LEGADO,14.99,16
000000742672,VESTIDO VILA FLOR VISCOSE V223 PLUS LEGADO,59.99,16
000000755870,BLUSA VILA FLOR MM V1109 PMGG LEGADO,24.99,16
000000755900,BLUSA VILA FLOR MM V1110 PMGG LEGADO,24.99,16
000000735452,LEGGING PHIZALIS SUPLEX 103 AD ZIG LEGADO,24.99,16
000000767149,REGATA MOSAICO LESE 23060123 PMGG LEGADO,24.99,16
000000767170,REGATA MOSAICO RIB 23372025 AD GOLA LEGADO,24.99,16
000000767248,CROPPED MOSAICO TRICO 23130181 PMGG LEGADO,24.99,16
000000754422,CALCA JEANS.COM JCF0815 38A44 FLARE LEGADO,69.99,16
000000622691,VESTIDO VILA FLOR VISC V840M PMGG LEGADO,29.99,16
000000739214,CALCA VILA FLOR VISCOSE P523T PMGG LEGADO,39.99,16
000000738057,CALCA AZA C4883042B G1G2G3 LEGADO,29.99,16
000000759816,SHORT ZEERUCCI POLY 700004 PMGG LEGADO,39.99,16
000000742542,BLUSA VILA FLOR MALHA V1050 PMGGG LEGADO,24.99,16
000000758154,BLUSA ANJUU VISCOSE 230686-1 PMGGG LEGADO,24.99,16
000000555333,BLUSA ENDLESS VISCOSE E12777 PMGG F LEGADO,24.99,16
000000758680,CROPPED ESTILO A TOSCANA 12144 PMGG LEGADO,49.99,16
000000749183,REGATA MALWEE MM 120084 04A08 FEM LEGADO,14.99,16
000000610407,BLUSA VILA FLOR MALHA V962 G1G3 LEGADO,29.99,16
000000743136,CONJUNTO SANGOS RIBANA 5471 PMGG FE LEGADO,39.99,16
000000695497,TOP ZEERUCCI POLY 401049 MGGG LEGADO,29.99,16
000000655576,CONJ GOOD BLESS MOL 531 2522 AD FEM LEGADO,39.99,16
000000767101,VESTIDO MOSAICO MM 21210265 AD LONG LEGADO,49.99,16
000000487672,SHORT MACAWUS BRIM FEM ADULTO SALDO LEGADO,14.99,16
000000747585,BLUSA GOOD BLESS MM 2512 PMGG FEM LEGADO,14.99,16
000000751896,BLUSAS DEF VISC 6001-02-35-38-41 AD LEGADO,14.99,16
000000739399,SHORT OPPS MALHA 040 055 PMGGG FEM LEGADO,14.99,16
000000758291,SHORT ANJUU VISC 210446 230635 EST LEGADO,14.99,16
000000733502,SHORT JWZ CREPE 1312 G1AG3 ELASTICO LEGADO,29.99,16
000000633727,BODY P.L.A. SUPLEX 86 NEON M LEGADO,29.99,16
000000633734,BODY P.L.A. SUPLEX 87 NEON M LEGADO,29.99,16
000000685283,CALCA VILA FLOR VISCOSE V213T PMGG LEGADO,39.99,16
000000698719,BLUSA VITORIA VISCO 800656 PLUS LEGADO,24.99,16
000000731102,CALCA RECOLLETA VISCO 3001142 PMGGG LEGADO,49.99,16
000000733472,CROPPED JWZ JEANS 17001 PEROLAS LEGADO,49.99,16
000000622660,VESTIDO VILA FLOR VISCOL V861M PMGG LEGADO,49.99,16
000000755962,CROPPED VILA FLOR MM V1099 PMGG LEGADO,19.99,16
000000537728,BLUSA ARCO IRIS TRICO MK600 PMG LEGADO,19.99,16
000000758161,BLUSA ANJUU VISCOSE 210494 PMGGG LEGADO,19.99,16
000000755955,CROPPED VILA FLOR MM V1098 PMGG LEGADO,19.99,16
000000766340,BLUSA JZW CREPE 96121 PMGG TRABALHA LEGADO,39.99,16
000000770385,SHORT MAX DENIM JEANS SALDO 36A46 F LEGADO,39.99,16
000000772464,CONJUNTO YUNEE K2007 ALFAIAT PMGG LEGADO,99.99,16
000000767309,SAIA MOSAICO BLEND 28070159 AD MIDI LEGADO,39.99,16
000000746038,BLUSA DESAYNER MM 5913-15-11-5338 F LEGADO,19.99,16
000000729192,VESTIDO SANGOS RIBANA 5420 MC MIDI LEGADO,49.99,16
000000743044,TOP SANGOS SUPLEX 3D 6270 PMGG LEGADO,19.99,16
000000511155,BLUSA FLORART VISC DIV FIO TOR PLUS LEGADO,24.99,16
000000742559,BLUSA VILA FLOR VISC V1042 PMGGG LEGADO,24.99,16
000000766463,MACAQUINHO JZW CREPE 79001 PMGG LEGADO,49.99,16
000000758581,SHORT ESTILO A TWILL 30447 PMGGG LEGADO,49.99,16
000000690942,SHORT ESTILO LINHO 30451 PMG CARGO LEGADO,49.99,16
000000758598,SHORT ESTILO A SCUBA GLOW 30667 PMG LEGADO,49.99,16
000000745215,REGATA DISFRUTI RIB 311180PL G1G3 LEGADO,19.99,16
000000738224,REGATA GO WEST C488326 PMGGG FEM LEGADO,19.99,16
000000594226,BLUSA VILA FLOR VISCOSE V656T PLUS LEGADO,39.99,16
000000698696,BLUSA VITORIA RIB 7722 9375 76 MC,14.99,16
000000695589,LEGGING ZEER POL 601045 601062 G1G3 LEGADO,89.99,16
000000760898,SAIA MAX DENIM COLOR 6542 CARGO BCA LEGADO,69.99,16
000000753029,BERMUDA PHIZALIS SUPLEX 301 PMGGG LEGADO,14.99,16
000000653428,BLUSA VITORIA VISCLY 21100 AD FEM LEGADO,19.99,16
000000719322,BLUSA JZW CREPE 83005 PMG LEGADO,39.99,16
000000622721,MACACAO VILA FLOR VISCOL V846M PMGG LEGADO,39.99,16
000000767156,REGATA MOSAICO BLEND 23060127 PMGG LEGADO,19.99,16
000000767163,REGATA MOSAICO MM 23190121 AD GOLA LEGADO,19.99,16
000000767217,CROPPED MOSAICO TRISSE 23010224 PMG LEGADO,19.99,16
000000725460,VESTIDO GOOD BLES MOL 6117 PLUS CPZ LEGADO,39.99,16
000000753005,TOP PHIZALIS SUPLEX 603 PMGGG ZIG LEGADO,19.99,16
000000761727,VESTIDO VILA FLOR VISC V1066 PMGGG LEGADO,39.99,16
000000759793,TOP ZEERUCCI POLY 300104 PMGG JAGUA LEGADO,39.99,16
000000756075,MACAQUINHO VILA FLOR VISC V1060 PMG LEGADO,39.99,16
000000751919,BLUSA DEF VISCOLYCRA 2030 04A08 DIV LEGADO,14.99,16
000000758734,BLUSA ROVITEX 6156845 PMGGG LEGADO,19.99,16
000000758222,BLUSA ANJUU POLI 410846 PMGGG LEGADO,39.99,16
000000733403,CROPPED JWZ ALG 26336 CORACAO BORD LEGADO,39.99,16
000000751834,TOP AMEI SUPLEX 30155 PMGGG LEGADO,39.99,16
000000758604,BLUSA ESTILO A SCUBA GLOW 12159 PMG LEGADO,39.99,16
000000754385,CALCA JEANS.COM JCF6006 38A46 FLARE LEGADO,79.99,16
000000754415,CALCA JEANS.COM JCF6008 38A46 FLARE LEGADO,79.99,16
000000754439,CALCA JEANS.COM JCF6007 38A44 FLARE LEGADO,79.99,16
000000754408,CALCA JEANS.COM JCF6001 38A46 FLARE LEGADO,79.99,16
000000759830,LEGGING ZEERUCCI POLY 601051 PMGG LEGADO,89.99,16
000000753043,SHORT PHIZALIS SUPLEX 401 G1AG3 LEGADO,19.99,16
000000587853,CROPPED LUMAR VISCOSE 133 PMG LISO LEGADO,14.99,16
000000626897,SHORT KADORY LYCRA DIV 36A46 FEM LEGADO,29.99,16
000000650472,CROPPED ESTILO CREPE 11162 PMG LEGADO,14.99,16
000000650953,VESTIDO DISFRUTI VISC 8471PL G1G3 M LEGADO,29.99,16
000000659789,BLUSA MC JU MM 6393 PMGG SILK BRILH LEGADO,14.99,16
000000548069,SAIA RHODE JEANS DIV 36A44 CURTA LEGADO,14.99,16
000000655309,SHORT TEEZZ JEANS DIV 36A46 F SALDO LEGADO,24.99,16
000000701693,BLUSA VILA FLOR MALHA V894M PLUS LEGADO,14.99,16
000000690010,BLUSA GABY CREPE 10245 PMGG BOTOES LEGADO,29.99,16
000000148603,PECAS DIVERSAS LEGADO,14.99,16
000000706537,BLUSA JOINHA LINHA 320303 LEGADO,19.99,16
000000701808,MACAQUINHO VILA FLOR VISC V594T PLU LEGADO,29.99,16
000000745130,SHORT HASTY ALFAIAT JK1150 AD FEM LEGADO,49.99,16
000000676069,SAIA JEANS.COM JEANS DIV 36A46 LEGADO,29.99,16
000000676380,VESTIDO RECOLLETA CREP 2101034 G1G3 LEGADO,49.99,16
000000712293,BLUSA RECOLLETA LESE 1102517 G1G2G3 LEGADO,24.99,16
000000686389,TOP ROSA MARIA POLIA DIV PMGGG ESTA LEGADO,14.99,16
000000692113,MACAQUINHO DISFRUT VISC 9547PL G1G3 LEGADO,49.99,16
000000677295,CROPPED LECIMAR MM 1702900 G1G3 LEGADO,24.99,16
000000739429,SHORT AZA C488301 C488331 PMGG LEGADO,9.99,16
000000701792,MACAQUINHO VILA FLOR VISC V373M PLU LEGADO,19.99,16
000000744737,TOP GO WEST C488339 PLUS CANELADO LEGADO,14.99,16
000000745888,BLUSA VILA FLOR COTTON PVF02 SM AD LEGADO,14.99,16
000000655316,BERMUDA TEEZZ JEANS DIV 38A54 F SAL LEGADO,29.99,16
000000744799,CALCA GO WEST C488342 PLUS CANELADA LEGADO,29.99,16
000000744782,CALCA GO WEST C488341 PMGGG CANELAD LEGADO,24.99,16
000000663090,BLUSA VILA FLOR MM V559M CROPED AD LEGADO,19.99,16
000000679053,CALCA AISHTY POLIE 410353 PMGG FEM,69.99,16
000000744706,BERMUDA GO WEST C488340 PLUS FEM LEGADO,14.99,16
000000761277,SHORT WORLD JEANS DIV 44A52 FEM LEGADO,49.99,16
000000686358,LEGGING ROSA MARIA POLIA DIV AD EST LEGADO,19.99,16
000000662666,BABY LOOK ANABELA COTT 4756 D V G1G LEGADO,29.99,16
000000744720,TOP GO WEST C488337 CANELADO PMGGG LEGADO,14.99,16
000000743280,BLUSA LABELLA MODAL AD OMBRO A OMBR LEGADO,29.99,16
000000748445,CROPPED LABELLA MODAL 366 FRENTE UN LEGADO,24.99,16
000000748612,BLUSA LABELLA MODAL 369 SM VERAO LEGADO,24.99,16
000000738019,SHORT AZA C488302 C488332 G1G2G3 LEGADO,14.99,16
000000748674,BODY LABELLA MODAL 372 BICOLOR VER LEGADO,39.99,16
000000614368,CALCA TEEZZ LYC DIV 36A50 FEM SALDO LEGADO,49.99,16
000000748681,SAIA LABELLA MODAL CANELADO 868 LON LEGADO,49.99,16
000000748698,SAIA LABELLA LINHA 869 MIDI FORRADA LEGADO,49.99,16
000000748759,VESTIDO LABELLA MODAL 875 TOMARA Q LEGADO,49.99,16
000000692045,SHORT DISFRUTI DUNA 9989 3284PL PLU LEGADO,24.99,16
000000692106,REGATA DISFRUT DUNA 9967 3290PL PLU LEGADO,24.99,16
000000743273,CONJUNTO LABELLA MODAL 273 LISTA SM LEGADO,79.99,16
000000786119,CAMISA MAX DENIM TRICOL AD FEM SALD LEGADO,39.99,16
000000796491,SHORT TRADICIONAL MAXSHOP LEGADO,29.99,16
000000755078,CROPPED MODALOKA JACQUARD 7632 PMGG LEGADO,29.99,16
000000771023,TOP AMEI SUPLEX 30169 PMGG LEGADO,29.99,16
000000785938,TOP AMEI SUPLEX 30604 PMGG LEGADO,29.99,16
000000745048,BLUSA HASTY LINHO JK1111 ALCA LEGADO,79.99,16
000000745178,SAIA HASTY ALFAIAT JK1098 AD CURTA LEGADO,79.99,16
000000787437,REGATA DISFRUTI DRY 313264RI PMGG LEGADO,14.99,16
000000744386,BERMUDA MAX DENIM AD SALDO FEM,39.99,16
000000808187,SHORT AMEI SUPLEX 10782 PMGG BOLSO LEGADO,39.99,16
000000767323,SAIA MOSAICO TRISSE 28070156 AD MID LEGADO,39.99,16
000000653688,BLUSA SANGOS DRY DIV PMGG FEM LISA LEGADO,14.99,16
000000787390,CROPPED DISFRUTI MM 313256RI AD GOL LEGADO,14.99,16
000000755221,CROPPED MODALOKA P ROMA 0602 G1G2G3 LEGADO,29.99,16
000000744829,BLUSA GO WEST C488336 PMGGG SM LEGADO,24.99,16
000000692274,SHORT SELENE POLIA 20922 PMGG,39.99,16
000000787444,BLUSA DISFRUTI DRY 313283RI PMGG LEGADO,19.99,16
000000669528,BLUSA VILA FLOR PIQ V363M PMGG POLO LEGADO,19.99,16
000000793322,VESTIDO ROVITEX VISC 617218 PMGG LEGADO,39.99,16
000000755467,CALCA MODALOKA P ROMA 0605 G1G2G3 LEGADO,79.99,16
000000797160,SHORT TRADICIONAL MAXSHOP LEGADO,99.99,16
000000796521,BLUSA T-SHIRT MAXSHOP LEGADO,29.99,16
000000800594,CONJUNTO GOOD BLESS MOL DIVERS PMGG LEGADO,39.99,16
000000771092,BERMUDA AMEI SUPLEX 20525 PMGG DET LEGADO,39.99,16
000000785969,SHORT AMEI SUPLEX-DRY 10170 PMGG BO LEGADO,39.99,16
000000808149,TOP AMEI SUPLEX 30664 PMGGG LEGADO,39.99,16
000000808156,SHORT AMEI SUPLEX 10664 PMGGG BOLSO LEGADO,39.99,16
000000749848,BLUSA MALWEE M VISCOSE 4503 PMGGGXG LEGADO,29.99,16
000000793810,VESTIDO ENDLESS RIB EB15254 PMGG,49.99,16
000000771047,LEGGING AMEI SUPLEX 40525 PMGG LEGADO,49.99,16
000000784054,REGATA MODA LOKA 8267 PMGG FEM CANE LEGADO,29.99,16
000000611008,SHORT AMPLIATO SUPLEX 515-01L PMGG LEGADO,14.99,16
000000692175,CALCA DISFRUT DUNA 9871 3337PL PLUS LEGADO,39.99,16
000000761178,BERMUDA MAX DEN JEA 6510 6643 44 PL LEGADO,79.99,16
000000761185,BERMUDA MAX DENIM SARJA 6512 FEM PL LEGADO,79.99,16
000000743068,SHORT SANGOS SUPLEX 3D 6272 PMGG LEGADO,24.99,16
000000796385,CALCA PANTALONA MAXSHOP LEGADO,49.99,16
000000745109,SHORT HASTY LINHO ES187 AD FEM AMAR LEGADO,79.99,16
000000772600,VESTIDO VILA FLOR VISC V1177 PLUS LEGADO,79.99,16
000000744713,TOP GO WEST C488334 PMGGG NADADOR LEGADO,29.99,16
000000807937,CROPPED SEM BOJO MAXSHOP LEGADO,14.99,16
000000676106,CROPPED TEXFIO RIBANA AD MC,19.99,16
000000698702,BLUSA VITORIA VISCOLY 9365 PMGG FEM LEGADO,19.99,16
000000795272,SHORT AMANDA VISCOSE 155 PMGG ESTAM,19.99,16
000000780001,BLUSA SANGOS CANELADA 5531 PMGG LEGADO,24.99,16
000000748544,REGATA LABELLA MODAL 371 BICOLOR V LEGADO,29.99,16
000000765633,BLUSA LABELLA TRICOT V1013 LEGADO,29.99,16
000000785990,VESTIDO VITORIA RIBANA 8714 AD CURT LEGADO,29.99,16
000000793360,BLUSA ROVITEX VISC 617217 PMGG LEGADO,29.99,16
000000793865,REGATA ENDLESS POLY E15663 PMGG LEGADO,29.99,16
000000755122,TOP MODALOKA P ROMA 7939 PMGGG PAET LEGADO,29.99,16
000000755146,CROPPED MODALOKA PLISSADO 7800 PMGG LEGADO,29.99,16
000000748391,CROPPED LABELLA MODAL 363-364-365 LEGADO,29.99,16
000000772372,BLUSA JZW POLIESTER 96138 PMGG FEM,39.99,16
000000755252,BLUSA MODALOKA PLISSADO 0665 G1G2G3 LEGADO,39.99,16
000000765596,SHORT LABELLA TRICOT V1003 C BOLSO LEGADO,39.99,16
000000755320,SHORT MODALOKA P ROMA 7753 PMGGG LEGADO,49.99,16
000000755429,SAIA MODALOKA PLISSADO 7805 PMGGG LEGADO,49.99,16
000000755313,SHORT MODALOKA P ROMA 7130 PMGGG LEGADO,59.99,16
000000763875,SHORT JEANS.COM JEANS JCF5019 36A46 LEGADO,69.99,16
000000763882,BERMUDA JEANS.COM JEANS JCF 36A52 F LEGADO,59.99,16
000000763899,BERMUDA VILEJACK JEANS VFBE 36A46 F LEGADO,59.99,16
000000763905,SHORT JEANS.COM SARJA JCF5016 AD BR LEGADO,59.99,16
000000761260,BERMUDA WORLD JEANS DIV 44A52 FEM LEGADO,69.99,16
000000754392,CALCA JEANS.COM JCF6002 38A46 FLARE LEGADO,79.99,16
000000690119,SAIA RECOLLETA LESE 5100373 G1G3 LEGADO,49.99,16
000000689120,SHORT WORLD JEANS DIV 36A44 FEM LEGADO,69.99,16
000000771030,LEGGING AMEI SUPLEX 40169 PMGG LEGADO,59.99,16
000000785945,LEGGING AMEI SUPLEX 40604 PMGG LEGADO,59.99,16
000000785952,LEGGING AMEI SUPLEX 40569 PMGG LEGADO,59.99,16
000000745147,CALCA HASTY JK1033 LINHO AD FEM BOT LEGADO,119.99,16
000000796507,BLUSA T-SHIRT MAXSHOP LEGADO,29.99,16
000000738248,REGATA GO WEST C488328 PMGGG FEM LEGADO,19.99,16
000000785105,CAMISETE MX72 ALG 25157 FEM ML AD LEGADO,69.99,16
000000796330,MACACAO/JARDINEIRA CURTO MAXSHOP LEGADO,59.99,16
000000778374,CALCA MOSAICO TRICO 27450030 PUNHO LEGADO,69.99,16
000000778381,CALCA MOSAICO MOL 27070361 TRICO LEGADO,69.99,16
000000756044,VESTIDO VILA FLOR VISC V1074 PMGG LEGADO,59.99,16
000000755108,CROPPED MODALOKA P ROMA 7732 PMGGG LEGADO,39.99,16
000000766456,CALCA JZW LINHO 1328 PMGG FEM,79.99,16
000000724753,CALCA VILA FLOR LINHO V143T,59.99,16
000000773874,LEGGING MALWEE COTTON 110947 G1G5 LEGADO,89.99,16
000000761284,BERMUDA WORLD DIV 36A44 FEM MEIA CO LEGADO,69.99,16
000000738187,BLUSA GO WEST C488321 PMGGG ML LEGADO,24.99,16
000000796378,BLUSA CASUAL MAXSHOP LEGADO,39.99,16
000000794985,REGATA SECRET RIBANA SB01614 G1G4,29.99,16
000000743266,VESTIDO LABELLA MODAL 36 AD LEGADO,59.99,16
000000770804,VESTIDO LABELLA TRICOT V1012 FLOR LEGADO,59.99,16
000000765800,BLUSA LABELLA TRICOT V1025 PLUS BIC LEGADO,59.99,16
000000784047,SHORT SAIA MODA LOKA 8193 PMGG FEM LEGADO,59.99,16
000000784344,SHORT MODA LOKA PONTO ROMA 8046 AD LEGADO,59.99,16
000000692212,TOP SELENE POLIA 20916 PMGG S CO LEGADO,49.99,16
000000725170,VESTIDO VILA FLOR VISCOS V567T PMGG LEGADO,49.99,16
000000755207,BLUSA MODALOKA JACQUARD 0635 G1G2G3 LEGADO,49.99,16
000000795050,VESTIDO ROVITEX VISCO 617248 PMGG LEGADO,59.99,16
000000745086,CROPPED HASTY ALFAIAT JK1083 AD LEGADO,79.99,16
000000745031,BLUSA HASTY TRICOT HF261 ONDAS SM LEGADO,49.99,16
000000808194,BERMUDA AMEI SUPLEX 20573 PMGG LEGADO,59.99,16
000000761024,CALCA MAX DENIM SARJA 6496 FWM BEGI LEGADO,89.99,16
000000782265,CALCA MAX DENIM SARJA 6602 MOM AD F LEGADO,89.99,16
000000724807,VESTIDO VILA FLOR VISCOSE V556T PLU LEGADO,59.99,16
000000771009,BLUSA VITORIA MALHA 8716 PMG,19.99,16
000000759731,BERMUDA DYJORIS JEANS DIV MEIA COXA LEGADO,49.99,16
000000770248,REGATA JWZ VISCOSE 67039 POA PMGG LEGADO,39.99,16
000000772440,REGATA YUNEE 26056 POLIESTER PLUS LEGADO,39.99,16
000000784351,BLUSA MODA LOKA PONTO ROMA 7994 AD LEGADO,39.99,16
000000772709,CALCA VILA FLOR MOLET V1171 PLUS LEGADO,49.99,16
000000771115,REGATA AMEI DRY 400534 PMGG LEGADO,39.99,16
000000808170,TOP AMEI SUPLEX 30782 PMGG ABERTO LEGADO,39.99,16
000000742658,SAIA VILA FLOR VISC V1007 PMGGG LEGADO,49.99,16
000000787239,BLUSA DISFRUTI DRY 313283PL PLUS LEGADO,24.99,16
000000766111,BERMUDA VILEJACK JEANS VFBG 48A54 F LEGADO,69.99,16
000000725774,LEGGING SELENE POLIA 20945 PMGG,89.99,16
000000738026,CALCA AZA C4883032A PMGGG LEGADO,29.99,16
000000745062,BLUSA HASTY LINHO JK1050 SM AD LEGADO,79.99,16
000000745055,CROPPED HASTY LINHO JK1035 ZIPER LEGADO,69.99,16
000000694049,SHORT SURF BOY ELAST 545 PMGG F NEO LEGADO,29.99,16
000000758178,BLUSA ANJUU VISCOSE 410639 PMGGG LEGADO,29.99,16
000000738255,REGATA GO WEST C488329 PMGGG FEM LEGADO,19.99,16
000000692281,SHORT SELENE POLIA 20924 PMGG,39.99,16
000000744959,BLUSA HASTY TRICOT HF162 SM LEGADO,59.99,16
000000745024,BLUSA HASTY TRICOT HF167 AD FEM LEGADO,59.99,16
000000744966,BLUSA HASTY TRICOT HF158 AD FEM SM LEGADO,59.99,16
000000783705,VESTIDO VILA FLOR VISC V1155 AD 3 4 LEGADO,79.99,16
000000742481,VESTIDO VILA FLOR VISCOSE V565T PMG LEGADO,59.99,16
000000772426,CONJUNTO JZW 26339 PEDRAS FEM PMGG LEGADO,79.99,16
000000705738,CROPPED GOOD BLESS MM 2534 2514 AD LEGADO,24.99,16
000000783033,REGATA ROVITEX EB15132 AD FEM G ALT LEGADO,24.99,16
000000783118,CAMISETA ROVITEX 6169165 AD FEM SIL LEGADO,24.99,16
000000719629,CALCA AMANDA AIR FLOW 89 PMGGG FEM,24.99,16
000000765770,BODY LABELLA TRICOT V1018 1 OMBRO LEGADO,49.99,16
000000772457,BLUSA YUNNE 87006 ALGODAO PMGG FEM LEGADO,49.99,16
000000784061,SAIA MODA LOKA 8269 PMGG FEM CANELA LEGADO,49.99,16
000000787468,VESTIDO DISFRUTI VISC 313350RE AD L LEGADO,49.99,16
000000755382,SHORT MODALOKA JACQUARD 7678 PMGGG LEGADO,49.99,16
000000773829,BLUSA MALWEE VISCOLIN 128632 G1G5 LEGADO,69.99,16
000000785075,SHORT MX72 PA 25156 FEM AD ALFA LIS LEGADO,49.99,16
000000701648,VESTIDO VILA FLOR VISC V235T PMGG LEGADO,59.99,16
000000760935,SHORT MAX DENIM BRIM 6556 COS ELAS LEGADO,69.99,16
000000796835,BLUSA T-SHIRT MAXSHOP LEGADO,29.99,16
000000770354,BABY LOOK POLO WEAR COTT 40730 AD F LEGADO,24.99,16
000000772679,CALCA VILA FLOR LINHO V1170 V1516 PLUS LISO,69.99,16
000000784313,SHORT ROVITEX SINT E15437 PMGG FEM LEGADO,79.99,16
000000743051,SHORT SANGOS SUPLEX 3D 6242 PLUS LEGADO,29.99,16
000000685238,VESTIDO VILA FLOR RIBANA V740M PMGG LEGADO,39.99,16
000000796361,BLUSA T-SHIRT MAXSHOP LEGADO,39.99,16
000000676090,CROPPED TEXFIO RIBANA AD SM,19.99,16
000000758277,BLUSA ANJUU POLI 411497 PMGGG LEGADO,19.99,16
000000744928,BLUSA HASTY TRICOT HF291 AD LUREX LEGADO,59.99,16
000000744942,BLUSA HASTY TRICOT HF256 LUREX SM LEGADO,59.99,16
000000755153,REGATA MODALOKA PLISSADO 7796 PMGGG LEGADO,29.99,16
000000755160,REGATA MODALOKA M RISQUE 7938 PMGGG LEGADO,29.99,16
000000755177,REGATA MODALOKA M RISQUE 7145 PMGGG LEGADO,29.99,16
000000772341,REGATA JZW PE 96130 PMGG FEM LEGADO,39.99,16
000000784368,CROPPED MODA LOKA PONTO ROM 8245 AD LEGADO,39.99,16
000000755139,BLUSA MODALOKA JABOUR 7827 PMGGG LEGADO,39.99,16
000000755214,BLUSA MODALOKA CREPE 0600 G1G2G3 LEGADO,39.99,16
000000784504,BLUSA ROVITEX VISCO E15363 PMGG FEM LEGADO,49.99,16
000000755337,SHORT MODALOKA CREPE 0598 G1G2G3 LEGADO,59.99,16
000000784337,SHORT MODA LOKA SUED 8243 PMGG FEM LEGADO,59.99,16
000000755375,SHORT MODALOKA P ROMA 0604 G1G2G3 LEGADO,59.99,16
000000760942,BERMUDA MAX DENIM SARJA 6264 36A52 LEGADO,79.99,16
000000782234,SAIA MAX DENIM JEANS 6641 AD CARGO LEGADO,79.99,16
000000782302,CALCA MAX DENIM SARJA 6599 WID CARG LEGADO,99.99,16
000000772686,CALCA VILA FLOR PU V1199 PMGG LEGADO,69.99,16
000000787185,REGATA DISFRU MM 313258PI PLUS LIST LEGADO,19.99,16
000000787222,REGATA DISFRUTI DRY 313264PL PLUS LEGADO,19.99,16
000000755405,VESTIDO MODALOKA CREPE 7527 PMGGG LEGADO,69.99,16
000000793346,REGATA ROVITEX VISC 617221 PMGG LEGADO,24.99,16
000000743075,SHORT SANGOS SUPLEX 3D 6271 PMGG LEGADO,24.99,16
000000784030,CROPPED MODA LOKA LIN 8192 AD FEM LEGADO,49.99,16
000000599016,REGATA SANGOS DRY 6194 G1G4 FEM LEGADO,19.99,16
000000745000,BLUSA HASTY MALHA PF263 MUSCLE MC LEGADO,59.99,16
000000772716,CALCA VILA FLOR MOLET V1141 PMGG LEGADO,49.99,16
000000742610,BLUSA VILA FLOR VISC V1014 PLUS LEGADO,39.99,16
000000785068,CAMISETE MX72 PA 24060 AD FEM XADRE LEGADO,79.99,16
000000785082,CAMISETE MX72 PA 25029 PMGG FEM LIS LEGADO,79.99,16
000000755399,SAIA MODALOKA JACQUARD 7676 PMGGG LEGADO,69.99,16
000000694056,SHORT SURF BOY ELAST 500 PMGG F LIS LEGADO,29.99,16
000000765817,CROPPED LABELLA TRICOT 1024 PLUS LEGADO,59.99,16
000000765824,BLUSA LABELLA TRICOT 1022 PLUS TRAN LEGADO,59.99,16
000000772396,SHORT JZW ALFAIAT 28058 PMGG CINTO LEGADO,59.99,16
000000760959,CALCA MAX DENIM JEANS 6407 WIDE LEG LEGADO,89.99,16
000000760966,CALCA MAX DENIM JEANS 6415 W LEG BC LEGADO,89.99,16
000000725781,TOP SELENE POLIA 20926 PMGG S COSTU,49.99,16
000000756037,VESTIDO VILA FLOR VISC V1064 PMGG LEGADO,59.99,16
000000622639,VESTIDO VILA FLOR VISCOL V844M PMGG LEGADO,59.99,16
000000745154,CALCA HASTY LINHO JK1032 AD FEM PAN LEGADO,149.99,16
000000682978,CALCA DYJORIS JEANS DIV 36A48 FEM LEGADO,69.99,16
000000772624,CALCA VILA FLOR LINHO V1168 PLUS LEGADO,69.99,16
000000808163,LEGGING AMEI SUPLEX 40664 PMGG BOLS LEGADO,69.99,16
000000744935,BLUSA HASTY TRICOT HF159 MANGA LEGADO,79.99,16
000000692090,REGATA DISFRUTI DUNA 9967 313290RL LEGADO,19.99,16
000000727846,BLUSA ARTE BASICA COTT PMGG LISA LEGADO,19.99,16
000000807920,REGATA TRADICIONAL MAXSHOP LEGADO,19.99,16
000000670920,VESTIDO VITORIA RIBANA 8705 AD LONG LEGADO,39.99,16
000000784511,BLUSA ROVITEX RIBANA E15361 PMGG FE LEGADO,39.99,16
000000755085,REGATA MODALOKA JACQUARD 7677 PMGGG LEGADO,39.99,16
000000793841,BLUSA ENDLESS POLY E15746 PMGG LEGADO,39.99,16
000000793896,T SHIRT ENDLESS VISC E15646 PMGG LEGADO,39.99,16
000000784320,CALCA MODA LOKA SUED 8015 PMGG FEM LEGADO,79.99,16
000000632133,MACACAO VILA FLOR RIB V521M PMGG LEGADO,59.99,16
000000772693,CALCA VILA FLOR LINHO V1140 PMGG LEGADO,59.99,16
000000575416,REGATA VILA FLOR VISCOL V0018 PLUS LEGADO,24.99,16
000000742641,BLUSA VILA FLOR VISC V955 PLUS LEGADO,39.99,16
000000773812,SAIA MAX DENIM JEANS DIV AD SALDO LEGADO,49.99,16
000000782258,CALCA MAX DENIM JEANS 6596 WID CINT LEGADO,99.99,16
000000712255,BLUSA STYLO VISCOLINHO 102740 PMG,49.99,16
000000725101,SHORT RHODE JEANS,49.99,16
000000787130,CROPPED VITORIA RIBANA PMGG MC,24.99,16
000000178419,CALCA VESTY BRAZIL SARJA 1215 PEDAL,4.99,16
000000178433,BERMUDA VESTY BRAZIL SARJA PEL 1262,4.99,16
000000178440,MINI SAIA VESTY BRAZIL SARJA 203 06,4.99,16
000000264167,BLUSA OFFICIO P FIO TORCIDO 183,4.99,16
000000273824,VESTIDO LIS MISS MALHA 4666 PMGGG,4.99,16
000000293129,VESTIDO LUNENDER MALHA 32568 PMGG,4.99,16
000000298964,VESTIDO ROVITEX M 610154 PMG CURTO,4.99,16
000000294188,CALCA TRADICIONAL MAXSHOP LEGADO LEGADO,9.99,16
000000277075,BERMUDA TRADICIONAL MAXSHOP LEGADO LEGADO,4.99,16
000000293808,CALCA TRADICIONAL MAXSHOP LEGADO LEGADO,4.99,16
000000298933,SAIA LONGO ROVITEX LEGADO P,4.99,16
000000300629,BLUSA MALWEE MALHA 35701 PMG LEGADO ZZ,4.99,16
000000314596,VESTIDO MC JU VISCOSE 4547 PMGGG,4.99,16
000000311106,BLUSA MALWEE 37320 PMGGG FEM,4.99,16
000000155601,BLUSA BABY LOOK MAXSHOP LEGADO P,4.99,16
000000298278,BLUSA T-SHIRT MALWEE LEGADO P,4.99,16
000000297516,SAIA CURTO MAXSHOP LEGADO P,4.99,16
000000322461,BLUSA DEVOTTION VISC 51 73 120 122,4.99,16
000000246439,BERMUDA TRADICIONAL MAXSHOP LEGADO LEGADO,4.99,16
000000289528,BLUSA T-SHIRT MAXSHOP LEGADO P,4.99,16
000000350631,CALCA K2B LYCRA 10090003 ANISHA FEM LEGADO ZZ,9.99,16
000000326254,SHORT MIX LYCRA 67210 69448 68514 F LEGADO ZZ,9.99,16
000000319836,VESTIDO MALWEE RIBANA 38286 PMGG,9.99,16
000000325967,BERMUDA JEZZIAN SARJA 49249 49933 F LEGADO ZZ,9.99,16
000000325066,BLUSA LUNENDER MALHA 41903 PMG LEGADO ZZ,9.99,16
000000215275,BLUSA MALWEE 00013 PMG,9.99,16
000000314343,BLUSA MC JU CROCHE 5447 PMGGG LEGADO ZZ,9.99,16
000000274852,BERMUDA TRADICIONAL MAXSHOP LEGADO LEGADO,9.99,16
000000267649,BLUSA T-SHIRT MAXSHOP LEGADO P,9.99,16
000000290913,VESTIDO CURTO MAXSHOP LEGADO P,9.99,16
000000305075,BLUSA ALFA POLIAMINA 1497 PMG RENDA,9.99,16
000000214889,BLUSA BABY LOOK MALWEE LEGADO P,9.99,16
000000292337,BLUSA T-SHIRT MAXSHOP LEGADO P,9.99,16
000000344326,SHORT JEZZIAN 57518 53183 52995 FEM,9.99,16
000000345101,CALCA ROCK BLUE LYCRA 102817 36A46,9.99,16
000000219358,CALCA TRADICIONAL MAXSHOP LEGADO LEGADO,9.99,16
000000291361,CAMISETE M LONGA TRADICIONAL MAXSHOP LEGADO P,9.99,16
000000336932,BLUSA MC JU 1432 RECORTE C ESTAMPA,9.99,16
000000179867,BERMUDA TRADICIONAL MAXSHOP LEGADO LEGADO,9.99,16
000000206198,SAIA MIDI MAXSHOP LEGADO P,9.99,16
000000215862,BERMUDA TRADICIONAL MAXSHOP LEGADO LEGADO,9.99,16
000000257978,BERMUDA TRADICIONAL ROVITEX LEGADO P,9.99,16
000000329217,SHORT 767 SARJA 5283 5293 36-46,4.99,16
000000330909,CALCA MC JU PV 1416 PMGGG,4.99,16
000000345231,SHORT Q DE ESTILO SARJA 927720 FEM,4.99,16
000000086639,BERMUDA EMMES LYCRA 70100 70103 102 LEGADO ZZ,4.99,16
000000161701,BERMUDA TRADICIONAL MAXSHOP LEGADO LEGADO,4.99,16
000000247627,BERMUDA TRADICIONAL MAXSHOP LEGADO LEGADO,4.99,16
000000247634,BERMUDA TRADICIONAL MAXSHOP LEGADO LEGADO,4.99,16
000000274746,BERMUDA TRADICIONAL MAXSHOP LEGADO LEGADO,4.99,16
000000326278,BERMUDA MIX LYCRA 68693 54A64 FEM LEGADO ZZ,4.99,16
000000144070,BLUSA BABY LOOK MAXSHOP LEGADO P,4.99,16
000000211093,BLUSA BABY LOOK MAXSHOP LEGADO P,4.99,16
000000215930,REGATA NADADOR SANGOS LEGADO P,4.99,16
000000229753,BERMUDA TRADICIONAL MAXSHOP LEGADO LEGADO,4.99,16
000000200264,CALCA CAPRI MAXSHOP LEGADO LEGADO,4.99,16
000000313582,BLUSA TOP ROCK VISCOLY DIVERSAS PMG,4.99,16
000000077439,BLUSA LIVRE COR RIBANA DIVERSAS AD LEGADO ZZ,4.99,16
000000318440,CAMISETE MELTEX TRIC 1401823 MC FEM,9.99,16
000000318457,CAMISETE MELTEX TRIC 1401822 MC FEM,9.99,16
000000295536,BERMUDA TRADICIONAL MAXSHOP LEGADO LEGADO,19.99,16
000000322478,BLUSA DEVOTTION VISC 93 95 114 PMGG,19.99,16
000000350495,CALCA K2B COTTON 9143 CAPRI FEM,19.99,16
000000268530,BERMUDA MALWEE 31452 PMG CICLISTA,19.99,16
000000344333,CALCA JEZZIAN 54172 JEANS MANCHADO,24.99,16
000000362665,CALCA VILEJACK LYCRA VP1406 FEM AD,24.99,16
000000342605,BERMUDA TRUTH POLIAMIDA 0026 PMGG LEGADO ZZ,24.99,16
000000292504,BLUSA ALFA TRICOLINE 1593 PMG CIGAN,19.99,16
000000292511,BLUSA CIGANINHA MAXSHOP LEGADO P,19.99,16
000000354660,CALCA BLUE BAY OXFORD 015 PMGGG,14.99,16
000000366489,BLUSA MC JU VISCOLY 5044 PMGG,14.99,16
000000186964,BERMUDAO ARROJADOS OXFORD 2010,14.99,16
000000164702,BERMUDA ARROJADOS OXFORD FEM AD,9.99,16
000000337243,BLUSA MC JU 7732 DETALHE GOTA MANGA LEGADO ZZ,9.99,16
000000336253,CALCA ARROJADOS TRIC 7056 8046 8068,4.99,16
000000350228,SHORT SAIA ARROJADOS SARJA 9050,4.99,16
000000354325,BOLERO MOLEKADA MALHA 2435 1A3 FEM,4.99,16
000000364287,BLUSA BELA CHIC VISCOLY 019 C RENDA,4.99,16
000000372336,SHORT MOSAICO SARJA 7889 PMG,4.99,16
000000193740,BERMUDA CASUAL MAXSHOP LEGADO LEGADO,4.99,16
000000260374,BLUSA COMPANY COTTON PMG GG FEM Sortida P,4.99,16
000000295512,BERMUDA TRADICIONAL MAXSHOP LEGADO LEGADO,4.99,16
000000299923,CALCA BIOTIPO 7019B CIGARRETE FEM LEGADO ZZ,4.99,16
000000338370,CALCA MISS SS VISCOLY 3320 LIS ESTP LEGADO ZZ,4.99,16
000000276849,BODY MC JU VISCOLY 1517 PMG-GG LISO,4.99,16
000000314145,BLUSA MC JU CROCHE 0747 PMGG,4.99,16
000000338066,MACACAO D E L VISCOLY PMG DIVERSOS,4.99,16
000000067287,PECAS DIVERSAS,4.99,16
000000244480,REGATA MARRIOT COTTON C SILK,4.99,16
000000270144,VESTIDO MARISOL MALHA 97138 PMG,4.99,16
000000282307,BLUSA MAIS CHIQUE VISCOL DIVERSAS,4.99,16
000000318723,BLUSA ACTIVASUL VISCOLY DIV PMG MC,4.99,16
000000337700,SAIA MC JU 2432 PLISSADA,4.99,16
000000362733,BABY LOOK VIVA MARIA VISCOLY LISA,4.99,16
000000366144,VESTIDO MC JU SCUBA 4444 PMGG,4.99,16
000000376235,BLUSA NA2000 VISCOLY 1405105 PAETE,4.99,16
000000008075,MODINHA DIVERSIFICADAS,4.99,16
000000270250,CALCA SHOP MIX COTTON 3592 3593 G1G,4.99,16
000000342544,REGATA VALENTINA RIBANA ALCA RENDA LEGADO ZZ,4.99,16
000000381703,BLUSA LUNENDER MALHA 42250 PMG LEGADO ZZ,19.99,16
000000394161,CALCA BIOTIPO JEANS 17773 38A46 FEM LEGADO ZZ,19.99,16
000000397162,CALCA BIOTIPO 18119 LYCRA FEM AD LEGADO ZZ,19.99,16
000000404549,VESTIDO MARIA CLARA RENDA 20406 PMG LEGADO ZZ,19.99,16
000000382854,CROPPED SANTO EXP LINHA 105 PMG LEGADO ZZ,19.99,16
000000386296,BLAIZER CAEDU 549 FEM AD LEGADO ZZ,14.99,16
000000398060,TOP ZEERUCCI POLY ZR0400 678 FITNES LEGADO ZZ,9.99,16
000000337175,BLUSA MC JU 6932 C APLICACAO OURO LEGADO ZZ,9.99,16
000000394185,CALCA BIOTIPO JEANS 17962 38A46 FEM,4.99,16
000000400367,CALCA MAX DENIM LYCRA 3586 36A48 FE,4.99,16
000000388603,CALCA BIOTIPO LYCRA 17215 34A52 FEM,4.99,16
000000396301,CALCA SUEZ LYCRA 2303601 FEM 36A44,4.99,16
000000398893,CALCA GUP S JEANS 56569 HOT PANTSFL,4.99,16
000000400343,CALCA MAX DENIM LYCRA 3594 36A48 FE,4.99,16
000000394178,CALCA BIOTIPO JEANS 17957 38A46 FEM,4.99,16
000000396257,CALCA SUEZ LYCRA 2310201 FEM 36A44,4.99,16
000000400336,CALCA MAX DENIM LYCRA 3631 36A48 FE,4.99,16
000000400374,CALCA MAX DENIM LYCRA 3591 36A48 FE,4.99,16
000000384971,BLUSA LOCAL COTTON 18275 FEM PMGGG,4.99,16
000000384551,BLUSA ACTIVASUL VISCOSE 1256 PMG LEGADO ZZ,4.99,16
000000390125,SHORT ROVITEX TRICOLY L473 FEM ADUL,4.99,16
000000276535,CALCA TRADICIONAL MAXSHOP LEGADO LEGADO,4.99,16
000000299169,CALCA TRADICIONAL MAXSHOP LEGADO LEGADO,4.99,16
000000335355,CALCA MURANO LYCRA DIVERSAS FEMININ LEGADO ZZ,4.99,16
000000386111,CALCA MURANO 2322 JEANS MONTARIA AD LEGADO ZZ,4.99,16
000000375177,REGATA ARTE BASICA COTON 7348 PMG,4.99,16
000000385008,BLUSA CAEDU 1034 6061 S M AD FEM LEGADO ZZ,4.99,16
000000395083,VESTIDO MOONCITY VISCOSE 230087 AD LEGADO ZZ,19.99,16
000000412520,CALCA MAX DENIM JEANS 3679 FEM LEGADO ZZ,19.99,16
000000418713,CROPPED MISS FASHION CHIFON K170 LEGADO ZZ,19.99,16
000000432290,BLUSA TOP ROCK VISCOLYCRA BL6511 PM LEGADO ZZ,19.99,16
000000246491,BLUSA T-SHIRT MAXSHOP LEGADO P,19.99,16
000000186971,BERMUDA TRADICIONAL MAXSHOP LEGADO LEGADO,19.99,16
000000244725,BLUSA BABY LOOK MALWEE LEGADO P,19.99,16
000000166744,BERMUDA TRADICIONAL MAXSHOP LEGADO LEGADO,14.99,16
000000217613,BERMUDA TRADICIONAL MAXSHOP LEGADO LEGADO,14.99,16
000000407861,SHORT BIOTIPO JEANS 16492 LEGADO ZZ,14.99,16
000000419024,REGATA CHIC CORAL VISCOSE Y53 PMG LEGADO ZZ,14.99,16
000000428620,CROPPED MISS FASHION VISCOSE M5029 LEGADO ZZ,14.99,16
000000166690,BERMUDA TRADICIONAL MAXSHOP LEGADO LEGADO,14.99,16
000000246507,BLUSA T-SHIRT MAXSHOP LEGADO P,9.99,16
000000432351,BLUSA TOP ROCK VISCOLYCRA BL5868 PM LEGADO ZZ,9.99,16
000000433754,BLUSA VALENTINA VISCOSE FEM LEGADO ZZ,9.99,16
000000434249,BABY LOOK MC JU MALHA 1619 AD LEGADO ZZ,9.99,16
000000428590,BLUSA MISS FASHION VISCOSE PMG LEGADO ZZ,9.99,16
000000366069,CALCA VILEJACK LYCRA PRETA FEM AD,4.99,16
000000438476,CALCA MAX DENIM LYCRA 3945 36A48 FE,4.99,16
000000206075,BLUSA T-SHIRT MAXSHOP LEGADO P,4.99,16
000000212984,CAMISETE M CURTA TRADICIONAL MAXSHOP LEGADO P,4.99,16
000000217590,CALCA CAPRI MAXSHOP LEGADO LEGADO,4.99,16
000000291378,CAMISETE M CURTA TRADICIONAL MAXSHOP LEGADO P,4.99,16
000000297653,SAIA CURTO MAXSHOP LEGADO P,4.99,16
000000298322,BLUSA T-SHIRT MALWEE LEGADO P,4.99,16
000000396356,CALCA SUEZ LYCRA 833392 FEM 36A44 LEGADO ZZ,4.99,16
000000403054,REGATA TIFA MALHA 969 PMGGG LEGADO ZZ,4.99,16
000000412575,CALCA MAX DENIM JEANS 3669 FEM LEGADO ZZ,4.99,16
000000415750,BLUSA SOFIE VICOLY 9954 PMG MC REND LEGADO ZZ,4.99,16
000000418003,CALCA BIOTIPO LYCRA 18896 FEM LEGADO ZZ,4.99,16
000000418836,SAIA CAMURCA PMG LEGADO ZZ,4.99,16
000000429238,MACACAO MOKKAI LYCRA 91007 PMGGG FE LEGADO ZZ,4.99,16
000000429313,SHORT MURANO LYCRA 5839 36A44 FEM LEGADO ZZ,4.99,16
000000429450,CALCA MURANO SARJA 2764 CARAMELO FE LEGADO ZZ,4.99,16
000000430357,CALCA MAX DENIM LYCRA 3840 FEM LEGADO ZZ,4.99,16
000000430456,CALCA MAX DENIM JEANS 3831 FEM LEGADO ZZ,4.99,16
000000430463,CALCA MAX DENIM SARJA 3865 FEM LEGADO ZZ,4.99,16
000000432320,BLUSA TOP ROCK VISCOLYCRA 6339 PMG LEGADO ZZ,4.99,16
000000435130,SAIA MURANO JEANS 7040 BABADO LEGADO ZZ,4.99,16
000000435345,SHORT MOKAI JEANS 888 53060 ILHOS F LEGADO ZZ,4.99,16
000000438414,SHORT MAX DENIM LYCRA 3884 36A48 FE LEGADO ZZ,4.99,16
000000446266,JARDINEIRA MURANO JEANS FEM LEGADO ZZ,4.99,16
000000450959,CALCA JEZZIAN JEANS 100080 C ALTA LEGADO ZZ,4.99,16
000000451161,VEST MOSAICO RENDA 21250019 PMG LEGADO ZZ,4.99,16
000000365970,CALCA MAJEFTIK LYCRA ADULTO FEM,4.99,16
000000416498,VESTIDO ENDLESS SARJA E11476 PMGGG,4.99,16
000000418058,CALCA BIOTIPO LYCRA 17876 FEM,4.99,16
000000418072,CALCA BIOTIPO LYCRA 18258 FEM,4.99,16
000000422635,CALCA MOKKAI LYCRA 31026 40A50 FEM,4.99,16
000000424318,CALCA MAX DENIM LYCRA 3757 36A48 FE,4.99,16
000000424325,CALCA MAX DENIM LYCRA 3665 36A48 FE,4.99,16
000000427357,CALCA VILEJACK SARJA BL006 AZUL FEM,4.99,16
000000427371,CALCA VILEJACK SARJA BL006 CARAM FE,4.99,16
000000429139,CALCA JEZZIAN JEANS 86532 36A44 FEM,4.99,16
000000429146,CALCA JEZZIAN JEANS 84096 36A44 FEM,4.99,16
000000430388,CALCA MAX DENIM LYCRA 3813 FEM,4.99,16
000000430401,CALCA MAX DENIM LYCRA 3844 FEM,4.99,16
000000430425,CALCA MAX DENIM SARJA 3958 FEM,4.99,16
000000430432,CALCA MAX DENIM SARJA 3870 FEM,4.99,16
000000430517,SHORT MAX DENIM 3885 36A48 FEM,4.99,16
000000430531,SHORT MAX DENIM 3886 36A48 FEM,4.99,16
000000433587,CALCA BIOTIPO LYCRA 19462 FEM,4.99,16
000000433617,CALCA BIOTIPO LYCRA 19312 FEM,4.99,16
000000435208,CALCA MURANO JEANS 2472 FEM,4.99,16
000000435383,CALCA MOKKAI JEANS 26105 CINTURA AL,4.99,16
000000435420,CALCA MOKKAI JEANS 12637 26137 FEM,4.99,16
000000437820,SAIA TRUTH POLIAMIDA 079 PMGGG ESTA,4.99,16
000000438049,CALCA FOCUS LYCRA 01 36A46 FEM,4.99,16
000000438452,SHORT MAX DENIM LYCRA 3915 36A48 FE,4.99,16
000000440592,CALCA IDISE LYCRA 5500900 FEM,4.99,16
000000444309,CALCA BIOTIPO LYCRA 19800 FEM,4.99,16
000000444415,CALCA BIOTIPO LYCRA 19723 FEM CAPRI,4.99,16
000000444422,CALCA BIOTIPO LYCRA 19742 FEM CAPRI,4.99,16
000000445092,VESTIDO LUA FASHION VISCO A16013 FE,4.99,16
000000451222,VESTIDO CHIC CORAL VISCOSE JV219,4.99,16
000000451239,VESTIDO CHIC CORAL VISCOSE DH85101,4.99,16
000000451291,SHORT SAIA BOKKER SARJA 82562 GOIAB,4.99,16
000000419086,CALCA KADORY SARJA 16001 36A46 FEM,4.99,16
000000426275,CALCA Q DE ESTILO JEANS FEM HOTPENT,4.99,16
000000246453,CAMISETE M CURTA TRADICIONAL MAXSHOP LEGADO P,4.99,16
000000246712,CALCA TRADICIONAL MAXSHOP LEGADO LEGADO,4.99,16
000000246729,CALCA TRADICIONAL MAXSHOP LEGADO LEGADO,4.99,16
000000297486,TOP TRADICIONAL MAXSHOP LEGADO P,4.99,16
000000373371,SAIA Q DE ESTILO JEANS 9867 38A48 LEGADO ZZ,4.99,16
000000395144,CALCA MOONCITY SARJA 240077 PMGG LEGADO ZZ,4.99,16
000000415798,BLUSA SOFIE CREPE 9969 PMG LEGADO ZZ,4.99,16
000000426251,CALCA INVERSAO OXFORD FEMININA LEGADO ZZ,4.99,16
000000427791,MACAQUINHO LULI CREPE 377306 G1AG3 LEGADO ZZ,4.99,16
000000427913,BLUSA LULI CREPE 370263 PMG MABERTA LEGADO ZZ,4.99,16
000000427968,VESTIDO LULI CREPE 376310 G1AG3 LEGADO ZZ,4.99,16
000000432368,TUNICA TOP ROCK VISCOLYCRA BL6184 LEGADO ZZ,4.99,16
000000439640,BLUSA MOONCITY VISCOSE 220143 PMGGG LEGADO ZZ,4.99,16
000000440479,BLUSA MC JU MM 7738 PMGGG LEGADO ZZ,4.99,16
000000440714,SHORT IDISE LYCRA 22403 FEM LEGADO ZZ,4.99,16
000000444347,CALCA BIOTIPO LYCRA 19640 FEM LEGADO ZZ,4.99,16
000000450799,REGATA AIDI VISCOSE YJY32 PMG LISA LEGADO ZZ,4.99,16
000000451086,BLUSA MOSAICO RENDA 67320220 PMG LEGADO ZZ,4.99,16
000000451130,VESTIDO MOSAICO RENDA 21230013 PMG LEGADO ZZ,4.99,16
000000351638,SHORT ABU JEANS PROMOCAO 36A46 LEGADO ZZ,4.99,16
000000248716,SHORT TRADICIONAL MAXSHOP LEGADO LEGADO,4.99,16
000000482905,CALCA MURANO JEANS 20016 FEM FLARE LEGADO ZZ,39.99,16
000000463546,CALCA MOKAY LYCRA 26232 FEM FLARE LEGADO ZZ,29.99,16
000000485210,BABY LOOK MALHA 2783 PMG LEGADO ZZ,29.99,16
000000474788,SHORT PLAY DENIM JEANS DIVER FEM LEGADO ZZ,19.99,16
000000463102,CALCA AMG JEANS 19422 44A54 FEM,14.99,16
000000481793,CALCA MURANO JEANS 2967 FEM 36A44,14.99,16
000000440653,VESTIDO IDISE LYCRA 2013 PMG LEGADO ZZ,14.99,16
000000444385,CALCA BIOTIPO LYCRA 19824 FEM LEGADO ZZ,14.99,16
000000461887,CALCA BIOTIPO 20419 FEM FLARE 36A46 LEGADO ZZ,14.99,16
000000463126,CALCA AMG JEANS 19412 36A42 FEM LEGADO ZZ,14.99,16
000000464628,CALCA MURANO LYCRA 2924A 38A46 FEM LEGADO ZZ,14.99,16
000000464697,CALCA MURANO LYCRA 3739T 38A46 FEM LEGADO ZZ,14.99,16
000000475709,BODY IDHOK POLY 72621 PMGG FEM LEGADO ZZ,14.99,16
000000478144,BLUSA ONLY VISCOSE 2000 PMG LEGADO ZZ,14.99,16
000000478199,BLUSA ONLY VISCOSE 2115 8210 PMGG LEGADO ZZ,14.99,16
000000478571,BLUSA CHIC CORAL VISCOSE D85171 PMG LEGADO ZZ,14.99,16
000000455053,VESTIDO LONGO CATIVA VISCOL PMGGG,9.99,16
000000463508,CALCA MOKAY LYCRA 29026 FEM COS ELA,9.99,16
000000463515,CALCA MOKAY LYCRA 26239 FEM SKINNY,9.99,16
000000463522,CALCA MOKAY LYCRA 26203 FEM C MEDIA,9.99,16
000000463959,CALCA QUESTAO ESTILO JEANS 10830 FE,9.99,16
000000463997,CALCA QUESTAO ESTILO JEANS 11000 FE,9.99,16
000000465113,MACACAO IDISE JEANS 1220 LONGO,9.99,16
000000468459,CALCA BIOTIPO LYCRA 20982 FEM 36A46,9.99,16
000000484367,VESTIDO IDISE JEANS 2031 BABADO PMG,9.99,16
000000484398,MACACAO IDISE JEANS 1034 LONGO FEM,9.99,16
000000481687,SHORT MURANO JEANS 50054 FEM 36A44,9.99,16
000000429436,CALCA MURANO JEANS 2697 36A46 FEM LEGADO ZZ,9.99,16
000000451307,SHORT BOKKER LYCRA 31050 36A46 LEGADO ZZ,9.99,16
000000461825,CALCA BIOTIPO 20488 FEM SKINY 36A46 LEGADO ZZ,9.99,16
000000463133,CALCA AMG JEANS 19402 36A44 FEM LEGADO ZZ,9.99,16
000000464246,BLUSA SABALA VISCOSE A7031 41 42 AD LEGADO ZZ,9.99,16
000000466493,BLUSA MISS FASHION VISC K0327 PMG LEGADO ZZ,9.99,16
000000473804,SHORT AMUAGE JEANS 19447 44A52 LEGADO ZZ,9.99,16
000000478540,BLUSA CHIC CORAL VISCOSE 2X5533 PMG LEGADO ZZ,9.99,16
000000481861,SHORT MOKAI JEANS 53115 36A44 FEM LEGADO ZZ,9.99,16
000000481892,SHORT MOKAI JEANS 53121 36A44 FEM LEGADO ZZ,9.99,16
000000374682,ANAGUA TETRA MICRO 1279 MGGG,9.99,16
000000460651,BLUSA ROVITEX VISCO E12068 PMGG FEM,9.99,16
000000473743,SHORT AMUAGE JEANS 19499 36A42,9.99,16
000000473798,SHORT AMUAGE JEANS 18908 44A52,9.99,16
000000473842,CALCA AMUAGE JEANS 19371 36A44,9.99,16
000000473859,CALCA AMUAGE JEANS 19066 36A44,9.99,16
000000473873,CALCA AMUAGE JEANS 19376 36A44,9.99,16
000000474726,CALCA PLAY DENIM JEANS C DIVER FEM,9.99,16
000000481700,SHORT MURANO JEANS 50068 FEM 36A44,9.99,16
000000484787,BLUSA SABALA VISCOSE A251 AD,9.99,16
000000485531,SAIA IDISE JEANS 66640 EVANGELICA,9.99,16
000000485845,MACAQUINHO ONLY RENDA 2250 ADULTO,9.99,16
000000486118,CONJUNTO LUA FASHION Y10542 PMG,9.99,16
000000486187,VESTIDO EAGLE POA EH20440 PMG,9.99,16
000000486194,MACACAO EAGLE CREPE EH60223 PMG,9.99,16
000000450003,VESTIDO JZW VISCOSE 1913 1918 PMG LEGADO ZZ,9.99,16
000000466394,BLUSA MISS FASHION VISC K11925 PMG LEGADO ZZ,9.99,16
000000466462,BLUSA MISS FASHION VISC K15730 PMG LEGADO ZZ,9.99,16
000000466479,BLUSA MISS FASHION VISC AB06 PMG LEGADO ZZ,9.99,16
000000468114,BLUSA ROVITEX VISCOLY 612548 PMGG LEGADO ZZ,9.99,16
000000469142,BLUSA CHIC CORAL K6854 BORDADO PMGG LEGADO ZZ,9.99,16
000000469432,BLUSA ZITRO VISCO 3033 G1G2G3 AMPLA LEGADO ZZ,9.99,16
000000473736,SHORT AMUAGE JEANS 19519 36A42 LEGADO ZZ,9.99,16
000000475044,BLUSA SABALA A7106 A7117 FEM AD LEGADO ZZ,9.99,16
000000475495,CALCA FOCUS JEANS FEM SALDO AD LEGADO ZZ,9.99,16
000000475792,REGATA IDHOK VISCOSY 72444 G1G2G3 LEGADO ZZ,9.99,16
000000478618,VESTIDO CHIC CORAL VISCOSE YL080 AD LEGADO ZZ,9.99,16
000000478625,BODY CHIC CORAL VISCOSE MV03 AD LEGADO ZZ,9.99,16
000000481526,BLUSA TOP ORANGE VISC PA1450 PMG LEGADO ZZ,9.99,16
000000485852,MACAQUINHO ONLY CREPE 2478 ADULTO LEGADO ZZ,9.99,16
000000464239,BLUSA SABALA VISCOSE A7045 FEM AD LEGADO ZZ,9.99,16
000000466387,BLUSA MISS FASHION VISC M8528 PMG LEGADO ZZ,9.99,16
000000469289,BLUSA KROON TRICOLI CBZS018 LISA LEGADO ZZ,9.99,16
000000469296,BLUSA KROON TRICOLI CBB432 ESTAMPAD LEGADO ZZ,9.99,16
000000369374,BODY RITATI CENTINELE 6621 PMGG,4.99,16
000000452991,BLAZER MC JU 1422 MALHA PMGG,4.99,16
000000454490,BLUSA MISS FASHION R5933 VISCOSE AD,4.99,16
000000454513,BLUSA MISS FASHION Y6832 VISCOSE AD,4.99,16
000000458382,CALCA FOCUS LYCRA DIVER FEMININA,4.99,16
000000465106,MACACAO IDISE JEANS 1320 LONGO,4.99,16
000000473958,SAIA AMUAGE JEANS 19686 36A44,4.99,16
000000474771,SHORT PLAY DENIM 100ALG DIVER FEM,4.99,16
000000484374,VESTIDO IDISE JEANS 2032 CIGANINHA,4.99,16
000000486125,BLUSA EAGLE CREPE EV12129 CIGANINHA,4.99,16
000000488174,VESTIDO ROVITEX VISCOT 612802 PMG,4.99,16
000000428828,CALCA JIM D G VISCOSE LEGGING DIVER LEGADO ZZ,4.99,16
000000430470,BERMUDA MAX DENIM 3914 36A52 FEM LEGADO ZZ,4.99,16
000000438445,SHORT MAX DENIM LYCRA 3898 36A48 FE LEGADO ZZ,4.99,16
000000450201,SHORT BOKKER LYCRA 31093 34A46 FEM LEGADO ZZ,4.99,16
000000450348,SHORT BOKKER LYCRA 45087 44A54 PLUS LEGADO ZZ,4.99,16
000000450355,BERMUDA BOKKER LYCRA 49209 44A54 FE LEGADO ZZ,4.99,16
000000463041,CALCA QUESTAO ESTILO JEANS 11003 FE LEGADO ZZ,4.99,16
000000466806,BLUSA BACCI VISCOLY 1795 G1G2G3 LEGADO ZZ,4.99,16
000000469388,BLUSA ZITRO VISCO 3046 G1G2G3 ESTAM LEGADO ZZ,4.99,16
000000470582,BLUSA MC JU VISCOSE 8962 PMGG PLUS LEGADO ZZ,4.99,16
000000475051,BLUSA SABALA A207 A7127 FEM AD LEGADO ZZ,4.99,16
000000475730,BLUSA IDHOK VISCOLY 72659 PMGG LEGADO ZZ,4.99,16
000000481458,CALCA VESTY BRAZIL JEANS DIVERSAS LEGADO ZZ,4.99,16
000000466790,BLUSA BACCI VISCOLY 1796 G1G2G3 LEGADO ZZ,4.99,16
000000400329,CALCA MAX DENIM LYCRA 3630 36A48 FE,4.99,16
000000427364,CALCA VILEJACK SARJA BL006 VINHO FE,4.99,16
000000452915,BLUSA MC JU MALHA 5222 PMGGG CAPUZ,4.99,16
000000452939,BLUSA MC JU 6922 PMGG,4.99,16
000000454223,BLUSA SANTO EXP LINHA 17131 PMGG,4.99,16
000000468121,BLUSA ROVITEX VISCOLY 612556 PMGG,4.99,16
000000475679,SAIA IDHOK CREPE 72583 PMGG,4.99,16
000000485838,VESTIDO ONLY CREPE 5360 ADULTO FEM,4.99,16
000000486132,BLUSA EAGLE CHIFRON EV12127 CIGANIN,4.99,16
000000486729,VESTIDO TOQUE DE COR VISC 5020 PMG,4.99,16
000000452786,BLUSA MC JU MALHA 8422 PMGGG,4.99,16
000000452946,BLUSA MC JU 6722 PMGG,4.99,16
000000465151,BLUSA IDISE JEANS 3017 S MANGA,4.99,16
000000466783,BLUSA BACCI VISCOLY 1794 G1G2G3,4.99,16
000000468053,BLUSA ROVITEX VISCOLY 612484 PMGG,4.99,16
000000468169,BLUSA ROVITEX VISCOLY 612483 PMGG,4.99,16
000000469395,BLUSA ZITRO VISCO 3043 G1G2G3 LONGA,4.99,16
000000469463,BLUSA ZITRO MM 3058 G1G2G3 C ESTAMP,4.99,16
000000469517,CALCA ZITRO SUPLE 3062 LEGG ESTAMP,4.99,16
000000470407,CALCA JEZZIAN JEANS DIVER RASGADA F,4.99,16
000000471244,BLUSA URBAM COTTON 5531 SILK PMGG,4.99,16
000000473750,SHORT AMUAGE JEANS 19501 36A42,4.99,16
000000473774,SHORT AMUAGE JEANS 19448 36A42,4.99,16
000000473903,CALCA AMUAGE JEANS 19633 38A48,4.99,16
000000473941,CALCA AMUAGE SARJA 19697 38A46 FLEA,4.99,16
000000476874,BLUSA MOONCITY VISCO 220184 PMGG,4.99,16
000000480963,CALCA DULUNA SUPLEX 2608 VIES COLOR,4.99,16
000000484541,BLUSA LECIMAR MALHA 700736 G1G2G3,4.99,16
000000408226,SHORT MOKKAY JEANS 51039 FEM LEGADO ZZ,4.99,16
000000429207,SHORT JEZZIAN JEANS 79496 77252 FEM LEGADO ZZ,4.99,16
000000435154,SHORT MURANO JEANS 5934 HOTPENT LEGADO ZZ,4.99,16
000000439572,BLUSA MOONCITY VISCOSE 220137 PMGGG LEGADO ZZ,4.99,16
000000440325,BLUSA MC JU MM 7038 PMGGG LEGADO ZZ,4.99,16
000000445962,BERMUDA Q ESTILO JEANS 10687 48A56F LEGADO ZZ,4.99,16
000000449403,BLUSA CEREJA ROSA MM 70012 PMGGG LEGADO ZZ,4.99,16
000000450171,SHORT BOKKER SARJA 31094 BRANCO FEM LEGADO ZZ,4.99,16
000000452359,CALCA JOLIE ROSE POLY PMG LEGUINGG LEGADO ZZ,4.99,16
000000453486,CROPPED JZW VISCOSE 1603 PMGG LEGADO ZZ,4.99,16
000000462501,CALCA SDA JEANS ADULTO SALDO FEM LEGADO ZZ,4.99,16
000000463225,CALCA AMG JEANS 19419 36A44 FEM LEGADO ZZ,4.99,16
000000463966,CALCA QUESTAO ESTILO JEANS 11012 FE LEGADO ZZ,4.99,16
000000464673,CALCA MURANO LYCRA 2963 36A44 FEM LEGADO ZZ,4.99,16
000000465168,VESTIDO IDISE JEANS 2027 C MANGA LEGADO ZZ,4.99,16
000000466905,VESTIDO ROVITEX 612520 VISC AD LONG LEGADO ZZ,4.99,16
000000468183,BLUSA ROVITEX VISCOLY 612498 PMGG LEGADO ZZ,4.99,16
000000469364,BLUSA ZITRO VISCO 3017 PMGG M CURTA LEGADO ZZ,4.99,16
000000470636,BLUSA MC JU VISCOSE 9662 PLUS ESTAM LEGADO ZZ,4.99,16
000000470667,T SHIRT MC JU VISCOSE 9562 PLUS LIS LEGADO ZZ,4.99,16
000000477215,SAIA IDHOK VISCOLY DIVERSAS SALDO LEGADO ZZ,4.99,16
000000478328,BLUSA LUA FASHION VISCOSE K10628 AD LEGADO ZZ,4.99,16
000000478373,BLUSA JZW VISCOSE 2011 PMG LEGADO ZZ,4.99,16
000000478533,BLUSA CHIC CORAL VISCOSE ZN5203 PMG LEGADO ZZ,4.99,16
000000478557,BLUSA CHIC CORAL VISCOSE Q9087 PMG LEGADO ZZ,4.99,16
000000478588,BLUSA CHIC CORAL VISCOSE Q9067 PMG LEGADO ZZ,4.99,16
000000480871,CALCA QUESTAO ESTILO JEANS 10200 FE LEGADO ZZ,4.99,16
000000481465,SHORT VESTY BRAZIL JEANS DIVERSAS LEGADO ZZ,4.99,16
000000483797,BABY LOOK MARIA AMORA VISC 1126 PMG LEGADO ZZ,4.99,16
000000484589,VESTIDO LECIMAR VISCO 700711 G1G2G3 LEGADO ZZ,4.99,16
000000485821,REGATA ONLY VISCOSE 2109 ADULTO FEM LEGADO ZZ,4.99,16
000000486842,CALCA TOQUE DE COR VISC 4778 G1G2G LEGADO ZZ,4.99,16
000000486873,CALCA TOQUE DE COR BERG 5175 G1G2G3 LEGADO ZZ,4.99,16
000000449434,BLUSA CEREJA ROSA MM 70005 PMGGG LEGADO ZZ,4.99,16
000000455084,BLUSA DISNEY VISCOLYCRA PMGGG LEGADO ZZ,4.99,16
000000461306,BLUSA JIM D G COTELE PMG FEM LEGADO ZZ,4.99,16
000000517652,CONJUNTO EMELY LINHO A003329 PMG LEGADO ZZ,39.99,16
000000501712,CALCA LOCAL LYCRA 40123 FEM AD LEGADO ZZ,29.99,16
000000517515,VESTIDO CHIC CORAL VISCO DN513 AD LEGADO ZZ,29.99,16
000000505277,CALCA BIOTIPO LYCRA 22195 22296 AD LEGADO ZZ,29.99,16
000000517614,CONJUNTO EMELY LINHO A2329 PMG FEM Sortida P,24.99,16
000000517645,MACAQUINHO EMELY LINHO A003321 PMG LEGADO ZZ,24.99,16
000000523707,CONJUNTO JWZ VISCOSE 26006 PMG LEGADO ZZ,24.99,16
000000523790,CALCA BIOTIPO 23301 LYCRA 36A46 FEM LEGADO ZZ,24.99,16
000000523806,CALCA BIOTIPO 23306 LYCRA 36A46 FEM LEGADO ZZ,24.99,16
000000523868,CALCA BIOTIPO 23419 LYCRA 36A46 FEM LEGADO ZZ,24.99,16
000000523905,CALCA BIOTIPO 23426 LYCRA 36A46 FEM LEGADO ZZ,24.99,16
000000497213,BLUSA MC JU MALHA 1254 PMG LEGADO ZZ,19.99,16
000000501743,CALCA LOCAL SARJA 40712 CAMUFLADA F LEGADO ZZ,19.99,16
000000505406,CALCA MURANO SARJA 20214 36A46 FEM LEGADO ZZ,19.99,16
000000505604,CALCA AMUAGEN JEANS 20031 44A52 FEM LEGADO ZZ,19.99,16
000000517416,BLUSA LUA FASHION MALHA K4624 PMG LEGADO ZZ,19.99,16
000000501729,CALCA LOCAL LYCRA 40093 FEM AD,14.99,16
000000505192,CALCA BIOTIPO LYCRA 22165 FEM AD,14.99,16
000000523950,CALCA BIOTIPO 23188 LYCRA 36A46 FEM,14.99,16
000000501736,CALCA LOCAL LYCRA 40098 FEM AD,14.99,16
000000505215,CALCA BIOTIPO LYCRA 22107 FEM AD,14.99,16
000000505420,CALCA MURANO JEANS 20160 FEM FLAR,14.99,16
000000505284,CALCA BIOTIPO LYCRA 21882 FEM AD LEGADO ZZ,14.99,16
000000505451,CALCA MURANO JEANS 20066 36A44 FEM LEGADO ZZ,14.99,16
000000505468,SHORT MURANO JEANS 50128 36A44 FEM LEGADO ZZ,14.99,16
000000505499,SHORT MURANO JEANS 50182 36A44 FEM LEGADO ZZ,14.99,16
000000505611,CALCA AMUAGEN JEANS 19925 26 44A52 LEGADO ZZ,14.99,16
000000509770,MACACAO MC JU VISCO 4273 PANTACUR L LEGADO ZZ,14.99,16
000000510806,VESTIDO DONNAS JEANS 0903615 36A44 LEGADO ZZ,14.99,16
000000512626,MACACAO ARTE LIVRE VISCO 18924 PANT LEGADO ZZ,14.99,16
000000517201,BLUSA MONA ISHA VISC M00042-1 PMG LEGADO ZZ,14.99,16
000000519540,JARDINEIRA MURANO JEANS 1272 PMG LEGADO ZZ,14.99,16
000000523769,CALCA BIOTIPO 23224 LYCRA 36A46 FEM LEGADO ZZ,14.99,16
000000523844,CALCA BIOTIPO 23398 LYCRA 36A46 FEM LEGADO ZZ,14.99,16
000000517300,BLUSA LUA FASHION CREPE M173265 PMG LEGADO ZZ,14.99,16
000000490399,CONJUNTO JWZ JEANS 1281-82 FEM AD,9.99,16
000000490344,SHORT JWZ CREPE F545 ILHOS,9.99,16
000000505208,CALCA BIOTIPO LYCRA 22007 FEM AD,9.99,16
000000510813,VESTIDO DONNAS JEANS 0903706 36A44,9.99,16
000000510837,VESTIDO DONNAS JEANS 0943701 44A52,9.99,16
000000510844,VESTIDO DONNAS JEANS 0903705 PMG,9.99,16
000000510851,VESTIDO DONNAS JEANS 0903720 PMG,9.99,16
000000517225,CONJUNTO MONA ISHA VISC TA8147 PMG,9.99,16
000000517249,CONJUNTO JIM D G LINHO G963 PMG,9.99,16
000000519571,SHORT MURANO JEANS 50131 36A44 LOVE,9.99,16
000000509732,SAIA MC JU LESE 1173 PMG,9.99,16
000000517195,BLUSA MONA ISHA VISC M00046-1 PMG,9.99,16
000000509008,CALCA DISFRUTTI VISCO 5879 ESTP G1G LEGADO ZZ,9.99,16
000000339346,BLUSA AISHTY TRIC 5097 ESTAMP C BOJ LEGADO ZZ,9.99,16
000000481670,SHORT MURANO JEANS 50052 FEM 36A44 LEGADO ZZ,9.99,16
000000492393,BLUSA SANTO EXP LINHA 1898 GOLA LEGADO ZZ,9.99,16
000000498289,CALCA JEZZIAN 143050 CONFORT FEM AD LEGADO ZZ,9.99,16
000000504157,CALCA KADORY LYCRA 16036 DIV FEM AD LEGADO ZZ,9.99,16
000000504874,BLUSA AIDI CREPE H1703 MEIA MANGA LEGADO ZZ,9.99,16
000000519649,SAIA MURANO JEANS 7111 38A44 BCO LEGADO ZZ,9.99,16
000000509824,BLUSA MC JU VISCO 9273 SILK PLUS AD LEGADO ZZ,9.99,16
000000517539,SAIAO CHIC CORAL LINHO 5007-1 AD LEGADO ZZ,9.99,16
000000504928,CALCA JEZZIAN JEANS 144263 FEM AD,9.99,16
000000505031,CALCA BIOTIPO LYCRA 22301 FEM AD,9.99,16
000000517980,VESTIDO DISFRUTTI VISCO 6039 G1G2G3,9.99,16
000000485586,SHORT IDISE JEANS 1174800 46A52 FEM LEGADO ZZ,9.99,16
000000467940,BLUSA AIDI VISCOSE DFH97 DFH98 ESTP,4.99,16
000000517294,BLUSA JIM D G VISCOSE J7512 FOLHA,4.99,16
000000454216,BLUSA SANTO EXP MOUSE 17252 FLEAR,4.99,16
000000454254,BLUSA SANTO EXP LINHA 4506 ILHOS,4.99,16
000000490368,SHORT JWZ SARJA 1278 PMG,4.99,16
000000492409,BLUSA SANTO EXP LINHA 1863 LACO COS,4.99,16
000000492522,BLUSA SANTO EXP LINHA PAQUITA FEM,4.99,16
000000496926,BLUSA MC JU MALHA 3754 PMG SILK,4.99,16
000000498265,BLUSA EMELY CREPE A2899 PMG CIGANA,4.99,16
000000499286,BLUSA AISHTY POLIAMIDA 6032A PMG,4.99,16
000000501798,CALCA ZATTZA LYCRA DIVERSA FEM AD,4.99,16
000000503532,CALCA FASHION BOYS RIBANA LEGG AD,4.99,16
000000505628,CALCA AMUAGEN SARJA 20043 FLAR FEM,4.99,16
000000507028,CALCA PERUSIN LYCRA FEM 48A54 DIV,4.99,16
000000509220,VESTIDO DISFRUTTI VISCO 5898 ESTAMP,4.99,16
000000510318,CALCA SAKAVERAO POLIA 056 COS ALTO,4.99,16
000000519557,SHORT MURANO JEANS 50197 36A44 FEM,4.99,16
000000519601,SHORT MURANO JEANS 50240 36A44 BRAN,4.99,16
000000521291,SAIA SANTO EXP LINHO 1820 LUREX PMG,4.99,16
000000524629,VESTIDO JWZ VISCOL D2517 D2518 PMG,4.99,16
000000509039,CALCA DISFRUTTI VISCO 5704 PANTA PM,4.99,16
000000511094,BLUSA MISS FASHION MALHA DIV PMGG,4.99,16
000000512534,SHORT ARTE LIVRE VISC 18106 CAMUFLA,4.99,16
000000523646,T SHIRT JWZ VISCOLY KD602 CORUJA,4.99,16
000000485548,SHORT IDISE JEANS 0176 FEM 36A44 LEGADO ZZ,4.99,16
000000496346,CALCA LA GATA JACAR 117001 PMGG FEM LEGADO ZZ,4.99,16
000000497183,VESTIDO MC JU MALHA 1354 PMG LEGADO ZZ,4.99,16
000000508988,CALCA DISFRUTTI CREPE 5896 BLUBBLE LEGADO ZZ,4.99,16
000000509237,VESTIDO DISFRUTTI RIBANA 5824 C APL LEGADO ZZ,4.99,16
000000511308,SHORT MS LYCRA 060-7017-0051 46A54 LEGADO ZZ,4.99,16
000000512442,BLUSA ARTE LIVRE VISC 18445 G1G2G3 LEGADO ZZ,4.99,16
000000517188,BLUSA MONA ISHA VISC M00045-1 PMG LEGADO ZZ,4.99,16
000000517676,BLUSA AIDI LINHO 17218 BRILHO PMG LEGADO ZZ,4.99,16
000000518086,SAIA Q DE ESTILO JEANS 111292 36A44 LEGADO ZZ,4.99,16
000000518109,SAIA Q DE ESTILO JEANS 104532 36A44 LEGADO ZZ,4.99,16
000000518277,VESTIDO Q DE ESTILO JEANS 890212 AD LEGADO ZZ,4.99,16
000000504683,BLUSA JWZ VISCOSE 1071 PMG LEGADO ZZ,4.99,16
000000474719,CALCA FOCUS JEANS DIVER BASICA FEM,4.99,16
000000234122,CALCA JEZZIAN JEANS HOT PENT DIV FE,4.99,16
000000456869,CAMISETE TEODORO TRIC FEM MESC ESTA,4.99,16
000000496339,CALCA LA GATA JACAR 170175 PMGG FEM,4.99,16
000000496919,BLUSA MC JU MALHA 6454 PMG,4.99,16
000000496957,BLUSA MC JU MALHA 9254 POA AD PLUS,4.99,16
000000497206,BLUSA MC JU MALHA 3854 PMG,4.99,16
000000499279,BLUSA AISHTY POLIAMIDA 4023 PMG,4.99,16
000000502924,CROPPED TIFA VISCOLY VS6504 10A16 F,4.99,16
000000503013,CALCA ALLGIRLS POLIAMIDA DIV LEGG,4.99,16
000000508971,CALCA DISFRUTTI CREPE 5813 PANTACUR,4.99,16
000000509213,VESTIDO DISFRUTTI VISCO 5784 CIGANI,4.99,16
000000509749,SHORT MC JU LESE 1473 PMG,4.99,16
000000510714,CALCA MISS SS SUPLEX 1216 1217 PMG,4.99,16
000000510745,BERMUDAO MISS SS POLI 1203 PLUS,4.99,16
000000511292,SHORT MS LYCRA 020-21-42-43-44-52 F,4.99,16
000000512213,CALCA DISFRUTTI VISCO 5915 PANTAC G,4.99,16
000000512527,CROPPED ARTE LIVRE VISCOL 18120 PMG,4.99,16
000000512794,BLUSA AIDI VISCOLY TTH06 BRILHO AD,4.99,16
000000517492,VESTIDO CHIC CORAL VISCO 51725 AD,4.99,16
000000522946,SHORT TOQUE DE COR 5873 FLORAL AD F,4.99,16
000000523653,BLUSA JWZ RASTAO 27208 N COM PEROLA,4.99,16
000000523677,BLUSA JWZ RASTAO 27211 REGATA PMG,4.99,16
000000466950,SHORT ROVITEX LINHO DIVERSOS 36A46,4.99,16
000000468145,BLUSA ROVITEX VISCOLY 91289 PMGG,4.99,16
000000480949,CALCA DULUNA SUPLEX 8111 TELA ARRAS,4.99,16
000000480970,CALCA DULUNA RIBANA 8116 MESCLA PRE,4.99,16
000000508940,BLUSA DISFRUTTI VISCO 5737 REGATA A,4.99,16
000000512121,BLUSA DISFRUTTI CREPE 5768 RITEL AD,4.99,16
000000512336,BLUSA ARTE LIVRE VISC 18118 PMG,4.99,16
000000523745,BLUSA JWZ LINHO 983 PEROLA,4.99,16
000000289504,BLUSA T-SHIRT MAXSHOP LEGADO P,4.99,16
000000369558,SHORT AISHTY 4964-65-67 AD FEM LEGADO ZZ,4.99,16
000000440097,MACAQUINHO MC JU MM 5138 PMGGG LEGADO ZZ,4.99,16
000000454582,VESTIDO MISS FASHION GF4149 PMGG LEGADO ZZ,4.99,16
000000462365,CALCA ZERRUCCI POLY ZR280001 LEG CO LEGADO ZZ,4.99,16
000000481694,SHORT MURANO JEANS 50092 FEM 36A44 LEGADO ZZ,4.99,16
000000481779,SHORT MURANO JEANS 50080 FEM 36A44 LEGADO ZZ,4.99,16
000000483827,BABY LOOK MARIA AMORA VISC 1121 PMG Sortida P,4.99,16
000000490290,BLUSA JWZ MALHA 648 ELASTADO PMG LEGADO ZZ,4.99,16
000000495653,SHORT JWZ CREPE 1301 1302 FEM PMG LEGADO ZZ,4.99,16
000000498388,BLUSA DISFRUTTI VISCOSE 5446 G1G2G3 LEGADO ZZ,4.99,16
000000498425,CROPPED DISFRUTTI VISCOSE 5516 PMG LEGADO ZZ,4.99,16
000000509015,CALCA DISFRUTTI VISCO 5604 PANT G1G LEGADO ZZ,4.99,16
000000509114,BABY LOOK DISFRUTTI MM 5762 PMGG LEGADO ZZ,4.99,16
000000509831,BLUSA MC JU VISCO 6673 SILK PLUS AD LEGADO ZZ,4.99,16
000000509862,T SHIR MC JU VISCOLY 9773 SILK PLUS LEGADO ZZ,4.99,16
000000512145,BLUSA DISFRUTTI VISCO 4130 REGATA P LEGADO ZZ,4.99,16
000000512329,BLUSA ARTE LIVRE VISC 18888 PMG LEGADO ZZ,4.99,16
000000512343,BLUSA ARTE LIVRE VISC 18863 PMG LEGADO ZZ,4.99,16
000000512633,BLUSA ARTE LIVRE VISCO 15290 PLUS G LEGADO ZZ,4.99,16
000000513548,BLUSA ROVITEX VISCOL 6131215 SILK LEGADO ZZ,4.99,16
000000517935,BLUSA DISFRUTTI VISCO 6044 G1G2G3 LEGADO ZZ,4.99,16
000000517942,BLUSA DISFRUTTI VISCO 6002 G1G2G3 LEGADO ZZ,4.99,16
000000538121,CALCA BIOTIPO LYCRA 23615 36A46 FEM LEGADO ZZ,49.99,16
000000538084,CALCA BIOTIPO LYCRA 23584 36A46 FEM LEGADO ZZ,39.99,16
000000538091,CALCA BIOTIPO LYCRA 23581 36A46 FEM,29.99,16
000000538114,CALCA BIOTIPO SARJA 23678 36A46 FEM,29.99,16
000000538565,CALCA BIOTIPO LYCRA 23924 36A46 FEM LEGADO ZZ,29.99,16
000000557016,CALCA BIOTIPO LYCRA 24940 36A46 FEM LEGADO ZZ,29.99,16
000000557023,CALCA BIOTIPO LYCRA 25144 36A46 FEM LEGADO ZZ,29.99,16
000000534239,CALCA LOCAL JEANS 40174 38A46 FEM LEGADO ZZ,29.99,16
000000534246,CALCA LOCAL JEANS 40190 38A46 FEM LEGADO ZZ,29.99,16
000000538657,CALCA MURANO JEANS 20392 36A44 RASG LEGADO ZZ,29.99,16
000000550505,BERMUDA AMUAGEM SARJA 20876 44A54 F LEGADO ZZ,29.99,16
000000557030,CALCA BIOTIPO LYCRA 24657 36A46 FEM LEGADO ZZ,29.99,16
000000550420,BERMUDA AMUAGEM JEANS 20942 44A52 F,24.99,16
000000538350,CALCA PARADOX JEANS 12175 FLEAR CIN LEGADO ZZ,24.99,16
000000538633,CALCA MURANO JEANS 20454 36A44 CINT LEGADO ZZ,24.99,16
000000538688,SHORT MURANO JEANS 50298 36A44 CINT LEGADO ZZ,24.99,16
000000543484,CALCA PARADOX JEANS 14985 36A46 FEM LEGADO ZZ,24.99,16
000000538725,CALCA TEEZZ SARJA 20136 36A48 CARAM,19.99,16
000000539036,VESTIDO DISFRUTI VISC 6593 PMG LONG,19.99,16
000000526838,CAMISETE ALIRIO JEANS 215365 PMG LEGADO ZZ,19.99,16
000000530422,CALCA MAX DENIM LYCRA 4656 36A52 F LEGADO ZZ,19.99,16
000000532181,BLUSA DISFRUTTI RIBANA 6507 G1G3 LEGADO ZZ,19.99,16
000000535700,CALCA JEZZIAN JEANS 160718 AD FEM LEGADO ZZ,19.99,16
000000538145,CALCA CRISTIAN CREPE LISTRA ONCA LEGADO ZZ,19.99,16
000000538923,CROPPED DISFRUTI VISCOSE 6611 PMG LEGADO ZZ,19.99,16
000000554909,CALCA YOU LYCRA DIV 44A54 FEM,14.99,16
000000556880,VESTIDO JWZ VISCOSE T1907 PMG LONGO,14.99,16
000000510301,CALCA SAKAVERAO POLIA 032 ESTAMPADA,14.99,16
000000530446,CALCA MAX DENIM SARJA 4633 36A48 F,14.99,16
000000538367,CALCA PARADOX JEANS 2211 CIGARRETE,14.99,16
000000538640,CALCA MURANO JEANS 20447 36A44 BOTA,14.99,16
000000538671,SHORT MURANO JEANS 50202 36A44 CINT,14.99,16
000000549011,CALCA MAX DENIM SARJA 4819 BRANCA F,14.99,16
000000549028,CALCA MAX DENIM SARJA 4784 CORAL F,14.99,16
000000550475,BERMUDA AMUAGEM JEANS 20262 46A54 F,14.99,16
000000550512,BERMUDA AMUAGEM JEANS 30057 44A54 F,14.99,16
000000556699,MACACAO LUMAR BENGALINE PMG JOGGER,14.99,16
000000543842,SHORT PLAY DENIM SARJA V18805 36A44,14.99,16
000000551694,VESTIDO JOINHA LINHA 310139 M LONGO,14.99,16
000000554374,VESTIDO JOINHA LINHA 310146 AD LONG,14.99,16
000000556705,CONJ LUMAR CREPE PMG CALCA CROPPED,14.99,16
000000510271,CALCA SAKAVERAO POLIA 06 PMG ESTAMP LEGADO ZZ,14.99,16
000000526715,MACAQUINHO AIDI CREPE H837 PMG LEGADO ZZ,14.99,16
000000542272,VESTIDO VILA FLOR VISC 730 PMGG CIN LEGADO ZZ,14.99,16
000000554459,BLUSA MC JU DIV AD LEGADO ZZ,14.99,16
000000554466,BLUSA MC JU DIV AD DETALHE LEGADO ZZ,14.99,16
000000554763,VESTIDO TRIBO MM 55059 PMGG BOTAO LEGADO ZZ,14.99,16
000000526555,BLUSA AISHTY FLAN 9918 PMGG MC XADR,9.99,16
000000496865,CALCA MOONCITY SARJA 240161 G1G2 FE,9.99,16
000000510288,CALCA SAKAVERAO POLIA 035 C TULE AD,9.99,16
000000548496,SAIA REVILLE JEANS 1685 36A44,9.99,16
000000550406,SHORT PARADOX JEANS 0858 36A46 BOY,9.99,16
000000550413,SHORT PARADOX JEANS 12892 36A46 BOY,9.99,16
000000554893,CALCA YOU LYCRA DIV 36A44 FEM,9.99,16
000000543477,SHORT PARADOX JEANS DIVERSOS 36A44,9.99,16
000000550345,SHORT PARADOX JEANS 6635 36A46 CORR,9.99,16
000000548335,VESTIDO DISFRUTI VISC 6649 PMG CURT,9.99,16
000000526517,CAMISETE AISHTY CHIFON 5693 PMGG ML LEGADO ZZ,9.99,16
000000532020,BLUSA DISFRUTTI VISCOSE 6352 G1G3 LEGADO ZZ,9.99,16
000000540162,MACACAO MC JU CREPE 7082 PMGG PANTA LEGADO ZZ,9.99,16
000000541022,VESTIDO ROVITEX MM 614252 PMGG PLUS LEGADO ZZ,9.99,16
000000554527,BODY MC JU DIV DETALHE LEGADO ZZ,9.99,16
000000554602,VESTIDO LUMAR RIBANA PMG TIRA COSTA LEGADO ZZ,9.99,16
000000539999,SAIA LUMAR CIRRE PMG LEGADO ZZ,9.99,16
000000510363,CALCA SAKAVERAO POLIA 059 C TULE PM,9.99,16
000000536240,CAMISETE AISHTY ALG. 9917 ML FEM,9.99,16
000000539593,CALCA SAKAVERAO POLIAM 049 AD ARRAS,9.99,16
000000460644,BLUSA ROVITEX MALHA 91184 PMGG FEM,9.99,16
000000510264,CALCA SAKAVERAO JAKAR 130 PMG RECOR,9.99,16
000000525916,VESTIDO MC JU MALHA 1065 PMG ESTAMP,9.99,16
000000528146,BLAZER MC JU CREPE 8565 PMGG,9.99,16
000000548281,CALCA DISFRUTI VISC 6759 G1G3 PANT,9.99,16
000000548373,SHORT JEZZIAN JEANS DIV 46A54 PLUS,9.99,16
000000548380,SHORT JEZZIAN SARJA 80300 36A46 CAM,9.99,16
000000553599,VESTIDO MC JU CREPE 432901 PMG LONG,9.99,16
000000556675,SAIA LUMAR CREPE PMG PLISSADA ESTAM,9.99,16
000000556811,REGATA JWZ VISCOSE T1909 PMG,9.99,16
000000556958,CALCA JWZ VISCOSE 16169 PMG,9.99,16
000000548342,VESTIDO DISFRUTI VISCOSE 6905 PMG,9.99,16
000000556835,CROPPED JWZ BENGALINE 318 PMG,9.99,16
000000526319,BLUSA MOONCITY VISCO 250165 PMGG LEGADO ZZ,9.99,16
000000532228,BLUSA DISFRUTTI RIBANA 6406 PMG LUR LEGADO ZZ,9.99,16
000000540353,BLUSA ROVITEX MALHA 613713 PMGG PLU LEGADO ZZ,9.99,16
000000542159,BLUSA VILA FLOR VISCOSE 746 PMG LEGADO ZZ,9.99,16
000000545464,REGATA TRICNICK MALHA 614313 PMGG LEGADO ZZ,9.99,16
000000556965,CONJUNTO JWZ VISCOSE T1913 SHORT LEGADO ZZ,9.99,16
000000454292,VESTIDO SANTO EXP LINHA 1737 PMGG,4.99,16
000000499293,BLUSA AISHTY POLIAMIDA 6033 LISTRAD,4.99,16
000000512114,BLUSA DISFRUTTI CREPE 5805 RITEL GG,4.99,16
000000525923,BLUSA MC JU MALHA 1165 PMG CROPPED,4.99,16
000000540179,MACACAO MC JU CREPE 2883 PMGG PLUS,4.99,16
000000542296,VESTIDO VILA FLOR VISC 733 AD LONGO,4.99,16
000000548366,SHORT JEZZIAN JEANS DIV 36A46,4.99,16
000000557207,BLUSA JWZ RENDA 26110 PMG PEROLA,4.99,16
000000539029,VESTIDO DISFRUTI RIBANA 6224 PMG,4.99,16
000000540940,SHORT ROVITEX MOLETINH 614208 PMGG,4.99,16
000000545587,BLUSA TRICNICK VISCOSE 614383 PMGG,4.99,16
000000510356,TOP SAKAVERAO POLIA 022 C FORRO PMG LEGADO ZZ,4.99,16
000000526340,BLUSA MOONCITY VISCO 250138 PMGG LEGADO ZZ,4.99,16
000000526593,SHORT ANJUU POLIAMIDA 214001 PMG LEGADO ZZ,4.99,16
000000530477,BLUSA ROVITEX MALHA 614104 PMGG LEGADO ZZ,4.99,16
000000530538,BLUSA ROVITEX MALHA 91367 PMG LEGADO ZZ,4.99,16
000000532075,BLUSA DISFRUTTI VISCOSE 6202 PMG Sortida P,4.99,16
000000533577,BLUSA TRIBO VISCOSE 99188 PMGG LEGADO ZZ,4.99,16
000000536165,BLUSA TRIBO CREPE 21890 PMGG BICHO LEGADO ZZ,4.99,16
000000538909,CROPPED DISFRUTI VISCOSE 6604 PMG LEGADO ZZ,4.99,16
000000540001,BLUSA MC JU CREPE 1282 PMGG LEGADO ZZ,4.99,16
000000540032,BLUSA MC JU VISCOSE 5682 PMGG LEGADO ZZ,4.99,16
000000540315,BLUSA ROVITEX MALHA 613774 PMGG FEM LEGADO ZZ,4.99,16
000000542111,BLUSA VILA FLOR VISCOSE 704 PMGG LEGADO ZZ,4.99,16
000000542197,BLUSA VILA FLOR VISCOSE 701 PMG LEGADO ZZ,4.99,16
000000542241,BLUSA VILA FLOR VISCOL 902 PMG PLUS LEGADO ZZ,4.99,16
000000545457,SHORT TRICNICK MALHA 614305 PMGG F LEGADO ZZ,4.99,16
000000548267,CROPPED DISFRUTI VISCOSE 5726 PMG LEGADO ZZ,4.99,16
000000551670,BLUSA JOINHA LINHA 310143 M PRINCES LEGADO ZZ,4.99,16
000000553766,CROPPED MC JU RIBANA 5529 PMG LEGADO ZZ,4.99,16
000000556668,SHORT LUMAR CREPE PMGG FIVELA LEGADO ZZ,4.99,16
000000532112,CIGANINHA DISFRUTTI VISCOSE 6525 PG,4.99,16
000000548168,BLUSA DISFRUTI VISCOSE 5804 PMG,4.99,16
000000548199,BLUSA DISFRUTI VISCOSE 6819 PMG,4.99,16
000000553667,SHORT MC JU CREPE 522901 G1G3 LISO,4.99,16
000000553728,BLUSA MC JU CREPE 809502 PMG BOTAO,4.99,16
000000555463,MACAQUINHO ROVITEX MALHA 614423 JUV,4.99,16
000000556583,MACAQUINHO AIDI CREPE H925 PMG CURT,4.99,16
000000556743,T SHIRT JWZ MALHA KD632 PMG,4.99,16
000000556798,BLUSA JWZ MALHA FRIA 27228 PMGG,4.99,16
000000462280,REGATA ZEERUCCI POLY ZR0900016 MODE,4.99,16
000000513951,BLUSA ROVITEX MALHA 613126 ESTP AD,4.99,16
000000526784,BLUSA AIDI LINHA OYH1007 PMG CANEL.,4.99,16
000000528061,BLUSA MC JU CREPE 3165 PMG LISA,4.99,16
000000528160,CAMISA MC JU CREPE 7665 PMGG,4.99,16
000000532099,BLUSA DISFRUTTI VISCOSE 6326 PMG,4.99,16
000000532129,CROPPED DISFRUTTI PLUSH 6398 PMG,4.99,16
000000532204,BLUSA DISFRUTTI RIBANA 3289 PMG,4.99,16
000000532242,REGATA DISFRUTTI RIBANA 6222 PMG,4.99,16
000000532303,CALCA DISFRUTTI BENGALINE 4697 PMG,4.99,16
000000533591,BLUSA TRIBO VISCOSE 99205 PMGG,4.99,16
000000537070,BLUSA TRIBO VISCOLYCRA PMGG ONCA,4.99,16
000000538206,TOP ARRAZANTTY LYCRA MGG SEM BOJO,4.99,16
000000538237,CALCA ARRAZANTTY CIRRE PMGG FEM,4.99,16
000000538978,SHORT DISFRUTI VISCOSE 6700 G1G3,4.99,16
000000540094,T SHIRT MC JU VISCOSE 2682 PMGG,4.99,16
000000540155,SHORT MC JU CREPE 4483 PMGG PLUS,4.99,16
000000542166,BLUSA VILA FLOR VISCOSE 710 PMG,4.99,16
000000542203,BLUSA VILA FLOR VISCOSE 716 PMG,4.99,16
000000542753,BLUSA ROVITEX MM 6141965 PMGG FEM,4.99,16
000000542890,BODY LUMAR SUPLEX PMG,4.99,16
000000545440,BLUSA TRICNICK MALHA 614304 PMGG,4.99,16
000000548083,BLUSA LUMAR RIBANA PMG BOJO,4.99,16
000000548182,BLUSA DISFRUTI VISCOSE 6701 PMG,4.99,16
000000548205,BLUSA DISFRUTI VISCOSE 6412 PMG,4.99,16
000000548236,BLUSA DISFRUTI LESE 5724 PMG,4.99,16
000000548274,CROPPED DISFRUTI VISCOSE 6853 PMG,4.99,16
000000551700,VESTIDO JOINHA LINHA 310157 M PRINC,4.99,16
000000553612,VESTIDO MC JU CREPE 819501 PMG MIDI,4.99,16
000000553650,SHORT MC JU CREPE 558305 G1G6 FLORA,4.99,16
000000553674,SHORT MC JU CREPE 402901 PMG FLORAL,4.99,16
000000553681,BLUSA MC JU CREPE 1864 G1G3,4.99,16
000000553735,REGATA MC JU COTTON 1764 G1G3,4.99,16
000000553773,SAIA MC JU CREPE 6829 PMG MIDI FLOR,4.99,16
000000554565,BODY LUMAR RIBANA PMG BOJO DEC TRAN,4.99,16
000000554916,BLUSA ROVITEX MALHA 614502 PMGG ALC,4.99,16
000000555371,BLUSA ROVITEX VISC 91328 PMGG,4.99,16
000000556750,T SHIRT JWZ MALHA KD637 PMG,4.99,16
000000553742,T SHIRT MC JU CREPE FINO 9729 G1G3,4.99,16
000000526371,BLUSA TRIBO PMG NEON FEM. LEGADO ZZ,4.99,16
000000538930,REGATA DISFRUTI VISCOSE 6656 PMG LEGADO ZZ,4.99,16
000000540018,BLUSA MC JU CANELADA 1682 PMGG LEGADO ZZ,4.99,16
000000580632,CALCA PARADOX JEANS 8590 48A54 CINT,29.99,16
000000538596,CALCA BIOTIPO LYCRA 24038 36A46 FEM LEGADO ZZ,29.99,16
000000538732,CALCA TEEZZ SARJA 20141 36A48 PRETA LEGADO ZZ,29.99,16
000000557047,CALCA BIOTIPO LYCRA 25162 36A46 FEM LEGADO ZZ,29.99,16
000000580625,CALCA PARADOX JEANS 13060 48A54 RAS,24.99,16
000000586344,CALCA JEANS.COM LYCRA DIV FEM FLAIR,24.99,16
000000510257,CALCA SAKAVERAO JAKAR 085 PMG LISA LEGADO ZZ,24.99,16
000000521512,CALCA K-DU SARJA 11163 FEM PRETA AD LEGADO ZZ,24.99,16
000000523615,CROPPED JWZ RENDA Q1075 PMG LEGADO ZZ,24.99,16
000000530439,CALCA MAX DENIM SARJA 4631 36A48 F LEGADO ZZ,24.99,16
000000548298,MACACAO DISFRUTI VISCOSE 6912 G1G3 LEGADO ZZ,24.99,16
000000550369,SHORT PARADOX SARJA 11888 PLUS BRAN LEGADO ZZ,24.99,16
000000550451,BERMUDA AMUAGEM JEANS 20861 44A52 F LEGADO ZZ,24.99,16
000000568104,CALCA VIZZI LYCRA DIV 36A46 FLARE LEGADO ZZ,24.99,16
000000550352,SHORT PARADOX JEANS 12583 PLUS CORD LEGADO ZZ,19.99,16
000000581295,SHORT LUXE JEANS DIV 36A44 CINTO CT LEGADO ZZ,19.99,16
000000538749,CALCA TEEZZ LYCRA DIV 36A48 FEM,14.99,16
000000550468,SHORT AMUAGEM JEANS 20885 44A52 ZIP,14.99,16
000000523851,CALCA BIOTIPO 23414 LYCRA 36A46 FEM,14.99,16
000000561075,CALCA PARADOX SARJ 10547 AD F CARAM,14.99,16
000000562911,CALCA LAMBADA LYCRA DIV 36A44 FEM,14.99,16
000000567664,CALCA PARADOX LYCRA DIV 36A48 F LD,14.99,16
000000568814,CAMISA ROVITEX VISC 614736 AD ML FE,14.99,16
000000580618,SHORT PARADOX JEANS 14828 36A44 PRE,14.99,16
000000581301,CROPPED LUXE JEANS PMG MANGA PRINCE,14.99,16
000000581745,MACACUR DISFRUTI VISCOSE 7515RL PMG,14.99,16
000000589826,CALCA JEZZIAN JEANS HOT DIV AD NACI,14.99,16
000000468466,CALCA BIOTIPO BENGALIN 19761 FEM,14.99,16
000000581332,CONJUNTO RHODE VISCOL 70506 M CORAC,14.99,16
000000587334,JARDINEIRA SAIA LUXE JEANS DIV PMG,14.99,16
000000561464,CALCA MOONCITY SARJA 248019 G1G3 FE,14.99,16
000000464314,VESTIDO AIDI VISCOSE Q16117 LONGO LEGADO ZZ,14.99,16
000000559263,VESTIDO AISHTY VISC FLORAL 6363 AD LEGADO ZZ,14.99,16
000000559287,CALCA AISHTY VISCOSE FLORAL 6362 AD LEGADO ZZ,14.99,16
000000559836,CALCA LUMAR VISCOLINHO 098 PMG LEGADO ZZ,14.99,16
000000573344,VESTIDO LUMAR MALHA PMG TIE DYE LEGADO ZZ,14.99,16
000000576833,CONJUNTO HOXIE VISCO MOL 58309 PMGG LEGADO ZZ,14.99,16
000000576840,CONJUNTO HOXIE VISCO MOL 58340 PMGG LEGADO ZZ,14.99,16
000000576857,CONJUNTO HOXIE VISCO MOL 58305 PMGG LEGADO ZZ,14.99,16
000000576864,CONJUNTO HOXIE VISCO MOL 58322 PMGG LEGADO ZZ,14.99,16
000000576871,CONJUNTO HOXIE VISCO MOL 58320 PMGG LEGADO ZZ,14.99,16
000000576888,CONJUNTO HOXIE VISCO MOL 58330 PMGG Sortida P,14.99,16
000000581462,VESTIDO DISFRUTI VISCOSE 7490RE PMG LEGADO ZZ,14.99,16
000000587341,SHORT LUXE JEANS DIV G1G3 PLUS LEGADO ZZ,14.99,16
000000575638,VESTIDO VILA FLOR VISCOS V765T PMGG,9.99,16
000000543460,SAIA PARADOX JEANS 6209 36A44 CINTO,9.99,16
000000538374,CALCA PARADOX JEANS 4326 CIGARRETE,9.99,16
000000545013,SAIA AYLAHT JEANS 70162 70163 36A44,9.99,16
000000548403,CALCA JEZZIAN SARJA 166013 AD CARGO,9.99,16
000000549035,CALCA MAX DENIM SARJA 4787 ROSE FEM,9.99,16
000000550321,SHORT PARADOX JEANS 7628 ADULTO,9.99,16
000000550383,SHORT PARADOX JEANS 11888 48A54,9.99,16
000000562904,CALCA 20602 LYCRA DIV 36A44 FEM,9.99,16
000000568098,CALCA VIZZI LYCRA DIV 36A46 FEM,9.99,16
000000575966,VESTIDO LILY DELIC VISCOL 99002 AD,9.99,16
000000576895,CONJUNTO HOXIE VISCO MOL 58332 PMGG,9.99,16
000000580748,SHORT LUXE JEANS 7017 7086 38A46 PE,9.99,16
000000581448,VESTIDO DISFRUTI VISCOS 7489PE G1G3,9.99,16
000000581455,VESTIDO DISFRUTI VISCOS 7630PL G1G3,9.99,16
000000581721,PANTACUR DISFRUTI VISC 5603PL G1G3,9.99,16
000000581738,PANTACUR DISFRUTI VISC 5603PE G1G3,9.99,16
000000586351,SAIA JEANS.COM LYCRA DIV 36A46,9.99,16
000000587822,VESTIDO LUMAR VISCOSE 131 PMG MIDI,9.99,16
000000526562,BLUSA AISHTY FLAN 9919 PMGG MC XADR,9.99,16
000000550314,SHORT PARADOX SARJA 5382 AD BRANCO,9.99,16
000000562508,COLETAO ESTRAVASA JEANS DIV PMGG,9.99,16
000000569248,BLAZER LUMAR BENGAL 24 AD FEM BOTAO,9.99,16
000000580724,BERMUDA LUXE DIV 46A52 FEM PEDAL,9.99,16
000000581769,SAIAO DISFRUTI VISCOSE 7608RE PMG,9.99,16
000000456876,CAMISETE TEODORO FEM JEANS,9.99,16
000000475624,VESTIDO IDHOK VISCOLY 72614 PMGG,9.99,16
000000550376,SHORT PARADOX SARJA 6603 AD BOT PED,9.99,16
000000556682,VESTIDO LUMAR CREPE PMG,9.99,16
000000580755,SHORT RHODE JEANS DIV 38A46 MEIA CO,9.99,16
000000450843,VESTIDO ONSAY CHIFON 2813 PMGG LEGADO ZZ,9.99,16
000000541039,VESTIDO ROVITEX MM 911665 PMG LONGO LEGADO ZZ,9.99,16
000000555456,CALCA ROVITEX COTTON 91141 PLUS LEG LEGADO ZZ,9.99,16
000000560702,CAMISETE AISHTY VISC 8725 AD ML LIS LEGADO ZZ,9.99,16
000000581585,BLUSA DISFRUTI VISCOSE 7433PE G1G3 LEGADO ZZ,9.99,16
000000468398,CALCA BIOTIPO LYCRA 21071 FEM 36A46,9.99,16
000000492386,BLUSA SANTO EXP LINHA 1821 CIG FLAR,9.99,16
000000498326,CALCA JEZZIAN 144085 BERGALIN FEM A,9.99,16
000000508889,CALCA PSR LYCRA DIV 36A46 FEM,9.99,16
000000517973,VESTIDO DISFRUTTI VISCO 6090 PMG,9.99,16
000000523738,VESTIDO JWZ CREPE D2516 COM RASTAO,9.99,16
000000526029,SAIA MC JU CREPE 2865 PMG MIDI,9.99,16
000000536141,CALCA MITOTEX ELASTANO SOCIAL FEM,9.99,16
000000539982,CALCA LUMAR BENGALINE 020 PMG JOGUE,9.99,16
000000542814,CALCA LUMAR BENGALINE 021 PMG CINTO,9.99,16
000000548359,VESTIDO DISFRUTI VISC 6944 PMG LONG,9.99,16
000000554596,VESTIDO LUMAR RIBANA PMG BOTAO BOJO,9.99,16
000000556651,CALCA LUMAR BENGAL 023 AD CINTO BOT,9.99,16
000000573252,BERMUDA BEMAX JEANS 48A54 MEIA COXA,9.99,16
000000573269,BERMUDA BEMAX JEANS 36A46 MEIA COXA,9.99,16
000000576802,VESTIDO JOINHA LINHA 310177 M LISTR,9.99,16
000000576826,CONJUNTO HOXIE VISCO MOL 58313 PMGG,9.99,16
000000576901,CONJUNTO HOXIE VISCO MOL 58334 PMGG,9.99,16
000000581493,VESTIDO DISFRUTI VISCOSE 7489RL PMG,9.99,16
000000581509,VESTIDO DISFRUTI VISCOSE 7630RL PMG,9.99,16
000000581547,BLUSA DISFRUTI VISCOSE 7609RL PMG,9.99,16
000000582643,VESTIDO MC JU DANY 7910 G1G3,9.99,16
000000587044,CALCA LUMAR BENGAL 028 PMG FIVELA,9.99,16
000000392518,CAMISETE TEODORO ALG FEMININO ML AD,9.99,16
000000470421,SHORT JEZZIAN SARJA HOT PANTS CAMUF,9.99,16
000000492416,BLUSA SANTO EXP LINHA 1897 CANELADA,9.99,16
000000519618,BERMUDA MURANO JEANS 59075 PLUS,9.99,16
000000548304,MACAQUINHO DISFRUTI VISC 6841PE G1G,9.99,16
000000569163,SAIA PARADOX LYCRA DIV 36A48 LD,9.99,16
000000575713,MACACAO VILA FLOR VISCOS V768M PMGG,9.99,16
000000581431,VESTIDO DISFRUTI RIB 7589PL G1G3 MI,9.99,16
000000582575,BLUSA MC JU DANY 8010 G1G3,9.99,16
000000451284,SHORT SAIA BOKKER SARJA 82562 BORDO,9.99,16
000000466455,BLUSA MISS FASHION VISC K142255 PMG LEGADO ZZ,9.99,16
000000509268,MACAQUINHO DISFRUTTI VISCO 5646 EST LEGADO ZZ,9.99,16
000000526616,BLUSA ANJUU CHIFON 214026 PMG LEGADO ZZ,9.99,16
000000559256,SHORT AISTHY VISCOSE FLORAL 6368D LEGADO ZZ,9.99,16
000000559218,CAMISETE AISTHY VISCOSE 9524 AD,4.99,16
000000324489,CAMISETE ALFA LASYE 1722 PMG,4.99,16
000000384575,BLUSA ACTIVASUL VISCOSE 2142 PMG,4.99,16
000000456807,CAMISETE TEODORO TRIC FEM BASIC,4.99,16
000000475631,VESTIDO IDHOK CREPE 72613 PMGG,4.99,16
000000498234,BLUSA EMELY CREPE A2901 PMG CIGANA,4.99,16
000000539050,SAIA DISFRUTI CREPE 6621 PMGG MIDI,4.99,16
000000542265,VESTIDO VILA FLOR VISCOSE 734 PMGG,4.99,16
000000543866,SHORT PLAY DENIM SARJA V18486 36A44,4.99,16
000000554336,BLUSA JOINHA LINHA 310127 PMG TRICO,4.99,16
000000554589,VESTIDO LUMAR RIBANA PMG BOTAO LATE,4.99,16
000000554923,BLUSA ROVITEX MM 614483 PMGG RENDA,4.99,16
000000559119,MACACAO RHODE JEANS DIV PMG FEM SD,4.99,16
000000561655,BODY LEYCE TULE 1018 PMGG AD,4.99,16
000000569255,BLAZER LUMAR NEOPRENE 25 AD FEM LON,4.99,16
000000575911,CALCA LILY DELICATO RIB 55345 PMGG,4.99,16
000000581479,VESTIDO DISFRUTI VISCOS 6883PL G1G3,4.99,16
000000581516,VESTIDO DISFRUTI RIBANA 7589RL PMG,4.99,16
000000581592,BLUSA DISFRUTI VISCOSE 7511PL G1G3,4.99,16
000000581714,SHORT DISFRUTI VISCOS 7540PL G1G3,4.99,16
000000582599,BLUSA MC JU VISCOLYCRA 6410 G1G4,4.99,16
000000582650,VESTIDO MC JU DANY 7710 G1G3,4.99,16
000000582667,VESTIDO MC JU VISCOL 7610 G1G3,4.99,16
000000575935,BLUSA LILY DELIC MM 22307 AD TAIDAY,4.99,16
000000392129,BERMUDA KX AUTOMAN 1410 PEXGG FEM LEGADO ZZ,4.99,16
000000444354,CALCA BIOTIPO LYCRA 19641 FEM LEGADO ZZ,4.99,16
000000446495,BODY LIU LYCRA PMG LEGADO ZZ,4.99,16
000000462297,TOP ZEERUCCI POLY ZR30010 BOJO REMO LEGADO ZZ,4.99,16
000000462303,TOP ZEERUCCI POLY ZR30007 BJ REMV S LEGADO ZZ,4.99,16
000000470599,BLUSA MC JU VISCOSE 9062 PMGG PLUS LEGADO ZZ,4.99,16
000000496933,BLUSA MC JU MALHA 6254 PMG LACO LEGADO ZZ,4.99,16
000000532044,BLUSA DISFRUTTI VISCOSE 6388 PMG LEGADO ZZ,4.99,16
000000540100,T SHIRT MC JU VISCOSE 2982 PMGG LEGADO ZZ,4.99,16
000000542180,BLUSA VILA FLOR VISCOSE 707 PMG LEGADO ZZ,4.99,16
000000542777,BLUSA ROVITEX MM 6131275 PMGG FEM LEGADO ZZ,4.99,16
000000545433,BLUSA TRICNICK MALHA 614398 PMGG LEGADO ZZ,4.99,16
000000548229,BLUSA DISFRUTI LESE 6782 PMG ALCA LEGADO ZZ,4.99,16
000000557597,SHORT DISFRUTI VISCOS 7199 PMG CINT LEGADO ZZ,4.99,16
000000557658,REGATA DISFRUTI VISCOSE 7225 G1G3 LEGADO ZZ,4.99,16
000000563475,BLUSA DISFRUTI LUREX 7134 PMG LEGADO ZZ,4.99,16
000000576796,BLUSA JOINHA LINHA 310094 M POA Sortida P,4.99,16
000000581318,CROPPED RHODE SUEDE 700518 M BICOLO LEGADO ZZ,4.99,16
000000582582,BLUSA MC JU CREPE 7010 G1G3 MANGA P LEGADO ZZ,4.99,16
000000582629,T SHIRT MC JU VISCOLYCRA 3110 PMG LEGADO ZZ,4.99,16
000000186957,BERMUDAO ARROJADOS PRADA 1566 36 44,4.99,16
000000346689,CALCA SAWARY SARJA 231798 1797 COLO,4.99,16
000000360265,BLUSA LUNENDER VISCOSE 075 PMG,4.99,16
000000218399,BLUSA MALWEE 00007 PMG,4.99,16
000000338424,BABY LOOK DELATORA VISCOLY 707 PMG,4.99,16
000000339353,BLUSA AISHTY TRIC 90001 LISA PMGG,4.99,16
000000342933,BLUSA MC JU FLAME 9633 9733 SILK AD,4.99,16
000000363907,REGATA OFICIO P VISCOLY 14007 PMGG,4.99,16
000000384964,BLUSA LOCAL PIQUET 18278 POLO FEM,4.99,16
000000404242,CROPPED TANGRAN RENDA 0156721 PMG,4.99,16
000000533607,BLUSA TRIBO VISCOSE 99196 PMGG,4.99,16
000000548113,MACAQUINHO LUMAR BENGALINE PMG,4.99,16
000000454575,VESTIDO MISS FASHION GF4347 PMGG,4.99,16
000000454599,BLUSA ONLY VISCOSE DL33124 PMGG,4.99,16
000000503280,CALCA ECLETICA TWO WER PRETA FEM AD,4.99,16
000000528054,BLUSA MC JU CREPE 3465 PMG ESTAMP,4.99,16
000000540063,REGATA MC JU VISCOSE 4183 PMGG PLUS,4.99,16
000000548212,BLUSA DISFRUTI LESE 5725 PMG,4.99,16
000000548243,CROPPED DISFRUTI VISCOSE 4476 PMG,4.99,16
000000554572,BLUSA LUMAR VISC PLUS 125 126 AMARR,4.99,16
000000556729,BODY LUMAR RENDA PMG,4.99,16
000000557689,CALCA DISFRUTI VISC 7038 G1G3 PANTA,4.99,16
000000559126,JARDINEIRA RHODE JEANS DIV PMG SALD,4.99,16
000000560047,REGATA ROVITEX MM 614466 PMGG FEM,4.99,16
000000575409,REGATA VILA FLOR VISCOSE V938 PMGG,4.99,16
000000575959,CONJUNTO LILY DELICATO RIB 55343 AD,4.99,16
000000576444,SHORT BEIJINHO VISCOLYCR 9254 16A20,4.99,16
000000576451,SHORT BEIJINHO MOLETINHO 9295 16A20,4.99,16
000000576734,BLUSA JOINHA LINHA 310093 M POA,4.99,16
000000576789,BLUSA JOINHA LINHA 310088 M LISTRAD,4.99,16
000000581646,BLUSA DISFRUTI RIBANA 7599PL G1G3,4.99,16
000000582636,T SHIRT MC JU VISCOLYCRA 4110 PMG,4.99,16
000000582681,SHORT MC JU DANY 4710 PMG,4.99,16
000000582728,VESTIDO MC JU DANY 5710 PMG,4.99,16
000000587082,TUNICA LUMAR VISCOLINHO 124 PLUS,4.99,16
000000587099,VESTIDO LUMAR VISCOLINHO 106 PMG EL,4.99,16
000000270298,BERMUDA SHOP MIX COTTON 9262 MG,4.99,16
000000286862,BABY LOOK MALWEE 33614 PMGG,4.99,16
000000311366,BABY LOOK MALWEE 37323 PMG FEM,4.99,16
000000314657,SAIA MC JU RENDA 1047 PMGGG,4.99,16
000000316163,BLUSA SOLMARE FLAME 4716 4749 PMG,4.99,16
000000324038,BLUSA FINE VISCOLYCRA REGATA AD,4.99,16
000000324267,BLUSA LADY VISCOLY DIVERSAS PMGGG,4.99,16
000000331104,CALCA ELLAND COT LEGGING ESTAM PMGG,4.99,16
000000337717,SAIA MC JU 3432 PEPLUM,4.99,16
000000340274,BLUSA MALWEE FLAME 42193 PMGGG,4.99,16
000000341103,SAIA MARIA CLARA RENDA 9887 PMG,4.99,16
000000341134,BLUSA MARIA CLARA VISCOLY DIVERSAS,4.99,16
000000342117,BLUSA PAZ VISCOLY 10432 C CHIFRON,4.99,16
000000345804,SAIA HUBBS LYCRA DIVERS 36A46,4.99,16
000000360487,BODY ARROJADOS CHIFRON 10570 FLORAL,4.99,16
000000363877,BLUSA OFICIO P CHIFRON 14077 PMGG,4.99,16
000000366762,BLUSA ROVITEX VISCOLY L420 PMG PREM,4.99,16
000000370776,BLUSA TIFA COTTON CO2030 10A16,4.99,16
000000375184,REGATA ARTE BASICA COTON 7347 G1G2G,4.99,16
000000384230,REGATA CAEDU 2002-2003-2004-5016,4.99,16
000000403115,CAMISETA TIFA MALHA MM962 PMGGG,4.99,16
000000403993,REGATA ARTE BASICA COTTON 7644 PMG,4.99,16
000000428651,VESTIDO CHIC CORAL SEDA QQ1032 PMG,4.99,16
000000438568,CALCA MAX DENIM SARJA 3962 BRANCA F,4.99,16
000000454230,BLUSA SANTO EXP LINHA 16322 PMGG,4.99,16
000000454926,SHORT AMUAGE JEANS 36A44 FEM,4.99,16
000000469203,CALCA CHIC CORAL JQ1753 FLAR FEM,4.99,16
000000469371,BLUSA ZITRO VISCO 3008 PMGG LISTRAD,4.99,16
000000502894,BLUSA TIFA VISCOLY VS6473 10A16 FEM,4.99,16
000000502900,BLUSA TIFA VISCOLY VS3124 10A16 FEM,4.99,16
000000502917,CROPPED TIFA VISCOLY VS6467 10A16 F,4.99,16
000000513333,BLUSA ROVITEX MALHA 918155 POLO FEM,4.99,16
000000517997,SAIAO DISFRUTTI VISCO 6045 6601 PMG,4.99,16
000000538961,BLUSA DISFRUTI RIBANA 6624 PMG,4.99,16
000000540025,BLUSA MC JU VISCOSE 3182 PMGG,4.99,16
000000542227,REGATA VILA FLOR VISCOSE 709 PMG,4.99,16
000000544566,BODY BUNDYS PMGG ADULTO,4.99,16
000000545594,BLUSA TRICNICK VISCOSE 614390 PMGG,4.99,16
000000548144,BLUSA DISFRUTI VISCOSE 6651 G1G3,4.99,16
000000549059,BLUSA DISFRUTI VISCOSE 6655 PMG,4.99,16
000000553698,BLUSA MC JU CREPE 899502 G1G3 FIVEL,4.99,16
000000553711,BLUSA MC JU CREPE 128204 PMG,4.99,16
000000554558,CROPPED LUMAR LESE PMG,4.99,16
000000555609,CALCA MC JU CREPE 638202 PMGG PANTA,4.99,16
000000556361,SHORT LUMAR CREPE PMG BOTOES FRENTE,4.99,16
000000557856,SHORT MAX DENIM LYCRA DIV 36A52,4.99,16
000000559195,REGATA AISTHT VISCOSE FLORAL 6364AD,4.99,16
000000559201,REGATA AISTHY VISCOSE FL BAB 6353AD,4.99,16
000000569224,CALCA LUMAR BENGAL 022 AD FEM BASIC,4.99,16
000000573672,SHORT SAIA SOL CARIB LYC 51015 PMGG,4.99,16
000000573726,CALCA SOL CARIBE LYC 5104 PMGG DETA,4.99,16
000000573733,CALCA SOL CARIBE LYCRA 5101 PMGG,4.99,16
000000573740,CALCA SOL CARIBE LYCRA 5103 PMGG,4.99,16
000000575614,BLUSA VILA FLOR COTTON V937M PMGG,4.99,16
000000575669,VESTIDO VILA FLOR VISCOL V763M PMGG,4.99,16
000000576369,BLUSA BEIJINHO VISCOL 9294 16A20 CR,4.99,16
000000576765,BLUSA JOINHA LINHA 310008 M BOLSO,4.99,16
000000576956,CROPPED LL VISCOLYCRA M AMARRAR,4.99,16
000000579506,BLUSA MC JU CREPE 3810 PMG,4.99,16
000000581325,CROPPED RHODE SUEDE 402042 M TRICOL,4.99,16
000000581530,BLUSA DISFRUTI VISCOSE 7667RE PMG,4.99,16
000000581622,BLUSA DISFRUTI RIBANA 7599RL PMG,4.99,16
000000581639,BLUSA DISFRUTI VISCOL 7563RL PMG,4.99,16
000000581653,CROPPED DISFRUTI VISCOSE 7628RE PMG,4.99,16
000000582612,CROPPED MC JU DANY 4610 PMG C MANGA,4.99,16
000000582704,PANTACUR MC JU DANY 4910 PMG,4.99,16
000000587105,VESTIDO LUMAR VISCOLINHO 114 PMG AM,4.99,16
000000587228,CORSARIO PHIZALIS LYC 202L PMG,4.99,16
000000466363,MACAQUINHO MISS FASHION 1936 PMG,4.99,16
000000468213,MACAQUINHO ROVITEX VIS 612568 46A52,4.99,16
000000471299,BLUSA URBAM MALHA 5562 PMG LISTRADA,4.99,16
000000478236,CROPPED ONLY VISCOSE 2129 PMGG,4.99,16
000000430418,CALCA MAX DENIM SARJA 3963 FEM LEGADO ZZ,4.99,16
000000444095,BLUSA ONLY RENDA DW1353 PMG LEGADO ZZ,4.99,16
000000451079,VESTIDO MOSAICO RENDA 21250022 PMG LEGADO ZZ,4.99,16
000000452267,VESTIDO MANZA DIVERSOS LEGADO ZZ,4.99,16
000000462129,BLUSA MALHARIA CRISTINA VISC DIVERS LEGADO ZZ,4.99,16
000000502931,BLUSA TIFA VISCOLY VS6476 PMG FEM LEGADO ZZ,4.99,16
000000508964,BABY LOOK DISFRUTTI MM 5890 PMGG LEGADO ZZ,4.99,16
000000509138,T SHIRT DISFRUTTI TULE 5841 RETILIN LEGADO ZZ,4.99,16
000000532082,BLUSA DISFRUTTI VISCOSE 6315 PMG LEGADO ZZ,4.99,16
000000573764,TOP SOL CARIBE LYCRA 5203 PMGG DET LEGADO ZZ,4.99,16
000000329095,SAIA AISHTY HELANCA 131230 PMGG,4.99,16
000000406192,BLUSA RESERVA MM DIVERSAS FEM,4.99,16
000000604192,CONJUNTO POMA CREPE PLUS FEM LEGADO ZZ,49.99,16
000000620222,CALCA P.L.A. CIRRE 100 PMG ZIPER FR,49.99,16
000000604888,CALCA PARADOX JEANS 9626 36A46 FEM LEGADO ZZ,39.99,16
000000597050,BLUSA PUMA UV 26070001 PMGG ML,39.99,16
000000600538,VESTIDO DISFRUTI VISCOSE 7959RE PMG LEGADO ZZ,39.99,16
000000600316,MACACAO PLAY DENIM JEANS V181258 PM,29.99,16
000000598941,CALCA LUXE JEANS 4291 36A44 MON CIN,29.99,16
000000598958,CALCA LUXE JEANS 4247 36A44 MON PRE,29.99,16
000000598989,CROPPED LUXE JEANS 4296 PMG C PREGA,29.99,16
000000600279,CALCA P.DENIM JEANS V181497 CINTO,29.99,16
000000601849,CALCA PRS SARJA DIV FEM COLORIDA,29.99,16
000000600286,CALCA PLAY DENIM JEANS V181147B 36A,29.99,16
000000580649,CALCA PARADOX JEANS 11032 36A46 JOG LEGADO ZZ,29.99,16
000000580687,CALCA PARADOX JEANS 8520 48A54 JOGU Sortida LEGADO,29.99,16
000000583589,CALCA JEZZIAN SARJA LY 48A54 PRETA LEGADO ZZ,29.99,16
000000589246,MACACAO HAD VISC PMG LISO PANTALONA LEGADO ZZ,29.99,16
000000598538,VESTIDO HAD LINHA 106 PMGG LEGADO ZZ,29.99,16
000000600255,CALCA PLAY DENIM JEANS V18354 36A46 LEGADO ZZ,29.99,16
000000600293,CALCA PLAY DENIM JEANS V18396E 36A4 LEGADO ZZ,29.99,16
000000616669,CALCA LUXE LINHO 4005002 36A44 CINT LEGADO ZZ,29.99,16
000000580656,CALCA PARADOX JEANS 13345 36A46 MON,24.99,16
000000580663,CALCA PARADOX JEANS 6533 36A46 MON,24.99,16
000000580670,CALCA PARADOX JEANS 9326 36A46 PREG,24.99,16
000000580694,CALCA PARADOX JEANS 8690 36A44 MON,24.99,16
000000599818,CALCA MAX DENIM LYCRA 5289 36A52 F,24.99,16
000000599832,CALCA MAX DENIM LYCRA 5385 36A52 F,24.99,16
000000599849,CALCA MAX DENIM LYCRA 5383 36A52 F,24.99,16
000000600248,CALCA PLAY DENIM JEANS V181229 36A4,24.99,16
000000600521,VESTIDO DISFRUTI VISCOSE 7921RE PMG,24.99,16
000000604901,CALCA P.DENIM JEANS V181497 S CINTO,24.99,16
000000607681,VESTIDO DISFRUTI VISCOS 8116PE G1G3,24.99,16
000000616546,CALCA PARADOX JEANS 13837 36A44 JOG,24.99,16
000000616560,CALCA PARADOX JEANS 39 38A48 JOGUER,24.99,16
000000616577,CALCA PARADOX JEANS 806 36A44 WIDE,24.99,16
000000616584,CALCA PARADOX JEANS 580 36A44 WIDE,24.99,16
000000616652,SHORT LUXE LINHO 4005009 36A44 CINT,24.99,16
000000620758,CALCA MAX DENIM LYC 5554 36A44 WID,24.99,16
000000623964,CONJUNTO P.L.A. VISC 0300 PMG ESTAM,24.99,16
000000624473,MACACAO P.L.A. VISCOLI 1002 PMG OMB,24.99,16
000000624503,VESTIDO P.L.A. VISCOLINHO 1012 PMG,24.99,16
000000599801,CALCA MAX DENIM LYCRA 5373 36A52 F,24.99,16
000000619790,MACACUR DISFRUTI VISCOSE 7515RE PMG,24.99,16
000000589185,CONJUNTO HAD SEDA PMG SHORT REGATA LEGADO ZZ,24.99,16
000000596107,CONJUNTO AMPLIATO LYCRA PMGG 3 PCS LEGADO ZZ,24.99,16
000000607698,VESTIDO DISFRUTI VISCOSE 8142RE PMG LEGADO ZZ,24.99,16
000000526708,CALCA JEZZIAN SARJA LY 36A46 PRETA,19.99,16
000000596527,CALCA FBR TACTEL 9798 PMGG FEM CAMU,19.99,16
000000599566,LEGGING ROVITEX P.ROMA 61530 PMGG,19.99,16
000000600453,MACACAO DISFRUTI VISCOSE 7857RL PMG,19.99,16
000000607636,MACAQUINHO DISFRUTI VISC 8125RE PMG,19.99,16
000000618793,SHORT DISFRUTI LINHO 8234PE G1G3,19.99,16
000000619950,CROPPED FOCUS JEANS V181699BB PMG,19.99,16
000000623957,MACAQUINHO P.L.A. VISC 0200 PMG LIS,19.99,16
000000624510,CROPPED P.L.A. VISCOLI 1007 PMG BOT,19.99,16
000000598606,BLUSA HAD LINHA 76 PMGG MC PRINCESA,19.99,16
000000618885,MACACUR DISFRUTI VISCOSE 7759RE PMG,19.99,16
000000620697,SHORT MURANO JEANS 50643 36A44 CINT,19.99,16
000000589512,MACAQUINHO DISFRUTI VISC 6841RE PMG,14.99,16
000000600477,CALCA DISFRUTI VISCOSE 7873RL PMG,14.99,16
000000607742,BLUSA DISFRUTI VISCOSE 8075PE G1G3,14.99,16
000000618922,VESTIDO DISFRUTI RIBANA 8145RL PMG,14.99,16
000000618939,VESTIDO DISFRUTI VISC 8201PE G1G3,14.99,16
000000589642,CALCA DISFRUTI VISC 7328RL PMG JOGU,14.99,16
000000600422,BLUSA DISFRUTI SUEDE 7299RL PMG,14.99,16
000000618809,SHORT DISFRUTI LINHO 8234RE PMG,14.99,16
000000589222,VESTIDO HAD VISC PMG AMARRACAO LATE LEGADO ZZ,14.99,16
000000589543,SHORT DISFRUTI VISCOSE 5404RL PMG LEGADO ZZ,14.99,16
000000597067,TOP PUMA POLI 27060002 PMGG BOJO RE LEGADO ZZ,14.99,16
000000607773,SHORT DISFRUTI VISCOSE 7782PE G1G3 LEGADO ZZ,14.99,16
000000608916,SHORT CARMEM MOL 2175 PMGG LISO LEGADO ZZ,14.99,16
000000543491,CALCA PARADOX JEANS 8187 36A46 FEM,9.99,16
000000576000,LEGGING ARRAZANTY LYCRA 20892 PMGG,9.99,16
000000576543,SHORT FORCA DO MAR ELAST AD FEM LIS,9.99,16
000000576550,SHORT FORCA DO MAR ELAST AD FEM EST,9.99,16
000000580489,BODY LEYCE RENDA 4001 PMGG,9.99,16
000000588621,VESTIDO VILA FLOR VISCOS V956M G1G3,9.99,16
000000597074,TOP PUMA POLI 27070001 PMGG S COSTU,9.99,16
000000600446,BLUSA DISFRUTI SUEDE 7927PL G1G3 PR,9.99,16
000000607728,BLUSA DISFRUTI VISCOSE 8128PE G1G3,9.99,16
000000607735,BLUSA DISFRUTI VISCOSE 6967PE G1G3,9.99,16
000000608954,BLUSA SANGOS VISCOL 4603 G1G4 SILK,9.99,16
000000610391,VESTIDO VILA FLOR MALHA V978 G1G3,9.99,16
000000610452,MACACAO VILA FLOR MM V847M PMG,9.99,16
000000611466,VESTIDO LECIMAR RIB 1702169 PMGG,9.99,16
000000611480,SHORT LECIMAR MM 1702260 G1G3 EST,9.99,16
000000618830,MACAQUINHO DISFRUTI VISC 8158RE PMG,9.99,16
000000618878,VESTIDO DISFRUTI VISCOSE 7490RL PMG,9.99,16
000000619455,VESTIDO DISFRUTI VISCOSE 6883RL PMG,9.99,16
000000619837,SHORT HAD BENGALINE SK08 MGGG,9.99,16
000000620154,LEGGING DISTRIRIO SUPLEX 306 PMGG,9.99,16
000000620321,CROPPED P.L.A. VISCOSE 40 PMG CIGAN,9.99,16
000000624527,CROPPED P.L.A. VISCOLINHO 1003 PMG,9.99,16
000000626880,CALCA KADORY MICRO DIV 36A46 FEM,9.99,16
000000563369,CALCA DISFRUTI PLUSH 7122RL PMG PUN,9.99,16
000000611442,BLUSA LECIMAR VISCOL 1702199 G1G3 T,9.99,16
000000616621,CROPPED LUXE TRIC 4004099 PMG VICHY,9.99,16
000000618786,SHORT DISFRUTI VISCOSE 8173RL PMG,9.99,16
000000575676,VESTIDO VILA FLOR VISCOS V766T PMGG LEGADO ZZ,9.99,16
000000582827,CALCA RALALINDA LYCRA 100821 G1G3 LEGADO ZZ,9.99,16
000000588638,VESTIDO VILA FLOR VISCOS V795T PMGG LEGADO ZZ,9.99,16
000000589635,CROPPED DISFRUTI VISC 6853RE PMG LEGADO ZZ,9.99,16
000000604505,CAMISETA ELLAND POLI UV ML FEM LD LEGADO ZZ,9.99,16
000000608886,BLUSA CARMEM VISCOLYCRA 2194 PMGG LEGADO ZZ,9.99,16
000000608978,BLUSA SANGOS RIBANA 4605 G1G4 LEGADO ZZ,9.99,16
000000575645,VESTIDO VILA FLOR VISCOLIN V796T AD,9.99,16
000000582834,CALCA RALALINDA LYCRA 91421 PMGG,9.99,16
000000607797,SHORT DISFRUTI MOLETINHO 8061RL PMG,9.99,16
000000608992,REGATA SANGOS VISCOL 4491 PLUS TRIC,9.99,16
000000610902,LEGGING AMPLIATO SUPLEX 011L-E PMGG,9.99,16
000000611381,BLUSA LECIMAR MM 1702157 PMGG SILK,9.99,16
000000611398,BLUSA LECIMAR COTTON 1702161 PMGG,9.99,16
000000611435,BLUSA LECIMAR VISC 1702251 G1G3 EST,9.99,16
000000619356,CROPPED DISFRUTI VISC 8153RE PMG,9.99,16
000000622608,CROPPED VILA FLOR VISCOL V503M PMGG,9.99,16
000000622615,KIMONO VILA FLOR VISCOL V500M PMGG,9.99,16
000000600347,BLUSA DISFRUTI RIBANA 7929RL PMG,9.99,16
000000608947,BLUSA SANGOS VISCOL 4499 PMGG TRICO,9.99,16
000000611404,BLUSA LECIMAR RIBANA 1702144 PMGG,9.99,16
000000619851,REGATA HAD VISC SK01 02 03 04 GGG,9.99,16
000000581486,VESTIDO DISFRUTI VISCOSE 6883RE PMG LEGADO ZZ,9.99,16
000000582797,LEGGING RALALINDA LYCRA 90821 PMGG LEGADO ZZ,9.99,16
000000582872,SHORT RALALINDA LYCRA 100921 G1G3 LEGADO ZZ,9.99,16
000000582896,TOP RALALINDA LYCRA 91121 PMGG LEGADO ZZ,9.99,16
000000582933,TOP RALALINDA LYCRA 91721 PMGG LEGADO ZZ,9.99,16
000000589598,BLUSA DISFRUTI VISC 4278PL G1G3 ALC LEGADO ZZ,9.99,16
000000590150,LEGGING VITORIA LYCRA PLUS LEGADO ZZ,9.99,16
000000596121,SHORT AMPLIATO SUPLEX G1G3 FEM LEGADO ZZ,9.99,16
000000600361,BLUSA DISFRUTI VISCOL 7853RL PMG CR LEGADO ZZ,9.99,16
000000607711,REGATA DISFRUTI RIBANA 7700PL G1G3 LEGADO LEGADO,9.99,16
000000610254,BLUSA VILA FLOR MM V829 PMG CROPPED LEGADO ZZ,9.99,16
000000575492,BLUSA VILA FLOR VISCOL V945M G1G3,4.99,16
000000575706,CALCA VILA FLOR VISCOSE V769T PMGG,4.99,16
000000582810,CORSARIO RALALINDA LYCRA 90921 PMGG,4.99,16
000000582841,SHORT SAIA RALALINDA LYC 91021 PMGG,4.99,16
000000588591,SHORT BLUE BAY TACTEL SFT PMGG,4.99,16
000000588645,REGATA VILA FLOR VISCOSE V948 G1G3,4.99,16
000000589611,REGATA DISFRUTI VISC 6766PE G1G3,4.99,16
000000589628,CROPPED DISFRUTI VISC 6922RL PMG,4.99,16
000000599085,SHORT DLP ELASTANO PMGG ESTAMP FEM,4.99,16
000000600354,BLUSA DISFRUTI RIB 7850RL PMG CROP,4.99,16
000000600439,BLUSA DISFRUTI RIBANA 7850PL G1G3,4.99,16
000000608985,BLUSA SANGOS VISCOL 4566 PMGG GOLA,4.99,16
000000609005,REGATA SANGOS VISCOL 4492 PLUS BOTA,4.99,16
000000609012,CIGANINHA SANGOS VISCOL 4496 PLUS,4.99,16
000000609029,REGATA SANGOS RIBANA 4512 PLUS BICO,4.99,16
000000610087,REGATA VILA FLOR MM V965M G1G3,4.99,16
000000610094,BLUSA VILA FLOR RIBANA V973M G1G3,4.99,16
000000610360,BLUSA VILA FLOR VISCOSE V852 PMG,4.99,16
000000610438,BLUSA VILA FLOR MALHA V974M G1G3,4.99,16
000000620376,BLUSA P.L.A. SUPLEX 12 PMG BOJO LIS,4.99,16
000000620437,BODY P.L.A. RIBANA 15 PMG TRANCADO,4.99,16
000000622752,BLUSA VILA FLOR VISCOL V967M PLUS,4.99,16
000000623223,CROPPED INSIGNE RIBANA ALP961 PMGG,4.99,16
000000624534,T-SHIRT P.L.A. VISCOL 1010 PMG FRAS,4.99,16
000000610384,VESTIDO VILA FLOR MALHA V833M PMG,4.99,16
000000616638,CROPPED LUXE LESE 4005006 PMG BABAD,4.99,16
000000619424,BLUSA DISFRUTI VISC 8162PL G1G3,4.99,16
000000620345,CROPPED P.L.A. SUPLEX 60 M ALCA BAB,4.99,16
000000582858,SHORT RALALINDA LYCRA 46420 PMGG LEGADO ZZ,4.99,16
000000582889,SHORT RALALINDA LYCRA 91521 PMGG LEGADO ZZ,4.99,16
000000588652,BLUSA VILA FLOR VISCOSE V954 G1G3 LEGADO ZZ,4.99,16
000000620246,CROPPED P.L.A. LINHO 1 M ALCA BABAD LEGADO ZZ,4.99,16
000000620291,CROPPED P.L.A. LINHO 8 M COLMEIA LEGADO ZZ,4.99,16
000000620307,CROPPED P.L.A. LINHO 9 M TRICOLOR LEGADO ZZ,4.99,16
000000082426,VESTIDO BRONZIN PV 009 006 007 PMG,4.99,16
000000580519,BLUSA NATHI VISCOL 046 G1G3 LISA,4.99,16
000000582919,TOP RALALINDA LYCRA 94221 PMGG,4.99,16
000000589604,REGATA DISFRUTI VISC 6766RE PMG,4.99,16
000000596084,REGATA BLUE BAY MM 336-22 PMGG,4.99,16
000000599061,TOP AMPLIATO SUPLEX 004 PMGG LISO,4.99,16
000000610186,SHORT LUKYS ELAST 132 PMGG FEM LISO,4.99,16
000000610193,SHORT LUKYS ELAST 131 PMGG FEM LISO,4.99,16
000000620260,CROPPED P.L.A. LINHO 4 M XADREZ,4.99,16
000000620277,CROPPED P.L.A. LINHO 5 M POA,4.99,16
000000542005,SHORT SAIA PHIZALIS POL 500AE PMGG,4.99,16
000000575461,BLUSA VILA FLOR VISCOL V0016 PMGG,4.99,16
000000575607,BLUSA VILA FLOR COTTON V931M G1G3,4.99,16
000000580281,SHORT HAD RIBANA PMG FEM,4.99,16
000000610421,BLUSA VILA FLOR MALHA V0014 PMGG,4.99,16
000000620284,CROPPED P.L.A. LINHO 7 M LINHA TRAN,4.99,16
000000620314,CROPPED P.L.A. LINHO 10 M FAIXA,4.99,16
000000600415,REGATA DISFRUTI RIBANA 7135PL G1G3 LEGADO ZZ,4.99,16
000000580526,BLUSA NATHI VISCOL 302 G1G3 FRASE,4.99,16
000000589024,SHORT NATHI RIBANA PMGG FEM ELASTIC,4.99,16
000000589031,BLUSA NATHI RIBANA PMGG GOLA ALTA,4.99,16
000000598743,TAPA BUMBUM PHIZALIS LYCRA 800 M,4.99,16
000000610346,REGATA VILA FLOR MALHA V826M PMG,4.99,16
000000623230,BABY LOOK INSIGNE VISC ALP926B PMGG,4.99,16
000000082433,TUNICA BRONZIN PV 004 02 01 MM REG,4.99,16
000000082440,REGATA BRONZIN PV REF 002 PMG MM,4.99,16
000000575379,REGATA VILA FLOR RIBANA V789M PMGG,4.99,16
000000575386,REGATA VILA FLOR VISCOL V0004 PMGG,4.99,16
000000575584,BLUSA VILA FLOR VISCOL V777M PMGG,4.99,16
000000580502,BLUSA NATHI VISCOL 303 G1G3 ESTAMPA,4.99,16
000000580533,REGATA NATHI VISCOL 301 G1G3 LISA,4.99,16
000000619387,CROPPED DISFRUTI RIBANA 8235RL PMG,4.99,16
000000619448,BLUSA DISFRUTI VISC 6523RL PMG,4.99,16
000000653183,CALCA MODA IMPERIO 134545 AD F LIPO LEGADO ZZ,59.99,16
000000638869,LEGGING ZEERUCCI POLY 601030 MG FIT,49.99,16
000000639279,CALCA PLAY DENIM SARJA V181822 36A,49.99,16
000000626613,VESTIDO HAD VISC VESTFESTA PMG LONG LEGADO ZZ,49.99,16
000000659628,CALCA MAX DENIN LYC DIV 36A52 FLAIR LEGADO ZZ,49.99,16
000000670425,CROPPED CAZZIBE VISCOSE 4006049 PMG LEGADO ZZ,19.99,16
000000635493,CALCA MORENA LYCRA 055 38A44 DESTRO,39.99,16
000000639231,CALCA PLAY DENIM JEANS V181847A 36A,39.99,16
000000639248,CALCA PLAY DENIM JEANS V181857A 36A,39.99,16
000000645881,CALCA ECXO SARJA 8683 AD F JOG LILA,39.99,16
000000645904,CALCA ECXO SARJA 15126 AD F JOG PRE,39.99,16
000000646956,VESTIDO RECOLLETA EVORE 6000210 PMG,39.99,16
000000646970,VESTIDO RECOLLETA TWELL 2001988 PMG,39.99,16
000000650458,VESTIDO ESTILO LESE 50590 PMG LONGO,39.99,16
000000665025,CALCA MAX DEN JEAN 5817 AD WIDE LEG,39.99,16
000000638142,MACACAO JEANS.COM LYC CF013 AD F LD LEGADO ZZ,39.99,16
000000644228,LEGGING DEDO DOCE MOLEC 1017921 PMG LEGADO ZZ,39.99,16
000000669689,SHORT JEZZIAN JEANS 190889 46A54 FE LEGADO ZZ,39.99,16
000000670357,CONJUNTO CAZZIBE POLIAM 4008035 PMG LEGADO ZZ,39.99,16
000000670364,CONJUNTO CAZZIBE SATIM 4007052 PMG LEGADO ZZ,39.99,16
000000504911,CALCA JEZZIAN 145331 CONFORT PRETA,29.99,16
000000576918,CALCA JEZZIAN JEANS DIV 48A54 PLUS,29.99,16
000000633963,CALCA MAX DENIM JEANS 5188 AD FEM,29.99,16
000000635530,CALCA MORENA JEANS 304 38A44 DESTRO,29.99,16
000000638319,CALCA JEZZIAN SARJA 175150 40A46 PR,29.99,16
000000640169,CALCA ECXO JOGGER 8711 SARJA AD FEM,29.99,16
000000646802,CALCA RECOLLETA PONTO ROMA 3000708,29.99,16
000000647229,MACACAO RECOLLETA CREPE 8000403 PMG,29.99,16
000000649049,VESTIDO AZZEJO P. ROMA 4001213 PMGG,29.99,16
000000649087,VESTIDO AZZEJO LESE 4000796 PMGG,29.99,16
000000650915,VESTIDO DISFRUTI VISC 8565RL PMG LO,29.99,16
000000650922,VESTIDO DISFRUTI VISC 8597RL PMG LO,29.99,16
000000650939,VESTIDO DISFRUTI VISC 8558RL PMG LO,29.99,16
000000650946,VESTIDO DISFRUTI VISC 8541RE PMG MI,29.99,16
000000662802,SHORT MAX DENIM JEAN 9462 JUV DESTR,29.99,16
000000669696,SHORT JEZZIAN JEANS 199643 46A54 FE,29.99,16
000000669702,CALCA JEZZIAN JEANS DIV AD WED LEG,29.99,16
000000669733,CALCA JEZZIAN JEANS DIV JUV MOM,29.99,16
000000670296,CONJUNTO CAZZIBE CREPE 4007043 PMG,29.99,16
000000672108,VESTIDO JWZ VISCOSE 16 PMGG CURTO,29.99,16
000000633673,CONJUNTO P.L.A.SAIACRO 80 NEON SUPL LEGADO ZZ,29.99,16
000000654364,CALCA CAZZIBE CREP 6004076 AD PANTA LEGADO ZZ,29.99,16
000000670319,CONJUNTO CAZZIBE CREPE 4008000 PMG LEGADO ZZ,29.99,16
000000670340,CONJUNTO CAZZIBE SATIN 4007053 PMG LEGADO ZZ,29.99,16
000000670951,SHORT JEZZIAN JEANS 199644 46A52 FE LEGADO ZZ,29.99,16
000000634120,CONJUNTO ANNY CREPE 2302 M SHORT LEGADO ZZ,29.99,16
000000636988,BLUSA JWZ VISCOSE 16353 PMGG LEGADO ZZ,29.99,16
000000636995,BLUSA JWZ VISCOSE 57263 PMGG LEGADO ZZ,29.99,16
000000669405,SHORT MOSAICO LESE 25050032 PMGG Sortida P,29.99,16
000000670234,VESTIDO CAZZIBE CREP 4004090 PMG MI LEGADO ZZ,29.99,16
000000607810,CALCA DISFRUTI RIB 8126PL G1G3 JOGU,24.99,16
000000618458,LEGGING RALALINDA POLI 101622 G1G3,24.99,16
000000631907,CALCA MC JU MOLECOT 4190 PMGG RECOR,24.99,16
000000634083,CONJUNTO ANNY CREPE 1408 M SAIAO,24.99,16
000000634182,MACACAO ANNY CREPE 2708 M LONGO,24.99,16
000000645935,BODY P.L.A. SUPLEX 12 M PAETE,24.99,16
000000646871,SAIA RECOLLETA TWELL 5000947 AD MID,24.99,16
000000649056,VESTIDO AZZEJO VISCOLIN 4000858 PMG,24.99,16
000000651035,CALCA DISFRUTI VISC 8571RL PMG PANT,24.99,16
000000651042,CALCA DISFRUTI VISC 8488RL PMG,24.99,16
000000669740,CALCA JEZZIAN JEANS DIV 10A16 FEM,24.99,16
000000644495,BLUSA P.L.A. MM 5 M LEGADO ZZ,24.99,16
000000647168,BLUSA RECOLLETA VISCOL 1006011 PMGG LEGADO ZZ,24.99,16
000000659710,BLUSA MC JU RIBANA 2494 G1G3 FRANZI LEGADO ZZ,24.99,16
000000670258,VESTIDO CAZZIBE SATIN 4007064 PMG C LEGADO ZZ,24.99,16
000000654449,VESTIDO CAZZIBE VISC 4005090 AD DET LEGADO ZZ,24.99,16
000000563376,CALCA DISFRUTI SUEDE 7116RL PMG JOG,19.99,16
000000631891,CALCA MC JU RIB 3090 PMGG RETA,19.99,16
000000631952,MACAQUINHO DISFRUTI VISC 8415RL PMG,19.99,16
000000637039,CAMISETE JWZ CETIM 57132 PMGG ML,19.99,16
000000642491,VESTIDO KIKO MALHA 9267 FEM 4A10,19.99,16
000000646857,SAIA RECOLLETA RIB 5000938 PMGG MID,19.99,16
000000647120,CROPPED RECOLLETA RIBANA 1006085 PM,19.99,16
000000647144,CROPPED RECOLLETA EVORE 1005920 PMG,19.99,16
000000647212,MACAQUINHO RECOLLETA P.ROMA 7000405,19.99,16
000000650984,MACAQUINHO DISFRUTI VISC 7770PE G1G,19.99,16
000000651165,BLUSA DISFRUTI VISC 8389PL G1G3,19.99,16
000000653855,BLUSA DUBLACK VISCOLYCRA 4807 G1G4,19.99,16
000000659826,SAIAO MC JU FRESH 5293 PMGG BABADO,19.99,16
000000659871,SHORT MC JU MOLETINHO 3894 G1G3 BOL,19.99,16
000000669719,SHORT JEZZIAN BRIM 180092 36A44 FEM,19.99,16
000000669726,SHORT JEZZIAN BRIM 191739 AD MOM BR,19.99,16
000000670968,SHORT JEZZIAN BRIM 200765 AD MOM FE,19.99,16
000000672030,CROPPED JWZ VISCOSE 16399 PMGG,19.99,16
000000632027,VESTIDO DISFRUTI VISCOSE 8301RL PMG,19.99,16
000000637022,CAMISETE JWZ VISC 57115 PMGG ML LIS,19.99,16
000000647021,CROPPED RECOLLETA PONTO ROM 1005938,19.99,16
000000647151,BLUSA RECOLLETA SANTORINE 1005839 P,19.99,16
000000650045,SHORT VILA FLOR MALHA V552M G1G3,19.99,16
000000650892,SAIA LUXE LYCRA 4894 36A44,19.99,16
000000650960,VESTIDO DISFRUTI VISC 8446PE G1G3 C,19.99,16
000000653848,VESTIDO DUBLACK VISCOL 5267 G1G4 SM,19.99,16
000000653862,BLUSA DUBLACK VISCOLYCRA 4813 G1G4,19.99,16
000000659734,BLUSA MC JU MM 3694 G1G3 MANGA BABA,19.99,16
000000670371,MACACAO CAZZIBE CREPE 4006056 PMG,19.99,16
000000672047,REGATA JWZ VISCOSE 57405 PMGG,19.99,16
000000632546,CROPPED P.L.A. SUPLEX 07 M LEGADO ZZ,19.99,16
000000649186,BLUSA AZZEJO LINHO 1004394 PMGG LEGADO ZZ,19.99,16
000000654296,BODY CAZZIBE POLIA 6003085 PMG FEM Sortida P,19.99,16
000000582803,LEGGING RALALINDA LYCRA 46320 PMGG,14.99,16
000000618441,LEGGING RALALINDA POLI 100822 G1G3,14.99,16
000000618632,TOP RALALINDA POLI 95822 PMGG,14.99,16
000000632508,CROPPED P.L.A. RIBANA 03 M,14.99,16
000000632522,CROPPED P.L.A. SUPLEX 05 M,14.99,16
000000649148,SHORT AZZEJO VISCOSE 5001116 PMGG,14.99,16
000000653725,BLUSA DUBLACK DRY 6178 G1G4 FEM SIL,14.99,16
000000653749,BLUSA DUBLACK RIBANA 4800 PMGG TRIC,14.99,16
000000659758,BLUSA MC JU VISCOSE 1294 G1G3 AMARR,14.99,16
000000659765,BLUSA MC JU VISCOSE 2893 PMGG SILK,14.99,16
000000659840,VESTIDO MC JU RIBANA 3693 PMGG OMBR,14.99,16
000000668088,SHORT SCANNER JEANS SH001 AD FEM LD,14.99,16
000000653626,REGATA DUBLACK DRY 6181 PMGG FEM SI,14.99,16
000000618472,CORSARIO RALALINDA POLI 91322 PMGG,9.99,16
000000631969,BLUSA DISFRUTI RIBANA 8382PL G1G3,9.99,16
000000649636,BLUSA VILA FLOR MOLETIN V558M PMGG,9.99,16
000000653695,BLUSA DUBLACK DRY 6189 PMGG FEM SIL,9.99,16
000000653770,BLUSA DUBLACK VISCOL 4703 G1G4 TRIC,9.99,16
000000653794,BLUSA DUBLACK RIBANA 4716 G1G4 BICO,9.99,16
000000667050,REGATA DUBLACK VISCOL 4705 G1G4 LIS,9.99,16
000000670401,CROPPED CAZZIBE CREPE 4006095 PMG,9.99,16
000000670418,CROPPED CAZZIBE CREPE 4007079 PMG,9.99,16
000000653664,REGATA DUBLACK DRY 6175 G1G4 FEM SI,9.99,16
000000653671,REGATA DUBLACK DRY 6176 G1G4 FEM SI,9.99,16
000000653787,BLUSA DUBLACK RIBANA 4721 G1G4 NEON,9.99,16
000000667012,BLUSA DUBLACK RIB 4788 PMGG TRICOLO,9.99,16
000000664899,LEGGING MY DREAM POLY PMGG JOGGER,4.99,16
000000670777,BABY LOOK CDKA MM DIV PMGG,4.99,16
000000426770,CALCA VILEJACK LYCRA JL SKINY FEM,4.99,16
000000466370,VESTIDO MISS FASHION 1840 PMG,4.99,16
000000509251,MACACAO DISFRUTTI JERSEY 5852 ESTAM,4.99,16
000000576512,CALCA LL VISCOLYCRA PMGG TAY DAY,4.99,16
000000496995,BLUSA MC JU MALHA 8554 GUIPIR PLUS,4.99,16
000000490351,SHORT JWZ CREPE 1095 FLORAL,4.99,16
000000518079,SAIA Q DE ESTILO JEANS 98722 44A52,4.99,16
000000548120,SHORT LUMAR BENGALINE PMG CINTO,4.99,16
000000580342,BLUSA VITORIA VISCOLYCRA PMG,4.99,16
000000528122,BLUSA MC JU CREPE 8365 PMGG DETALHE,4.99,16
000000576031,BERMUDA ARRAZANTY LYCRA 20891 PMGG,4.99,16
000000581356,T SHIRT RHODE SUEDE 70504 M,4.99,16
000000587112,TUNICA LL VISCOLYCRA G1G3,4.99,16
000000619394,BLUSA DISFRUTI VISC 8206RL PMG,4.99,16
000000504898,BLUSA MISS FASHION CREPE DIVER PMG,4.99,16
000000511650,CALCA DULUNA SUPLEX 20183 C TULE,4.99,16
000000687867,CAMISETE BLUDSON MISTO DIV PMGG MC,4.99,16
000000687874,CAMISETE BLUDSON MISTO DIV PLUS MC,4.99,16
000000542043,BLUSA PHIZALIS DRY 702 PMGG FEM,4.99,16
000000548472,REGATA FLORART VISCOLYCRA DIV GGXGG,4.99,16
000000540070,REGATA MC JU VISCOSE 5083 PMGG PLUS,4.99,16
000000610315,BLUSA VILA FLOR MM V824M PMGG,4.99,16
000000587006,SHORT LUMAR VISCOSE 100 G1G3,4.99,16
000000539968,CROPPED LUMAR CIRRE DIVERSOS PMG,4.99,16
000000542104,BLUSA VILA FLOR VISCOSE 706 PMGG,4.99,16
000000576529,BLUSA LL VISCOLYCRA PMGG TAY DAY,4.99,16
000000486651,BLUSA TOQUE DE COR VISCO 5136 PMG,4.99,16
000000560634,BLUSA JULLYANY ALG DIVERSAS G1 PLUS,4.99,16
000000575621,VESTIDO VILA FLOR RIBANA V780M PMGG,4.99,16
000000670784,BABY LOOK CDKA MM 150 151 AD ANO NO,4.99,16
000000575447,REGATA VILA FLOR RIBANA V932M PMGG,4.99,16
000000577182,BABY LOOK INSIGNE DIVERSAS PMGG,4.99,16
000000542012,SHORT PHIZALIS POL 405AE PMGG CORRI,4.99,16
000000611657,BLUSA CLEOMARA MM 26 PMGG SILK,4.99,16
000000577151,SHORT INSIGNE MOL ALP110 PMGG DIV,4.99,16
000000698665,REGATA VITORIA COTTON 7714 AD ALCIN,4.99,16
000000521529,CALCA K-DU SARJA 16054 FEM BRANCA,9.99,16
000000530699,BLUSA ROVITEX MALHA 614033 PMGG,9.99,16
000000456814,CAMISETE TEODORO TRIC FEM XADREZ,9.99,16
000000581615,BLUSA DISFRUTI VISCOSE 7018RL PMG,9.99,16
000000486545,VESTIDO TOQUE DE COR VIS 5040 PMG,9.99,16
000000532310,CALCA DISFRUTTI BENGALINE 4793 G1G3,9.99,16
000000576932,VESTIDO LL VISCOLYCRA M TIE DAY,9.99,16
000000555357,BLUSA ENDLESS VISCOSE E13185 PMGG F,9.99,16
000000464307,VESTIDO AIDI VISCOSE 16142 1617 PMG,9.99,16
000000581578,BLUSA DISFRUTI VISCOSE 7569PL G1G3,9.99,16
000000581684,SHORT DISFRUTI VISCOS 7540RE PMG ES,9.99,16
000000575720,MACACAO VILA FLOR COTTON V942M PMGG,9.99,16
000000581691,SHORT DISFRUTI VISCOS 7540RL PMG LI,9.99,16
000000611367,BLUSA LECIMAR MM 1702149 PMGG SILK,9.99,16
000000620338,CROPPED P.L.A. SUPLEX 50 M POA LISO,9.99,16
000000536134,CALCA PHIZALIS POLIES 101 FLAN PMGG,9.99,16
000000582698,SHORT MC JU DANY 8610 G1G3,9.99,16
000000573214,CALCA PHIZALIS LYCRA 110 G1G3,9.99,16
000000581554,BLUSA DISFRUTI VISCOSE 7569RL PMG,9.99,16
000000495646,CONJUNTO ALY LAYCRA DIVERSOS PMG,9.99,16
000000517713,BLUSA AIDI VISCOSE YJY52 53 PLUS,9.99,16
000000576758,BLUSA JOINHA LINHA 310045 M LUREX,9.99,16
000000560917,LEGGING PHIZALIS POLIEST 108 PMGG,9.99,16
000000508926,BLUSA DISFRUTTI CREPE 5821 REGATA A,9.99,16
000000622547,REGATA VILA FLOR RIBANA V853M PMGG,9.99,16
000000531696,TUNICA BOSSI PV 02 PMG MANGA JAPONE,9.99,16
000000623247,BABY LOOK INSIGNE VISC CT927 PMGG,9.99,16
000000540551,CROPPED LUMAR RENDA AD COM BOJO,9.99,16
000000531689,REGATA BOSSI PV 01 PMG,9.99,16
000000598729,TOP PHIZALIS LYCRA 601 PMGG NEON,9.99,16
000000419062,CALCA KADORY LYCRA DIVERSAS FEMININ,9.99,16
000000611312,BODY LEYCE MICRO 4002 PMGG,9.99,16
000000686433,REGATA JWZ VISCOSE 57331 AD POA FEM,9.99,16
000000533546,CALCA TRIBO VISCOSE 55053 PMGG,9.99,16
000000600330,BLUSA DISFRUTI VISCOSE 7035RL PMG,9.99,16
000000653763,BLUSA DUBLACK VISCOL 4702 G1G4 BICO,9.99,16
000000687881,CAMISETE BLUDSON MISTO DIV PLUS ML,9.99,16
000000667067,REGATA DUBLACK RIBANA 4782 PMGG ALC,9.99,16
000000694544,BLUSA SANGOS VISCOL 9232 PMGG LISTR,9.99,16
000000691819,BLUSA SANGOS VISCOLY 9221 PMGG CROP,9.99,16
000000694506,REGATA SANGOS DRY 6206 PMGG FEM,9.99,16
000000694513,REGATA SANGOS DRY 6208 PMGG FEM,9.99,16
000000715423,TOP JOINHA LINHA 320193 320301 ALC,9.99,16
000000715430,REGATA JOINHA LINHA 320262 PMG,9.99,16
000000691710,REGATA SANGOS RIBANA 9239 AD ALCA,9.99,16
000000710343,SHORT JZW CREPE 95521 95517 G1G3,9.99,16
000000694469,REGATA SANGOS DRY 6195 G1G4 FEM,9.99,16
000000707954,BLUSA PHIZALIS DRY 701 PMGGG,9.99,16
000000653633,REGATA DUBLACK DRY 6185 PMGG FEM SI,9.99,16
000000653657,REGATA DUBLACK DRY 6187 PMGG FEM SI,9.99,16
000000542050,REGATA PHIZALIS DRY 700 PMGG FEM,9.99,16
000000710794,CROPPED JEZZIAN POLIA EK220801 AD F,9.99,16
000000724623,CROPPED JOINHA LINHA 320302 AD LIST,9.99,16
000000715416,CROPPED JOINHA LINHA 320229 ANIMAL LEGADO ZZ,9.99,16
000000705745,BLUSA ROVITEX VISC L453 PMGG DIV IM,9.99,16
000000505482,SHORT MURANO JEANS 50104 36A44 FEM,14.99,16
000000581349,CONJUNTO RHODE SUEDE DIV M FEM,14.99,16
000000469210,SAIA CHIC CORAL SARJA DH85179 PMG,14.99,16
000000587839,VESTIDO LUMAR VISCOSE 130 PMG MIDI,14.99,16
000000618854,MACAQUINHO DISFRUTI VISC 8228PE G1G,14.99,16
000000510332,SHORT SAIA SAKAVERAO JAKAR 093 PMG,14.99,16
000000548397,SHORT JEZZIAN SARJA 166814 CAM DESF,14.99,16
000000560061,MACAQUINHO ROVITEX MM 614489 PMGG,14.99,16
000000618816,SHORT DISFRUTI VISCOSE 5404PE G1G3,14.99,16
000000532280,VESTIDO DISFRUTTI VISCOSE 6259 PMG,14.99,16
000000587051,MACAQUINHO LUMAR VISCOLINHO 118 PMG,14.99,16
000000600484,CALCA DISFRUTI VELUDO 6475PL G1G3,14.99,16
000000600408,CROPED DISFRUTI VISCOSE 7882RE PMG,14.99,16
000000594288,VESTIDO VILA FLOR VISCOL V664M PMGG,14.99,16
000000619462,BLUSA DISFRUTI VISCOSE 8166PL G1G3,14.99,16
000000600378,BLUSA DISFRUTI VISCOSE 7049PE G1G3,14.99,16
000000660167,BLUSA MC JU 3893 ESTAMPA AD FEM,9.99,16
000000660259,BLUSA MC JU 5493 FRENTE UNICA FE AD,4.99,16
000000653756,REGATA DUBLACK VISCOL 4695 G1G4 TRI,9.99,16
000000710329,SHORT JZW CREPE 95513 G1G2G3,9.99,16
000000710985,BLUSA P.L.A VISC 79-78-80-263-274,9.99,16
000000692083,BLUSA DISFRUTI CREP 9340RL AD OMBRO,9.99,16
000000659970,BLUSA MC JU 2193 C ARGOLA FEM AD,9.99,16
000000660273,BLUSA MC JU 5893 APLICACAO FE AD,9.99,16
000000653640,REGATA DUBLACK DRY 6186 PMGG FEM SI LEGADO ZZ,9.99,16
000000701211,CROPPED JOINHA LINHA 320258 PMG ALC LEGADO ZZ,9.99,16
000000660310,REGATA MC JU 4993 DETALHE AD FEM,9.99,16
000000709293,SHORT LIDERY POLI SH411 MGGG,14.99,16
000000618557,SHORT RALALINDA POLI 93722 PMGG EST,14.99,16
000000691864,VESTIDO SANGOS RIBANA 9248 AD ALCA,14.99,16
000000709354,TOP LIDERY POLIESTER TP304 MGGG ARR,14.99,16
000000709330,TOP LIDERY POLIESTER TP251 MGGG,14.99,16
000000709347,TOP LIDERY POLIESTER TP279 MGGG DRY,14.99,16
000000709378,TOP LIDERY POLIESTER TP331 MGGG,14.99,16
000000573788,SAIA LUXE JEANS DIV 3646 MIDI,14.99,16
000000571296,SAIA MAX DENIM LYCRA DIV 38A52 SECR,14.99,16
000000492423,BLUSA SANTO EXP LA 4503 LOSANGLO,14.99,16
000000581752,MACAQUINHO DISFRUTI VISC 7600RL PMG,14.99,16
000000607667,VESTIDO DISFRUTI VISCOS 7490PL G1G3,14.99,16
000000618960,PANTACUR DISFRUTI VISC 8233RE PMG,14.99,16
000000659819,SAIA MC JU RIBANA 2794 G1G3,14.99,16
000000635288,REGATA SELENE POLY 20400 AD F RENDA,14.99,16
000000531672,VESTIDO BOSSI PV 012 G1G3 CM PLUS,14.99,16
000000531665,VESTIDO BOSSI PV 012 PMG CM,14.99,16
000000610308,BLUSA VILA FLOR RIBANA V963M G1G3,14.99,16
000000618519,SHORT RALALINDA POLI 101322 G1G3 ES,14.99,16
000000681001,TOP LEYPERGIRLS POLIA 58 MGGG BOJO,14.99,16
000000701235,CROPPED JOINHA LINHA 320200 PMG LEGADO ZZ,9.99,16
000000707008,VESTIDO KELY KETY MM 50858 10A16,14.99,16
000000711005,REGATA P.L.A SUPLEX 537A-537B PMG,14.99,16
000000678063,BODY P.L.A. SUPLEX 06 AD PERSONAGEM,14.99,16
000000686716,REGATA AISHTY VISC 210396 PMGG ALCA,14.99,16
000000690317,BLUSA AZZEJO VISCOSE 1004405 PMGG,19.99,16
000000690331,BLUSA AZZEJO VISCOSE 1004679 PMGG,19.99,16
000000712873,BLUSA AZZEJO VISCOLINHO 1004568 MGG,19.99,16
000000712897,BLUSA AZZEJO VISCOLINHO 1100201 MGG,19.99,16
000000714082,T SHIRT JWZ MM 2330 PMG PEDRINHA,19.99,16
000000714099,T SHIRT JWZ MM 2308 3660 PMG PEDRAS,19.99,16
000000704076,BLUSA MALWEE MALHA 4504 PMGG POLO,19.99,16
000000709262,BERMUDA LIDERY POLI SH41748A52 POWE,19.99,16
000000714105,BLUSA JWZ MODAL 3636 PMG GOLA ALTA,19.99,16
000000701259,BLUSA JOINHA LINHA 320256 PMG GOLA,19.99,16
000000712361,CROPPED RECOLLETA CREPE 1007103 PMG,19.99,16
000000709309,SHORT LIDERY POLI SH431 MGGG POWER,19.99,16
000000619905,SHORT FOCUS JEANS V181701A 36A42 FE,19.99,16
000000580809,CALCA RHODE JEANS DIV 36A44 MON,19.99,16
000000618953,VESTIDO DISFRUTI VISC 8184PE G1G3,19.99,16
000000599856,CAMISETA ELLAND POLIAMIDA UV ML FEM,19.99,16
000000659833,VESTIDO MC JU VISCOSE 1493 PMGG CUR,19.99,16
000000560030,VESTIDO ROVITEX MALHA 614590 PMGG,19.99,16
000000589208,VESTIDO HAD VISCOSE PMG LISO BICO,19.99,16
000000557450,VESTIDO LUMAR VISCOLINHO AMARRAR,19.99,16
000000647182,REGATA RECOLLETA NIKO 1005442 PMGG,19.99,16
000000647199,REGATA RECOLLETA SCOT 1006016 PMGG,19.99,16
000000695909,CROPPED FANIKITUS VISCOL 280717 JUV LEGADO ZZ,24.99,16
000000677288,CROPPED LECIMAR MM 1702768 PMGGG LEGADO ZZ,24.99,16
000000684316,CALCA LEYPERGIRLS CIRRE 62 AD LEGG,24.99,16
000000686624,CROPPED P.L.A SUPLEX 10 AD ML BOJO,24.99,16
000000686631,CROPPED P.L.A SUPLEX 13 AD ML AMARR,24.99,16
000000686648,CROPPED P.L.A SUPLEX 14 AD ML 1OMBR,24.99,16
000000698856,CROPPED JWZ VISCOSE 57401 PMGGG FE,24.99,16
000000714075,T SHIRT JWZ MM 2309 PMG PEDRINHA,24.99,16
000000679077,SHORT AISHTY POLIES 410275 PMGG XAD,24.99,16
000000695541,SHORT ZEERUCCI POLY 701009 PMGG FEM,24.99,16
000000682329,CROPPED RECOLLETA P.ROMA 1006754 AD,24.99,16
000000689014,BLUSA STYLO VISCOLINHO 0102736 PMG,24.99,16
000000690164,BLUSA RECOLLETA CREPE 1102453 G1G3,24.99,16
000000712187,SHORT STYLO CREPE 0102660 2760 AD,24.99,16
000000712194,SHORT STYLO LINHO 0102767 PMG,24.99,16
000000712200,SHORT STYLO LINHO 0102690 PMG,24.99,16
000000712248,BLUSA STYLO VISCOLINHO 0102737 PMG,24.99,16
000000712354,SHORT RECOLLETA CREPE 9000776 PMG,24.99,16
000000714112,CAMISA JWZ LINHO 85003 PMG PEDRA,24.99,16
000000646833,SHORT RECOLLETA SCOT 9000610 PMGG,24.99,16
000000701242,BLUSA JOINHA LINHA 320244 PMG PRINC,24.99,16
000000706841,BLUSA JOINHA LINHA 320267 C MANGA,24.99,16
000000712217,CROPPED STYLO LINHO 0102598 PMG,24.99,16
000000712224,CROPPED STYLO LINHO 0102766 PMG,24.99,16
000000712231,CROPPED STYLO AIR FLOW 0102722 PMG,24.99,16
000000712347,SHORT RECOLLETA CREPE 9000748 PMG,24.99,16
000000691918,CALCA SANGOS VISCOLY 5384 PMGGG FEM,24.99,16
000000670388,MACACAO CAZZIBE CREPE 4007036 PMG,24.99,16
000000705035,SHORT AISTHY LINHO 410575 PMGG FE,24.99,16
000000705097,BLUSA AISTHY CETIM 410588 PMGG FE,24.99,16
000000712316,BLUSA RECOLLETA 1006742,24.99,16
000000712552,SHORT JOINHA MODAL 310150 PMG,24.99,16
000000712569,SAIA JOINHA MODAL 310147 PMG MIDI,24.99,16
000000714044,CROPPED JWZ VISCOSE A207 PMG RENDA,24.99,16
000000698788,CROPPED AISHTY PU 410404 PMGGG,24.99,16
000000709361,TOP LIDERY POLIESTER TP416 48A52 PO,24.99,16
000000685221,CROPPED VILA FLOR VISCOSE V573T PMG,24.99,16
000000686440,REGATA JWZ VISCOSE 16550 PMGGG FEM,24.99,16
000000693721,BLUSA YELLOW PINK CREPE 2257 MGG,24.99,16
000000693745,BLUSA YELLOW PINK CREPE 2657 MGG,24.99,16
000000693769,BLUSA YELLOW PINK CREPE 2555 MGG,24.99,16
000000698849,CROPPED JWZ VISCOSE 57356 PMGGG FEM,24.99,16
000000698863,CROPPED JWZ VISCOSE 57388 PMGGG FE,24.99,16
000000698894,BLUSA JWZ VISCOSE 57406 PMGGG FE,24.99,16
000000698917,BLUSA JWZ VISCOSE 57267 PMGGG FE,24.99,16
000000714051,CROPPED JWZ MM 2317 PMG PEDRARIA,24.99,16
000000624459,MACAQUINHO P.L.A. VISCOLINH 1018 PM,24.99,16
000000616553,CALCA PARADOX JEANS 13894 36A44 JOG,24.99,16
000000538572,CALCA BIOTIPO LYCRA 24001 36A46 FEM,24.99,16
000000620789,CALCA MAX DENIM SARJA 5177 36A52 FE,24.99,16
000000600514,VESTIDO DISFRUTI VISCOS 7941RE PMG,24.99,16
000000631945,CALCA DISFRUTI SUEDE 7116PL G1G3,24.99,16
000000580564,BERMUDA PARADOX JEANS 8152 48A54 FE,24.99,16
000000580571,BERMUDA PARADOX JEANS 11156 48A54 F,24.99,16
000000650861,SALOPETE LUXE LYCRA DIV 36A44 SAIA,24.99,16
000000662727,SHORT MAX DENIM JEANS 9479 4A8 FEM,24.99,16
000000662864,BERMUDA MAX DENIM JEAN 8449 4A8 MAS,24.99,16
000000610179,CALCA RHODE JEANS LYCRA DIV 36A46,24.99,16
000000600828,CAMISETE AGA TRIC 1801 1822 PMGG ML,24.99,16
000000644242,CALCA MAX DENIM LYC SORTIDA 36A52 F,24.99,16
000000636964,BLUSA JWZ LINHA 3586 PMGG MODAL,24.99,16
000000712330,SHORT RECOLLETA LUREX 9100520 GIG3,24.99,16
000000653824,CALCA DUBLACK RIBANA 5274 G1G4 JOGG,24.99,16
000000688932,SHORT STYLE LINHO 1962 PMGG FEM,24.99,16
000000698825,BLUSA JWZ VISCOSE 16535 G1G3 FEM,24.99,16
000000698924,BLUSA JWZ MALHA 607 606 603 605 G1G LEGADO ZZ,24.99,16
000000701198,CROPPED JOINHA LINHA 320248 PMG LIS LEGADO ZZ,24.99,16
000000701204,CROPPED JOINHA LINHA 320264 PMG BIC LEGADO ZZ,24.99,16
000000678216,BLUSA SANGOS POLI PLUS ML TERM,24.99,16
000000711227,SHORT SAIA P.L.A. VISCOL 633 PMG,24.99,16
000000660792,PANTACOURT MC JU 1793 BOLSO FEM AD,24.99,16
000000672061,BLUSA JWZ VISCOSE 57385 16392 G1G3,24.99,16
000000686457,BLUSA JWZ VISCOSE 16552 G1G3,24.99,16
000000688994,BLUSA STYLO VISCOLINHO 0102739 PMG,24.99,16
000000700702,LEGGING HAD POLIAMI C101 PMG S COST,24.99,16
000000686471,BLUSA JWZ VISCOSE 3590 PMGGG MODAL,24.99,16
000000708647,BLUSA JWZ VISCOSE 96005 PMGG RENDA,24.99,16
000000677691,CROPPED JWZ VISCOSE 6399 PMGG RENDA,24.99,16
000000692120,VESTIDO DISFRUT CREP 9291RL AD GOLA,24.99,16
000000705868,BLUSA JWZ VISCO 2306 01 03 02 PMGG,24.99,16
000000650557,SAIA ESTILO LESE 40060 PMG MIDI,29.99,16
000000688864,SHORT STYLE CREPE 6500 G1G3,29.99,16
000000688857,CROPPED STYLE LINH 17026 G1G3 BOTAO,29.99,16
000000690706,SHORT GADANI LINHO 5917 PMGG,29.99,16
000000688819,BLUSA STYLE VISCOLINHO 17027 G1G3,29.99,16
000000705110,COLETE AISHTY LINHO 410576 PMGG FE,29.99,16
000000712910,VESTIDO AZZEJO VISCOLIN 4001521 AD,29.99,16
000000687485,SHORT FATAL TACTEL 28735 PMGG MASC,29.99,16
000000689977,SHORT GABY LINHO 85134 PMGG CARGO,29.99,16
000000686662,CAMISETE P.L.A VISCOSE 12 AD ML XAD,29.99,16
000000686730,CALCA AISHTY POL 410229 PMGG F JOGG,29.99,16
000000690843,VESTIDO ESTILO LESE 50813 PMG CURTO,29.99,16
000000688802,BLUSA STYLE CREPE 17048 G1G3,29.99,16
000000695510,TOP ZEERUCCI POLY 400006 PMGG,29.99,16
000000713078,SAIA AISHTY VISC 410266 PMGG MIDI,29.99,16
000000598934,CALCA LUXE JEANS 4365 36A44 MON DES,39.99,16
000000598972,CALCA LUXE JEANS 4280 36A44 C PREGA,39.99,16
000000598965,CALCA LUXE JEANS 4214 36A44 MON COS,39.99,16
000000616607,CALCA PARADOX JEANS 9351 48A54 JOGU,39.99,16
000000587846,VESTIDO LUMAR VISCOSE 129 PMG LONGO,39.99,16
000000641784,CALCA MAX DEN.JOGGER 5764 AD FEM,39.99,16
000000641791,CALCA MAX DEN.JOGGER 5737 36A48 FEM,39.99,16
000000649131,CALCA AZZEJO P. ROMA 3000615 PMGG F,39.99,16
000000646888,SAIA RECOLLETA RIBANA 5000973 PMGG,39.99,16
000000646789,CALCA RECOLLETA NIKO 3000659 PMGG F,39.99,16
000000662765,SHORT MAX DENIM JEANS 9464 10A16 FE,39.99,16
000000662789,SHORT MAX DENIM JEANS 9465 10A16 FE,39.99,16
000000662819,CALCA MAX DENIM SARJ 9470 4A8 FEM,39.99,16
000000649070,VESTIDO AZZEJO VISCOLIN 4001159 PMG,39.99,16
000000690379,VESTIDO AZZEJO VISCOLY 4001408 PMGG,39.99,16
000000698658,VESTIDO ELEMENTO ZERO MM DIV PMGG,39.99,16
000000708630,MACAQUINHO JWZ VISC F658 PMGG ALCA,39.99,16
000000701174,CROPPED JOINHA LINHA 320269 PMG LEGADO ZZ,24.99,16
000000716031,BLUSA JZW VISCOSE 16553 G1G3,24.99,16
000000686464,BLUSA JWZ VISCOSE 3595 PMGGG MODAL,24.99,16
000000679015,CAMISETE AISHTY LINHO 410218 AD MC,29.99,16
000000687461,SHORT FATAL TACTEL 28730 PMGG MASC,29.99,16
000000677271,VESTIDO LECIMAR MM 1702835 PMGGG,29.99,16
000000686488,BLUSA JWZ VISCO 62111 AD MODAL 3 4,29.99,16
000000686495,SHORT JWZ VISCOSE 1280 PMGGG CINTO,29.99,16
000000690263,SHORT SAIA RECOLLETA P.ROMA 9000772,29.99,16
000000700313,SHORT PLAY DENIM JEANS L19810 36A44,39.99,16
000000688079,CALCA LUXIQUE JEANS 1292 36A44 FEM,39.99,16
000000714006,VESTIDO JWZ VISCOSE 88002 PMG,39.99,16
000000641807,CALCA MAX DEN.WIDE LEG 5738 AD JEAN,39.99,16
000000712927,VESTIDO AZZEJO VISCOLIN 4001451 AD,39.99,16
000000687980,CALCA MELANGE JEANS 1255 36A46 FEM,39.99,16
000000687997,CALCA MELANGE JEANS 1203 36A46 FEM,39.99,16
000000688017,CALCA MELANGE JEANS 1265 36A46 FEM,39.99,16
000000688062,CALCA MELANGE JEANS 1317 36A46 FEM,39.99,16
000000715393,VESTIDO JOINHA MODAL 310200 PMG,39.99,16
000000688888,SHORT STYLE LINHO 6467 G1G3,39.99,16
000000712279,SAIA STYLO AIR FLOW 0102620 PMG,39.99,16
000000692144,VESTIDO DISFRUTI VISC 9847RL AD LON,39.99,16
000000672085,CALCA JWZ VISCOSE B1273 PMGG CINTO,39.99,16
000000688871,SHORT STYLE LINHO 6479 G1G3,39.99,16
000000690393,CALCA AZZEJO ALFAIAT 3000737 PMGG,39.99,16
000000710213,BODY P.L.A RENDA POLIA 536 PMG LEGADO ZZ,24.99,16
000000660419,VESTIDO MC JU 4193 DETALHE AD FEM,14.99,16
000000681773,CALCA ECXO SARJA 9001 02 03 AD JOGG,39.99,16
000000690065,VESTIDO RECOLLETA LESE 2009010 PMG,39.99,16
000000700283,SHORT PLAY DENIM SARJ V182212 36A44,39.99,16
000000690836,VESTIDO ESTILO LESE 50805 PMG LONGO,39.99,16
000000700719,CONJUNTO HAD POLIAM CLK1 PMG S COST,39.99,16
000000688086,CALCA LUXIQUE JEANS 1269 36A44 FEM,39.99,16
000000688109,CALCA LUXIQUE JEANS 1290 36A44 FEM,39.99,16
000000688901,CALCA STYLE CREPE 66163 G1G3 ELASTI,39.99,16
000000688093,CALCA LUXIQUE JEANS 672 36A44 FEM LEGADO ZZ,39.99,16
000000689953,CALCA GABY ALFAIATARIA 18182 PMGG F,39.99,16
000000719025,BLUSA RECOLLETA LUREX 1102500 G1G3,39.99,16
000000686655,CAMISETE P.L.A VISCOLINHO 11 AD ML,39.99,16
000000678971,CAMISETE AISHTY FLAN 410278 ML AD X,39.99,16
000000713092,CALCA AISHTY POLIESTER 410471 PMGG,39.99,16
000000691291,SHORT MORENA M JEAN 15088 198 86 AD,39.99,16
000000688031,CALCA MELANGE JEANS 89 36A46 FEM PR LEGADO ZZ,39.99,16
000000688055,CALCA MELANGE JEANS 1313 36A46 FEM LEGADO ZZ,39.99,16
000000705073,VESTIDO AISHTY PAETE 410727 PMGG,39.99,16
000000700290,SHORT PLAY DENIM SARJ V182211 36A44,39.99,16
000000663007,CALCA MAX DENIM SARJ 8458 JUV JOGGE,39.99,16
000000689076,CALCA WORLD JEANS DIV 46A54 FEM,49.99,16
000000708623,SHORT JWZ VISC B1295 94 1330 AD CIN,29.99,16
000000686808,CALCA BIOTIPO LYC 29699 36A46 F SKI,59.99,16
000000686815,CALCA BIOTIPO LYC 29576 36A46 F SKI,59.99,16
000000686846,CALCA BIOTIPO LYC 29573 36A46 FEM,59.99,16
000000601832,CALCA PSR LYCRA DIV 36A46 FEM CAPRI,59.99,16
000000714396,CALCA BIOTIPO LYCRA 29924 36A44 FEM,59.9,16
000000714433,CALCA BIOTIPO LYCRA 29620 36A44 FEM,59.99,16
000000714402,CALCA BIOTIPO LYCRA 29833 36A44 FEM,59.99,16
000000714426,CALCA BIOTIPO LYCRA 29774 38A46 FEM,59.99,16
000000714419,CALCA BIOTIPO LYCRA 29804 36A44 FEM,59.99,16
000000714440,CALCA BIOTIPO LYC 29571 36A46 F PRE,59.99,16
000000688925,CALCA STYLE LINHO 66186 PMGG JOGGER,59.99,16
000000695565,LEGGING ZEERUCCI POLY 601041 MGGG,59.99,16
000000689380,CALCA GABY LINHAO 18189 PMG CARGO F,49.99,16
000000698771,VESTIDO AISHTY TRICOLI 410383 PMGGG,49.99,16
000000681742,CALCA ECXO SARJ 9004 05 06 PLUS JOG,49.99,16
000000680738,CALCA PLAY DENIM SARJ V181959 AD FE,59.99,16
000000639255,CALCA PLAY DEN JEA RL1404 L17956 AD,49.99,16
000000681988,CALCA MAX DENIN JEAN 5963 AD WED LE,59.99,16
000000677226,CAMISETE MX72 FIO50 19095 AD ML FEM LEGADO ZZ,59.99,16
000000708524,CALCA MAX DEN JEANS 6089 AD CARGO,59.99,16
000000708555,CALCA MAX DEN SARJA 6176 AD FLARE,59.99,16
000000690256,CALCA RECOLLETA CREPE 3100482 G1G3,59.99,16
000000692779,CALCA MAX DENIN JEANS 6024 36A52 WI,59.99,16
000000639224,CALCA PLAY DENIM JEANS V181848A 36A,49.99,16
000000708531,CALCA MAX DEN JEANS 6150 AD JOGGER,49.99,16
000000708593,CALCA MAX DEN SARJA 6274 AD CLOCHAR,49.99,16
000000695558,LEGGING ZEERUCCI POLY 601042 MGGG,49.99,16
000000705066,VESTIDO AISHTY LINHO 410486 PMGG,49.99,16
000000713061,VESTIDO AISHTY VISC 410569 PMGG CUR,49.99,16
000000680981,CALCA LEYPERGIRLS POLIA 100 G1G3 3D,49.99,16
000000690904,VESTIDO ESTILO LINHO 50728 PMG CURT,49.99,16
000000714013,VESTIDO JWZ LESE 17027 PMG,49.99,16
000000665018,CALCA MAX DEN JEAN 5893 AD MOM DEST,49.99,16
000000665032,CALCA MAX DEN JEAN 5821 AD MOM DEST,49.99,16
000000680721,CALCA PLAY DENIM JEAN V18725 AD FEM,49.99,16
000000686570,SAIA P.L.A COURINO 01 AD CARGO LEGADO ZZ,49.99,16
000000713054,VESTIDO AISHTY VISC 410617 PMGG CUR,49.99,16
000000697873,CALCA GANGSTER JEANS 19330376 AD MA,69.99,16
000000697880,CALCA GANGSTER JEANS 19371442 AD MA,69.99,16
000000697897,CALCA GANGSTER JEANS 19371410 AD MA,69.99,16
000000697910,CALCA BIOTIPO JEAN 28945 42A50 FEM,69.99,16
000000697927,CALCA BIOTIPO JEAN 28784 42A50 FEM,69.99,16
000000697941,CALCA BIOTIPO JEAN 28870 42A50 FEM,69.99,16
000000686792,CALCA BIOTIPO LYC 29381 36A46 F FLA,69.99,16
000000686594,CALCA P.L.A POLIAMIDA 06 AD FEM 3ZI,59.99,16
000000715409,VESTIDO JOINHA MODAL 310207 PMG,59.99,16
000000654173,CALCA LEYPERGIRLS SUPLE 218 AD LIPO,59.99,16
000000686860,CALCA BIOTIPO LYC 29353 48A56 FEM,69.99,16
000000697972,CALCA BIOTIPO JEAN 29685 36A46 FEM,69.99,16
000000686884,CALCA BIOTIPO LYC 29514 36A46 FEM,69.99,16
000000697989,CALCA BIOTIPO JEAN 29732 36A46 FEM,69.99,16
000000686853,CALCA BIOTIPO LYC 29566 36A46 FEM,69.99,16
000000697958,CALCA BIOTIPO JEAN 29408 36A46 FEM,69.99,16
000000697965,CALCA BIOTIPO JEAN 29690 36A46 FEM,69.99,16
000000697996,CALCA BIOTIPO JEAN 29695 36A46 FEM,69.99,16
000000686822,CALCA BIOTIPO LYC 29450 36A46 F SKI,69.99,16
000000700252,CALCA PLAY DENIM SARJ V182213 AD CA,59.99,16
000000708548,JARDINEIRA MAX DEN JEANS 6151 AD,59.99,16
000000695572,LEGGING ZEERUCCI POLY 601046 G1G3,59.99,16
000000714570,CALCA BIOTIPO LYC 29933 36A46 PETIT,69.99,16
000000714549,CALCA BIOTIPO LYC 29902 38A46 F DES,69.99,16
000000714563,CALCA BIOTIPO LYC 29935 36A46 PETIT,69.99,16
000000689403,CALCA GABY LINHAO 18179 PMG CARGO F,59.99,16
000000714532,CALCA BIOTIPO LYC 29079 42A50 F ALT,69.99,16
000000686556,CALCA PARADOX JEANS 2506 AD BAG FEM,49.99,16
000000686785,CALCA BIOTIPO LYC 29491 36A46 PETIT,69.99,16
000000696913,CALCA BIOTIPO LYC 23556 AD FLARE PE,69.99,16
000000698016,CALCA BIOTIPO JEAN 29050 36A46 FLAR,69.99,16
000000724630,VESTIDO JOINHA LINHA 310208 AD ESCA,69.99,16
000000713016,VESTIDO AISHTY LINH 410627 PMGG LON,69.99,16
000000693813,CALCA LUXE JEANS 38A46 ELASTICO FEM LEGADO ZZ,69.99,16
000000714488,CALCA BIOTIPO LYC 29364 36A46 F PUI,69.99,16
000000714457,CALCA BIOTIPO LYC 28764 36A46 F DES,69.99,16
000000714501,CALCA BIOTIPO LYC 29762 36A46 F BRI,69.99,16
000000711579,CAMISETE AISHTY LESE 210457 PMG,49.99,16
000000711234,SAIA P.L.A. CIRRE 233 PMG CURTA,49.99,16
000000689038,SHORT WORLD JEANS 0314503 46A52 PED,49.99,16
000000690362,VESTIDO AZZEJO VISCOSE 4001107 PMGG,49.99,16
000000635509,CALCA MORENA LYCRA 2037 38A44 DESTR,49.99,16
000000619899,CALCA FOCUS JEANS V181593A 36A44 FE,49.99,16
000000697903,CALCA BIOTIPO JEAN 29301 48A56 FEM,69.99,16
000000697934,CALCA BIOTIPO JEAN 29119 42A50 FEM,69.99,16
000000688406,CALCA VIZZY JEANS 58751 36A46 FRISO LEGADO ZZ,39.99,16
000000688369,CALCA VIZZY JEANS 500966 36A46 FEM,39.99,16
000000688390,CALCA VIZZY JEANS 58606 36A46 PR FE,39.99,16
000000688413,CALCA VIZZY JEANS 58753 38A48 NERVU,39.99,16
000000688420,CALCA VIZZY JEANS 58754 38A48 NERVU,39.99,16
000000688437,CALCA VIZZY JEANS 59944 36A46 FEM,39.99,16
000000700887,CALCA VIZZY SARJA 500995 AD FEM BR,39.99,16
000000700924,CALCA VIZZY JEANS 52787 AD FEM,39.99,16
000000700931,CALCA VIZZY JEANS 58833 AD FEM,39.99,16
000000710077,CALCA VIZZY JEANS 58761 AD FEM SKIN,39.99,16
000000660839,PANTALONA MC JU 5093 ESTAMPADA FEM,19.99,16
000000581608,BLUSA DISFRUTI VISCOSE 7433RL PMG,19.99,16
000000660853,CALCA MC JU 4893 DETALHE BARRA FEM,19.99,16
000000704052,BLUSA MALWEE VISCO PMGG GOLA V,19.99,16
000000678988,CAMISETE AISHTY VISCOSE 8366 AD ML,39.99,16
000000710756,SHORT JEZZIAN JEANS 209827 46A54 FE,39.99,16
000000710763,SHORT JEZZIAN JEANS 210087 46A54 FE,39.99,16
000000711203,SAIA P.L.A. VISCOLINHO 257 PMG MIDI,39.99,16
000000711210,SAIA P.L.A. PAETE 635 M CURTA,39.99,16
000000712903,VESTIDO AZZEJO VISCOLIN 4001535 AD,39.99,16
000000712934,MACACAO AZZEJO VISCOLIN 7000931 AD,39.99,16
000000714020,CALCA JWZ CREPE B1299 PMG,39.99,16
000000710725,SHORT JEZZIAN JEANS 209702 46A54 FE LEGADO ZZ,39.99,16
000000690386,VESTIDO AZZEJO VISCOLY 4001411 PMGG,39.99,16
000000686686,BLUSA P.L.A RIBANA 07 AD OMBRO A OM,14.99,16
000000691796,CROPPED GOOD BLESS MOL 700 G1G3,14.99,16
000000709316,TOP LIDERY POLI TP505 MGGG POWER,9.99,16
000000670814,CROPPED CDKA MM 152 153 PMGG,9.99,16
000000553827,BLUSA LUMAR CREPE AMARRAC PMG LISA,4.99,16
000000727679,CROPPED KI BELEZA RIBANA DIV AD LEGADO ZZ,14.99,16
000000667043,REGATA SANGOS RIBANA 4794 PMGG NEON,9.99,16
000000620147,LEGGING DISTRIRIO SUPLEX 280 PMGG,19.99,16
000000701679,BLUSA VILA FLOR VISC V889M PMGG,14.99,16
000000531702,TUNICA BOSSI PV 03 PMG MANGA CURTA,9.99,16
000000688895,BERMUDA STYLE LINHO 6487 G1G3,39.99,16
000000607704,VESTIDO DISFRUTI VISCOSE 8067RE PMG LEGADO ZZ,39.99,16
000000368209,REGATA MC JU FLAME 7645 AD STRASS,4.99,16
000000373210,SHORT VOLUCCY TACTEL DIVERSO G1G2G3,4.99,16
000000753067,BERMUDA PHIZALIS SUPLEX 302 PMGGG,14.99,16
000000637008,BLUSA JWZ VISCOSE 16337 PMGG,24.99,16
000000573368,CALCA LUMAR CIRRE PMG FEM,24.99,16
000000618496,CALCA RALALINDA JACQ 93622 PMGG EST,29.99,16
000000432443,BLUSA VITORIA MM 1001 9354 PMGGG,14.99,16
000000745185,REGATA DISFRUTI RIB 311745RE PMGG,14.99,16
000000688840,CROPPED STYLE LINHO 16998 G1G3,29.99,16
000000562447,SAIA LUXE JEANS DIV. 36A44,39.99,16
000000646758,CALCA RECOLLETA JACQU 3000752 PMGG,39.99,16
000000600309,CALCA PLAY DENIM JEANS V18398E 36A4 LEGADO ZZ,39.99,16
000000668071,SHORT VILEJACK LYCRA SH002 AD F LD,19.99,16
000000701716,BLUSA VILA FLOR MALHA V891M PMGG,14.99,16
000000627399,VESTIDO P.L.A. LUREX 555 PMG CURTO,29.99,16
000000541985,BERMUDA PHIZALIS SUPL 300 304 G1G3,9.99,16
000000702911,BERMUDA JEANS.COM JEANS DIV 36A46 F,29.99,16
000000618823,MACAQUINHO DISFRUTI VISC 8194RL PMG LEGADO ZZ,29.99,16
000000676311,CALCA RECOLLETA RIBA 3100445 G1G3 F,49.99,16
000000662796,SHORT MAX DENIM SARJ 9345 JUV BRANC,39.99,16
000000664998,CALCA MAX DEN SARJ 5879 AD BAGGY BR,49.99,16
000000707886,SHORT PHIZALIS SUPLEX 401 PMGGG,9.99,16
000000385916,REGATA DRESS CODE POLI DIV NADAD FE,4.99,16
000000725293,BLUSA TIFA MM DIV ADULTO FEM,9.99,16
000000725392,VESTIDO TIFA MM DIVERSOS AD,9.99,16
000000725408,SAIA TIFA MALHA DIVERSOS ADULTO,9.99,16
000000668842,T-SHIRT COSTAO MM DIV PMGG BASICA,9.99,16
000000624541,CROPPED P.L.A. CREPE 1013 PMG LEGADO ZZ,19.99,16
000000729161,SAIA RECOLLETA P ROMA 5001185 CARGO,39.99,16
000000729000,CROPPED RECOLLETA NEWTWEED 1007454,29.99,16
000000751674,SAIA GARRA JEANS SARJA DIV LD AD,29.99,16
000000751681,SHORT GARRA JEANS SARJA DIV LD AD,29.99,16
000000690126,BLUSA RECOLLETA CREPE 1006550 PMGG,29.99,16
000000713993,CONJUNTO JWZ LINHA 3655 PMG FEM,49.99,16
000000619882,CALCA FOCUS JEANS V181593C 36A46 FE,49.99,16
000000734431,REGATA OLYMPIK POL OBWST24703 FE PR,29.99,16
000000749855,REGATA MALWEE MM 4494 PMGGGXGG FEM,19.99,16
000000749084,CROPPED MALWEE MM 119994 10A16 MC,24.99,16
000000749138,CROPPED MALWEE COTTON 119863 12A18,24.99,16
000000738170,BLUSA GO WEST C48832010B PMGGG ML,29.99,16
000000742627,BLUSA VILA FLOR VISC V1045 PLUS,24.99,16
000000692205,TOP SELENE POLIA 20925002 PMGG S CO,29.99,16
000000707879,SHORT PHIZALIS HELANCA 400 G1AG3,9.99,16
000000649179,BLUSA AZZEJO VISCOSE 1004138 PMGG,24.99,16
000000690294,BLUSA AZZEJO VISCOSE 1004637 PMGG,24.99,16
000000690348,BLUSA AZZEJO VISCOSE 1100210 PMGG,24.99,16
000000689410,CALCA GABY ALFAIATARIA 18174 G1G3 F,49.99,16
000000678995,BLAZER AISHTY POLIE 410339 PMGG FEM,89.99,16
000000644518,BLUSA P.L.A. MM 6 M LEGADO ZZ,24.99,16
000000680974,CALCA LEYPERGIRLS JACKA 179 AD FLAR,49.99,16
000000654135,CALCA LEYPERGIRLS POLIA 08 AD LEGGI,39.99,16
000000688383,CALCA VIZZY JEANS 501395 38A48 FEM,39.99,16
000000634076,CONJUNTO ANNY CREPE 2606 M SHORT,39.99,16
000000635271,REGATA SELENE POLY 20410 AD F S COS,29.99,16
000000757393,SAIA RECOLLETA 5200176 10A16,39.99,16
000000700320,SAIA PLAY DENIM SARJA V182221 36A44,49.99,16
000000678308,CALCA SANGOS RIBANA 5315 PLUS FEM,39.99,16
000000692151,VESTIDO DISFRUT VISC 9460PL G1G3 BO,39.99,16
000000678292,CALCA SANGOS RIBANA DIV PMGG FEM,29.99,16
000000743129,VESTIDO SANGOS CREPE 5478 PMGG MIDI,29.99,16
000000351645,SHORT ABU JEANS SALDO 36A46 LEGADO ZZ,19.99,16
000000741453,SHORT TESOURINHA BRIM 96 PMGGG MASC,19.99,16
000000754798,BLUSA CEREJA ROSA RIBANA 12027 PMGG,19.99,16
000000733465,BLUSA JWZ MODAL 3622 SM GOLA ALTA LEGADO ZZ,29.99,16
000000733380,BLUSA JWZ MODAL 3651 3676 STRASS,29.99,16
000000729086,SAIA RECOLLETA CIRRE 5001189 MIDI,29.99,16
000000700474,SHORT DERICK JEANS 140 46A54 MEIA C,29.99,16
000000686419,REGATA JWZ VISCOSE 16537 G1G3 FEM,29.99,16
000000701167,BODY JOINHA LINHA 320285 PMG MANGA,29.99,16
000000427302,REGATA THATISITS COTTON NADADOR DIV,4.99,16
000000767286,CALCA MOSAICO CROCHE 27070348 PMGG,39.99,16
000000743006,REGATA SANGOS DRY 6204 PMGG FEM,14.99,16
000000725361,SHORT GOOD BLESS MOL 4004 AD FEM LEGADO ZZ,19.99,16
000000713047,VESTIDO AISHTY VISCOLIN 230751 AD L,49.99,16
000000701655,VESTIDO VILA FLOR VISC V236T PMGG,29.99,16
000000767194,BLUSA MOSAICO MALHA 23010200 PMGG,24.99,16
000000767231,CROPPED MOSAICO MALHA 23090197 PMGG,24.99,16
000000738200,REGATA GO WEST C488324 PMGGG FEM,14.99,16
000000754842,VESTIDO CEREJA ROSA CANELADO 85510P,59.99,16
000000742702,MACACAO VILA FLOR VISCOSE V221 PLUS,49.99,16
000000738033,CALCA GO WEST C4883105B PMGGG,19.99,16
000000742573,BLUSA VILA FLOR MALHA V1043 PMGGG,19.99,16
000000323840,BABY LOOK TOP ROCK PV PMGG FLUORESC,9.99,16
000000692304,BLUSA BELLE VISCOLYCRA DIV AD SILK,19.99,16
000000754750,BLUSA CEREJA ROSA VISCOSE 73096 PMG,29.99,16
000000757287,BLUSA RECOLLETA 1103002 G1G2G3,39.99,16
000000757270,BLUSA RECOLLETA 1102804 G1G2G3,39.99,16
000000757454,BERMUDA RECOLLETA 9100564 G1G2G3,39.99,16
000000758635,SHORT ESTILO A TOSCANA 30663 PMGGG,39.99,16
000000700467,CALCA DERICK JEANS 145 46A54 FEM,39.99,16
000000764629,CALCA LIFE DENIM JEANS DIV 38A50 FE,39.99,16
000000729154,VESTIDO RECOLLETA STARDUST 2002674,49.99,16
000000739207,MACACAO VILA FLOR VISCOSE P145T ML,39.99,16
000000724715,MACACAO VILA FLOR VISCOSE V145T ML,39.99,16
000000769792,SHORT CONSCIENCIA SARJA 24305 AD FE,79.99,16
000000751209,BERMUDA BRINCAR ARTE MOL 8625 PMG M,19.99,16
000000731065,CROPPED RECOLLETA P ROMA 1007555,24.99,16
000000754767,BLUSA CEREJA ROSA CANELADA 73106 AD,24.99,16
000000754774,BLUSA CEREJA ROSA MM 73113 PMGGG,24.99,16
000000690218,CROPPED RECOLLETA P.ROMA 1006954 AD,24.99,16
000000692199,TOP SELENE POLIA 24873001 PMGG BOJO,39.99,16
000000729093,CALCA RECOLLETA BELIZE 3001124 PANT,49.99,16
000000757157,VESTIDO RECOLLETA 2101217 G1G2G3,49.99,16
000000705127,VESTIDO JOINHA LINHA 320281 AD MIDI,49.99,16
000000706483,VESTIDO JOINHA LINHA 310203,49.99,16
000000072335,BLUSAS DIVERSAS LEGADO ZZ,4.99,16
000000691727,BABY LOOK SANGOS VISCOLY 9194 AD FE,14.99,16
000000691840,BLUSA SANGOS RIBANA 9245 AD CROPPED,14.99,16
000000509381,VESTIDO MISS FASHION D2040 D1637 AD LEGADO ZZ,29.99,16
000000740159,BLUSA JWZ LINHO 67026 BORDADO MANGA,29.99,16
000000758307,SHORT ANJUU VISCOSE 411720 PMGGG,29.99,16
000000690669,CROPPED GADANI LINHO 5916 PMGG,24.99,16
000000701266,CALCA JOINHA TRICOT 320280 PMG,24.99,16
000000705042,SHORT AISTHY LINHO 410578 AD FE SAI,24.99,16
000000725163,SHORT RHODE JEANS 023 36A44 CARGO F,24.99,16
000000767200,BLUSA MOSAICO RIBANA 23130157 PMGG,14.99,16
000000732093,REGATA ACTVITTA 40001625401 15745 F,39.99,16
000000292320,BERMUDA MALWEE SUPLEX 34890 PMG FEM,24.99,16
000000757348,CROPPED RECOLLETA 1008602 PMGGG,29.99,16
000000757324,BLUSA RECOLLETA 1200643 10A16,29.99,16
000000738040,SHORT GO WEST C488312 PMGGG,14.99,16
000000745246,VESTIDO DIFRUTI VISC 311133RE PMG,29.99,16
000000741880,CROPPED P.L.A. MM AD,19.99,16
000000742948,REGATA P.L.A. VISCOSE AR0616 DIVERS,19.99,16
000000755184,CROPPED MODALOKA CREPE 7988 PMGGG,19.99,16
000000758352,VESTIDO ANJUU VISCOLINHO 410999 PMG,39.99,16
000000729079,SAIA RECOLLETA NEW TWEED 5001181,39.99,16
000000600835,CALCA PEOPLE FLANELA 8001 PMGG FEM,39.99,16
000000650977,MACAQUINHO DISFRUTI VISC 8513RL PMG,39.99,16
000000691888,VESTIDO SANGOS VISCOLY 5374 AD LONG,39.99,16
000000714037,CALCA JWZ CREPE B1302 PMG,39.99,16
000000632010,VESTIDO DISFRUTI RIBANA 8384PL G1G3 LEGADO ZZ,29.99,16
000000700276,CALCA PLAY DENIM JEAN V181847 AD FE,59.99,16
000000732055,SHORT ACTVITTA 40002525401 15745 FE,49.99,16
000000732062,SHORT ACTVITTA 40002525401 81140 FE,49.99,16
000000738132,TOP GO WEST C4883168B G1G2G3,14.99,16
000000700269,CALCA PLAY DENIM SARJ V181960 AD CA,69.99,16
000000757294,BLUSA RECOLLETA 1200670 10A16,29.99,16
000000644617,CALCA P.L.A. LINHAO C21 PMGG ALFAIA LEGADO ZZ,59.99,16
000000749053,BLUSA MALWEE MM 120202 04A08 MC BOX,14.99,16
000000749190,REGATA MALWEE MM 120084 10A18 FEM,14.99,16
000000730884,CALCA MAX DEN JEANS 6135 LYC 48A56,69.99,16
000000714471,CALCA BIOTIPO LYC 29660 36A46 F DES,79.99,16
000000725507,CROPPED GOOD BLESS MOL 6115 PLUS MC,19.99,16
000000754941,BLUSA CEREJA ROSA CANELADA 12030 AD,19.99,16
000000742603,BLUSA VILA FLOR VISC V1015 PLUS,24.99,16
000000618649,TOP RALALINDA POLI 93922 PMGG RECOR,24.99,16
000000758703,BLUSA ROVITEX 6166305 PMGGG,14.99,16
000000758710,BLUSA ROVITEX 6166595 PMGGG,14.99,16
000000758727,BLUSA ROVITEX 6166615 PMGGG,14.99,16
000000758741,REGATA ROVITEX S01283 G1G2G3,14.99,16
000000759076,BLUSA ROVITEX 4105885 PMGGG,14.99,16
000000759083,BLUSA ROVITEX IC02506 G1G2G3,14.99,16
000000765602,BLUSA LABELLA TRICOT V1000 VAZADA,14.99,16
000000653411,BLUSA ELEMENTO ZERO VISCLY 30053 AD,14.99,16
000000620420,BODY P.L.A. RIBANA 18 PMG ZIPER LEGADO ZZ,14.99,16
000000493680,BLUSA SABALA VISCOSE A3072 AD LEGADO ZZ,19.99,16
000000739580,BLUSA M SAPECA VISC 406-401-414-410,19.99,16
000000741101,BLUSA TESOURINHA MM DIVERSAS PMG,19.99,16
000000739597,CROPPED M SAPECA VISCO 405-402 PMG,19.99,16
000000740098,SAIA MAX DENIM JEANS DIV AD LD,24.99,16
000000766371,REGATA JZW ALG 2381 PMGG STRASS,24.99,16
000000726962,VESTIDO AISHTY MOL 8020 PMGG CURTO,24.99,16
000000740111,BLUSA JWZ MM 27007 PEDRARIA FRONTAL,24.99,16
000000741743,CROPPED LABELLA MODAL 1-2-3-5 AD LEGADO ZZ,24.99,16
000000706964,BLUSA JOINHA LINHA 320243 M C LISTA,24.99,16
000000766395,REGATA JZW CREPE 57635 PMGG,29.99,16
000000728959,BLUSA RECOLLETA VISCO 1007631 MC,29.99,16
000000733540,BLUSA AISHTY VISCOSE 410857 PMGGG,29.99,16
000000751735,SHORT AMEI SUPLEX 10134 PMGGG,29.99,16
000000758666,CROPPED ESTILO A LESE 12167 PMGGG,29.99,16
000000679039,BLUSA AISHTY POLIE 410272 PMGG CIGA,29.99,16
000000715386,REGATA JWZ VISCOSE 57612 PMGG FEM,29.99,16
000000729017,SHORT RECOLLETA 9000883 PMGGG FEM,39.99,16
000000758574,SHORT ESTILO A TWILL 30682 PMGGG,39.99,16
000000692663,SHORT ESTRAVASA JEANS DIV 46A54 CU,39.99,16
000000456777,SHORT VILEJACK LYCRA FEM SALDO,39.99,16
000000688826,BLUSA STYLE VISCOLINHO 17028 G1G3,39.99,16
000000715508,SHORT JEZZIAN SARJA 201562 36A44 RO,39.99,16
000000733342,CALCA JWZ MICROFIBRA B1319 CARGO,49.99,16
000000645942,VESTIDO P.L.A. LUREX 13 M AD,49.99,16
000000773041,CALCA JEZZIAN JEANS 216359 AD FEM C,69.99,16
000000760997,CALCA MAX DENIM JEANS 6402 RETA RIS,69.99,16
000000773027,CALCA JEZZIAN JEANS 216181 AD FEM C,69.99,16
000000733519,CALCA JWZ PU 1315 PMGGG,59.99,16
000000754712,VESTIDO CEREJA ROSA 73152 CANELADO,59.99,16
000000681995,CALCA MAX DENIN JEAN 5981 AD WED PR,69.99,16
000000730785,CALCA MAX DEN. JEANS 6261 FLARE PT,69.99,16
000000730853,CALCA MAX DEN JEANS 6279 BOLSO FACA,69.99,16
000000692724,CALCA MAX DEN SARJA 6026 36A46 WIDE,59.99,16
000000708517,CALCA MAX DEN SARJA 6168 AD WIDE LE LEGADO ZZ,59.99,16
000000692731,CALCA MAX DEN SARJA 6031 36A46 BAGG,59.99,16
000000708586,CALCA MAX DEN SARJA 6275 AD FLARE,59.99,16
000000757331,CROPPED RECOLLETA 1008274 PMGGG,29.99,16
000000745277,CALCA DIFRUTI MALHA 311191RL PMG,39.99,16
000000754736,BLUSA CEREJA ROSA VISC LINHO 73103,39.99,16
000000754835,BLUSA CEREJA ROSA VISC TRAB 85496 P,39.99,16
000000618625,TOP RALALINDA POLI 93022 PMGG DETAL,24.99,16
000000749237,CONJUNTO MALWEE MOL 120389 PMG MASC,19.99,16
000000685252,VESTIDO VILA FLOR VISC V218T AD LON,49.99,16
000000754897,BLUSA CEREJA ROSA RIBANA 12040 PLUS,24.99,16
000000686877,CALCA BIOTIPO LYC 29087 48A56 FEM,79.99,16
000000754781,BLUSA CEREJA ROSA COTTON 12020 PMGG,14.99,16
000000749923,REGATA MALWEE RIBANA 68850 PMGGGXGG,24.99,16
000000772167,CALCA MISMI JEANS DIVERSAS AD FEM,69.99,16
000000714556,CALCA BIOTIPO LYC 29908 36A46 F FLA,69.99,16
000000714518,CALCA BIOTIPO LYC 29048 42A50 F ALT LEGADO ZZ,69.99,16
000000692182,CALCA DISFRUT DUNA 9871 3336RL AD F,19.99,16
000000754873,BLUSA CEREJA ROSA MM 85504 PLUS,29.99,16
000000738064,TOP AZA C4883053A PMGGG,9.99,16
000000742955,REGATA P.L.A. VISCLYCRA AR1195 PMGG,9.99,16
000000742993,BLUSA SANGOS DRY 6236 PLUS FLUORESC,19.99,16
000000618533,SHORT RALALINDA JACQUARD 95722 PMGG,24.99,16
000000416726,CALCA VILEJACK JEANS FEM SALDO,49.99,16
000000713085,CALCA AISHTY POLIESTER 410430 PMGG,49.99,16
000000650168,SHORT VILA FLOR MALHA V564M PMGG,19.99,16
000000738101,TOP GO WEST C488311 PMGGG,19.99,16
000000749060,BLUSA MALWEE MM 120202 10A16 MC BOX,19.99,16
000000749220,CONJUNTO MALWEE MOL 120386 PMG MASC,19.99,16
000000720151,CALCA AMANDA FLANELA 00097 AD RETA,19.99,16
000000720168,CALCA AMANDA FLANELA 00096 AD JOGGE,19.99,16
000000663120,VESTIDO VILA FLOR VISC V589T G1G3,49.99,16
000000733304,BERMUDA OPTIMIST LYCRA DIV 36A46 FE,39.99,16
000000769778,SHORT CONSCIENCIA JEANS 24297 AD FE,79.99,16
000000769785,SHORT CONSCIENCIA JEANS 24360 AD FE,79.99,16
000000685214,BLUSA VILA FOR VISCOSE V560T PMGG,24.99,16
000000311120,BLUSA MALWEE 37318 PMGGG FEM LEGADO ZZ,19.99,16
000000761857,CALCA MAX DEN JEANS 11872 PLUS CARG,69.99,16
000000686839,CALCA BIOTIPO LYC 29591 36A46 FEM,69.99,16
000000736381,SHORT KARVALHOS JEANS 36A44 FEM,19.99,16
000000695534,TOP ZEERUCCI POLY 401047 G1G3,59.99,16
000000734493,BERMUDA OLYMPIK POL OBWWT24807 F MA,49.99,16
000000751223,BERMUDA BRINCAR ARTE MOL 8655 1A3 M,19.99,16
000000748803,BLUSA LABELLA MODAL 281 MC,29.99,16
000000693752,BLUSA YELLOW PINK CREPE 2645 MGG,29.99,16
000000732130,LEGGING ACTVITTA 40003125395 15745,79.99,16
000000618465,CORSARIO RALALINDA POLI 92722 PMGG,24.99,16
000000751230,BERMUDA BRINCAR ARTE MOL 8687 04A10,24.99,16
000000754859,SHORT CEREJA ROSA SARJA 85525 PLUS,39.99,16
000000690027,BLUSA GABY CREPE 10232 PMGG BABADO,39.99,16
000000769730,CALCA CONSCIENCIA JEANS 23001 AD FE,129.99,16
000000704045,BLUSA MALWEE MM 47373 PMGG GOLA V,19.99,16
000000755023,BLUSA CEREJA ROSA COTTON 12041 PLUS,24.99,16
000000739566,BLUSA M SAPECA ALG 512-515-511 PMG,24.99,16
000000739573,BLUSA M SAPECA FIO TORCIDO 2036 PMG,24.99,16
000000751858,TOP AMEI SUPLEX 30134 PMGGG,24.99,16
000000758321,CALCA ANJUU POLI 411495 PMGGG CARGO,49.99,16
000000731096,CALCA RECOLLETA P ROMA 3001147 PMGG,49.99,16
000000729109,CALCA RECOLLETA P ROMA 3001170,49.99,16
000000729130,CALCA RECOLLETA PIED 3001096,49.99,16
000000731126,VESTIDO RECOLLETA AFRODITE 2002643,49.99,16
000000733366,SHORT JWZ T173 CREPE FEM,49.99,16
000000693776,CALCA YELLOW PINK CREPE 2676 MGG,49.99,16
000000654142,CALCA LEYPERGIRLS POLIA 24 AD MONTA,49.99,16
000000654159,CALCA LEYPERGIRLS POLIA 100 AD LEGG,49.99,16
000000698641,CALCA SCANNER JEANS SFCJ00 36A46 FE,49.99,16
000000742597,BLUSA VILA FLOR VISC V1049 PLUS,24.99,16
000000732086,SHORT ACTVITTA 40002125395 15745 FE,59.99,16
000000732109,BLUSA ACTVITTA 40001225400 53252 F,59.99,16
000000707961,SHORT PHIZALIS CIRRE 403 PMGGG,19.99,16
000000712965,REGATA AISHTY MALHA 210146 PMGG,9.99,16
000000706513,BLUSA JOINHA LINHA 226003,9.99,16
000000741149,CROPPED TESOURINHA MM DIVERSOS PMG,19.99,16
000000699105,SHORT ALIR VIS 210536 214217 210440,19.99,16
000000724371,SHORT WE RE TACTEL W3 FEM AD,19.99,16
000000724388,SHORT WE RE TACTEL T20 FEM AD,19.99,16
000000724395,SHORT WE RE TACTEL O15 FEM AD,19.99,16
000000724401,SHORT WE RE TACTEL U21 FEM AD,19.99,16
000000724418,SHORT WE RE TACTEL Z28 FEM AD,19.99,16
000000724432,SHORT WE RE TACTEL B12 FEM AD,19.99,16
000000699099,SHORT WE RE VISCOSE 210536S19 AD FE,19.99,16
000000654487,SHORT CAZZIBE CREP 4002099 AD PREGA,19.99,16
000000620413,T SHIRT P.L.A. MM 80 PMG SILK PEDRA LEGADO ZZ,19.99,16
000000749916,BLUSA MALWEE RIBANA 114191 PMGGGXG,24.99,16
000000631976,BLUSA DISFRUTI SUEDE 7108PL G1G3,29.99,16
000000740173,SHORT JWZ CREPE 28017 CINTO,39.99,16
000000751742,LEGGING AMEI SUPLEX 40134 PMGGG,39.99,16
000000751759,LEGGING AMEI SUPLEX 40159 PMGGG,39.99,16
000000751773,LEGGING AMEI SUPLEX 40155 PMGGG,39.99,16
000000758611,SHORT ESTILO A LESE30681 PMGGG,39.99,16
000000733373,CAMISETE JWZ VISCOLINHO 16663 BORD,39.99,16
000000733441,CAMISETE JWZ VISCOLINHO 16662 ML,39.99,16
000000733458,CAMISETE JWZ VISCOLYCRA 96093 ML,39.99,16
000000733489,CAMISETE JWZ ALG 96097 ML COLLOR,39.99,16
000000713108,CALCA AISHTY VISCOSE 410523 PMGG LEGADO ZZ,39.99,16
000000690676,BLUSA GADANI CREPE 5941 PMGG,39.99,16
000000701143,VESTIDO JOINHA LINHA 310197 PMG MID,39.99,16
000000733526,VESTIDO AISHTY POLI 410845 PMGGG,59.99,16
000000699075,CALCA WE RE LINHO 210433 AD ALFAI M,59.99,16
000000714464,CALCA BIOTIPO LYC 29257 36A46 F COS LEGADO ZZ,79.99,16
000000714495,CALCA BIOTIPO LYC 29758 36A46 F PUI,79.99,16
000000714525,CALCA BIOTIPO LYC 28991 42A50 F ALT,79.99,16
000000649919,VESTIDO VILA FLOR VISC V555T G1G3,39.99,16
000000737814,SHORT ACTVITTA 40002425401 81140 FE,49.99,16
000000732079,SHORT ACTVITTA 40002425401 15745 FE,49.99,16
000000738156,BLUSA GO WEST C4883189B PMGGG ML,19.99,16
000000749046,BLUSA MALWEE MM BOTONE 120448 04A08,19.99,16
000000749077,CROPPED MALWEE MM 119994 04A08 MC,19.99,16
000000758864,BLUSA ROVITEX E14904 PMGGG,19.99,16
000000676113,VESTIDO INSIGNE TEXFIO MM DIV PMGG,19.99,16
000000758833,CROPPED ROVITEX E14907 PMGGG,19.99,16
000000758857,BLUSA ROVITEX E14832 PMGGG,19.99,16
000000758338,CALCA ANJUU VISCOLINHO 411152 CARGO,69.99,16
000000476829,VESTIDO MOONCITY VISCO 230169 PMGG LEGADO ZZ,39.99,16
000000691307,SHORT MORENA M JEAN 231 150200 AD F,49.99,16
000000693790,SHORT LUXE JEANS 6280 36A44 DESFIAD,49.99,16
000000682985,CALCA DYJORIS JEANS DJ40169 36A48 F,49.99,16
000000754743,BLUSA CEREJA ROSA JACQUARD 73085 AD,39.99,16
000000701662,BLUSA VILA FLOR VISC V888M PMGG,19.99,16
000000758284,SHORT ANJUU POLI 411496 PMGGG,14.99,16
000000744041,BLUSA GERACAO TOP DIV CEREJA LEGADO ZZ,14.99,16
000000770927,BLUSA LABELLA TRICOT V1032 LEGADO ZZ,29.99,16
000000766296,BLUSA JZW ALG 27009 PMGG STRASS,29.99,16
000000733427,BLUSA JWZ ALG 2362 MC STRAS COLORID,29.99,16
000000733434,BLUSA JWZ ALG 26318 3 4 STRAS COLOR,29.99,16
000000739405,CALCA MAX DENIM JEANS LD FEM AD,29.99,16
000000739542,BLUSA M SAPECA FIO TORC 5107-5052 P LEGADO ZZ,29.99,16
000000740104,BLUSA JWZ MM 2357 MANGA BORDADA LEGADO ZZ,29.99,16
000000678957,CAMISETE AISHTY POLIE 210675 ML AD,29.99,16
000000739559,CROPPED SAPECA FIO TORCIDO 5106 PLU,29.99,16
000000740135,BLUSA JWZ MM 27016 BORDADO MANGA,29.99,16
000000740166,CROPPED JWZ MM 2340 PEROLA FRONTAL,29.99,16
000000693714,BLUSA YELLOW PINK CREPE 2494 MGG,29.99,16
000000710237,BLUSA JZW MODAL 2311 2310 STRASS,29.99,16
000000742634,BLUSA VILA FLOR VISC V1048 PLUS,24.99,16
000000729123,CALCA RECOLLETA 3001121 CARGO PANTA,59.99,16
000000179980,BATA MC JU 1563 PMGGG,14.99,16
000000319942,BABY LOOK MALWEE MALHA 39046 PMG F,19.99,16
000000742566,BLUSA VILA FLOR VISC V1041 PMGGG,24.99,16
000000757225,BLUSA RECOLLETA 1008428 PMGGG,39.99,16
000000764636,SHORT LIFE DENIM JEANS DIV 38A50 FE,39.99,16
000000766364,BLUSA JZW CANELADO 2377 PMGG LISTRA,24.99,16
000000754729,BLUSA CEREJA ROSA 73093 MM PMGGG,24.99,16
000000692137,VESTIDO DISFRUTI DUNA 9936RL AD LON,24.99,16
000000672078,SHORT JWZ VISC B1276 1296 1297 CINT,24.99,16
000000751711,SHORT AMEI SUPLEX 10035 PMGGG SOBRE,49.99,16
000000758345,CALCA ANJUU VISCOSE 411115 PMGGG PA,49.99,16
000000758567,SHORT ESTILO A MARANT 30666 PMGGG,49.99,16
000000738279,BERMUDA VILEJ JEANS FEM 36A48 SALDO,49.99,16
000000715577,BERMUDA JEZZIAN SARJA 207536 46A54,49.99,16
000000751186,CROPPED BRINCAR ARTE MM 8861 10A16,24.99,16
000000620116,BERMUDA DISTRIRIO SUPLEX 278 PMGG,19.99,16
000000757485,CALCA VIZZY JEANS 72195 48A56 FEM,59.99,16
000000688833,REGATA STYLE CREPE 17006 G1G3,39.99,16
000000560900,LEGGING PHIZALIS SUPLEX 100 G1G3,19.99,16
000000678582,CAMISETE VILE FLANE DVFFEL001 AD FE,39.99,16
000000742504,MACAQUINHO VILA FLOR VISC V1006 PMG,39.99,16
000000769754,CALCA CONSCIENCIA SARJA 23738 AD FE,119.99,16
000000738095,TOP GO WEST C4883095A PMGGG,19.99,16
000000610940,BERMUDA AMPLIATO SUPLEX 52401L PMGG,14.99,16
000000437905,SHORT ONLY JEANS 36A44,4.99,16
000000610995,SHORT AMPLIATO SUPLEX 51501L PMGG,4.99,16
000000505185,CALCA BIOTIPO LYCRA 22006 FEM AD,14.99,16
000000398862,BLUSA BK2 POLIAMIDA DIV FITNESS FEM LEGADO ZZ,4.99,16
000000753036,BERMUDA PHIZALIS SUPLEX 301 G1AG3,14.99,16
000000741446,SHORT TESOURINHA ALFAIATARIA 96 PMG LEGADO ZZ,19.99,16
000000690928,SHORT ESTILO LESE 30513 PMG,39.99,16
000000733533,BLUSA AISHTY POLI 410873 PMGGG,39.99,16
000000740180,SHORT JWZ CREPE 85005 BOLSO FACA CI,39.99,16
000000754866,BLUSA CEREJA ROSA VISCOSE 85487 PLU,39.99,16
000000758970,VESTIDO ROVITEX 6168455 PMGGG MIDI,39.99,16
000000758994,CALCA ROVITEX 6196015 PMGGG PANTALO,39.99,16
000000766357,BLUSA JZW VISCOLINHO 8001 PMGG BORD,39.99,16
000000744355,SHORT JEANS.COM SARJA DIV 36A46,39.99,16
000000700443,CALCA DERICK JEANS 002 36A44 FEM PR,39.99,16
000000715522,SHORT JEZZIAN JEANS 212059 36A44 BV LEGADO ZZ,39.99,16
000000688963,COLETE STYLE LINHO 00140 PMGG FEM,39.99,16
000000693783,SHORT YELLOW PINK CREPE 2388 MGG,39.99,16
000000715546,SHORT JEZZIAN JEANS 209867 36A44 PR,39.99,16
000000754804,VESTIDO CEREJA ROSA CANELADO 12035,49.99,16
000000758314,CALCA ANJUU POLI 410574 PMGGG,49.99,16
000000757492,CALCA VIZZY JEANS 502084 FEM,49.99,16
000000738286,CALCA VILEJACK JEANS FEM 48A54 SALD,69.99,16
000000769747,CALCA CONSCIENCIA JEANS 24215 AD FE,99.99,16
000000770996,VESTIDO LABELLA TRICOT V1051 LONGO LEGADO ZZ,99.99,16
000000692236,LEGGING SELENE POLIA 24874001 PMGG,79.99,16
000000756921,CALCA VILEJACK SARJA DIV 36A50 BR F,49.99,16
000000749244,CONJUNTO MALWEE MOL 120502 01A03 MA,29.99,16
000000757263,BLUSA RECOLLETA 1102850 G1G2G3,39.99,16
000000754378,CALCA JEANS.COM JCF0759 38A46 WIDE,69.99,16
000000730792,CALCA MAX DEN. JEANS 6219 WIDE PRET,69.99,16
000000730761,CALCA MAX DEN. SARJA 5995 FEM,69.99,16
000000730778,CALCA MAX DEN. JEANS 6256 FLARE FRI,69.99,16
000000730839,CALCA MAX DEN JEANS 6226 BAGGY ELAS,69.99,16
000000730808,CALCA MAX DEN. SARJA 6222 WIDE VERD,69.99,16
000000730815,CALCA MAX DEN JEANS 6224 CARGO PRET,69.99,16
000000730822,CALCA MAX DEN SARJA 6215 CARGO TERR,69.99,16
000000730846,CALCA MAX DEN JEANS 6216 CROOPED RE,69.99,16
000000730877,CALCA MAX DEN SARJA 6269 CASUAL CAQ,69.99,16
000000733311,BERMUDA OPTIMIST LYCRA DIV 46A54 FE,49.99,16
000000749022,BLUSA MALWEE MM 120447 04A08 SM,14.99,16
000000718929,VESTIDO JOINHA LINHA 310106 BICOLOR,39.99,16
000000751698,CALCA GARRA JEANS SARJA DIV LD AD F,39.99,16
000000749251,CONJUNTO MALWEE MM 120522 01A03 MAS,39.99,16
000000749268,CONJUNTO MALWEE MM 120610 01A03 MAS,39.99,16
000000754811,VESTIDO CEREJA ROSA CANELADO 12034,39.99,16
000000742962,BLUSA P.L.A. ALG AR1659 UNICO LEGADO ZZ,14.99,16
000000739733,CROPPED TEXFIO RIBANA DIV PLUS,14.99,16
000000725064,CALCA LEYPERGIRLS POLIA 1711 MGG,59.99,16
000000725477,VESTIDO GOOD BLESS MOL 4007 AD CPZ,29.99,16
000000749879,CAMISA MALWEE PIQUET 4505 POLO PMGG,39.99,16
000000749817,BLUSA MALWEE MM 87841 G1AG5,29.99,16
000000682961,CALCA DYJORIS SARJ 40171-195 PRET F,59.99,16
000000740128,BLUSA JWZ MM 2345 PMGG PEROLA FRONT,39.99,16
000000757508,CALCA VIZZY JEANS 502085-6 FEM,49.99,16
000000725040,CALCA LEYPERGI JACQUAR 169 MGG FLAR,59.99,16
000000725057,CALCA LEYPERGIR CIRRE 229 MGG MONTA,59.99,16
000000680967,CALCA LEYPERGIRLS BANDAG 60 AD FLAR,59.99,16
000000725033,CALCA LEYPERGIR JACQUAR 79 MGG FLAR,59.99,16
000000725828,CAMISETA SELENE POL 24010 JUV UV ML,39.99,16
000000031783,BLUSA 1 DENIER FEM M C,4.99,16
000000725071,CALCA LEYPERGIRLS CREPE 112 MGG,59.99,16
000000725156,CALCA LEYPERGIR JACQUAR 39 MGG FLAR,59.99,16
000000359740,CALCA BIOTIPO LYCRA 9110 36A44 FEM,4.99,16
000000325158,BLUSA LUNENDER MALHA 41963 PMG PLUS,4.99,16
000000408769,SHORT SAIA Q ESTILO 1033020 JEANS F,4.99,16
000000426107,CALCA VEIGA AUTOMAN PMGGG,4.99,16
000000427869,SAIA LULI CREPE 386739 PMG ESTAMPAD,4.99,16
000000466721,BLUSA BACCI VISCOLY 1775 PMGG,4.99,16
000000638104,BERMUDA VILEJACK LYCR BE001 AD F LD,29.99,16
000000140478,BLUSA DONNA C SILK 206 205 213 214,4.99,16
000000792875,CONJUNTO JZW ALFA T182 AD BLAZ SHOR LEGADO ZZ,249.99,16
000000782890,CALCA CONSCIEN JEANS 23990 WID BRIL,179.99,16
000000794428,CALCA CONSCIENC JEANS 24654 AD VINT,179.99,16
000000782913,CALCA CONSCIEN JEANS 23840 AD BORDA LEGADO ZZ,149.99,16
000000792080,CONJUNTO LABELA LINH 275 SAIA FRANJ LEGADO ZZ,129.99,16
000000793650,CONJUNTO JZW VISCOLINHO 85030 AD FE LEGADO ZZ,129.99,16
000000810654,CONJUNTO LABELLA TRICOT 806 PMG LON Sortida P,129.99,16
000000796682,SHORT MSN LINHO 5232047 PLUS,99.99,16
000000787109,CALCA IDHOK ALG 5112141 PMGG FEM,129.99,16
000000792486,CALCA SUZAN ZHENG POLIE YGZJ227Y FE,129.99,16
000000797979,CALCA CONSCIEN JEANS 24726 WID CINZ,129.99,16
000000792882,BLAZER JZW ALFAIA 271 PMGG FEM LEGADO ZZ,99.99,16
000000796675,CALCA MSN ALFAIAT 5232078 PLUS,99.99,16
000000797191,SHORT MSN LINHO 5212059 PMGG,99.99,16
000000813549,CALCA CONSCIENCIA LINHO 00201 FEM,129.99,16
000000813570,CALCA CONSCIENCIA JEANS 00101 CINZA,129.99,16
000000794411,CALCA CONSCIENC JEANS 28000 AD ESCURA LEGADO Legado,129.99,16
000000797146,VESTIDO MSN TULE 5212114 AD OMBRO,99.99,16
000000815017,CALCA CONSCIENCIA JEANS 00201 VINTA,129.99,16
000000745161,CALCA HASTY ELAST JK1093 AD FEM RET,99.99,16
000000769761,CALCA CONSCIENCIA SARJA 24304 AD FE,129.99,16
000000782883,CALCA CONSCIEN JEANS 29000 WID VINT,129.99,16
000000782906,CALCA CONSCIEN JEANS 24409 AD RETA,129.99,16
000000782920,CAMISA CONSCIEN JEANS 24303 AD TERR,129.99,16
000000784214,CALCA CONSCIEN JEANS 24414 AD WIDE,129.99,16
000000787062,SHORT IDHOK MALHA 5132077 PLUS FEM,99.99,16
000000787079,CALCA IDHOK ALG 5132059 PLUS FEM,99.99,16
000000792660,MACAQUINHO P.L.A. CREPE AD FLOR,99.99,16
000000792691,CONJUNTO P.L.A CREPE AD VESTIDO BAT,99.99,16
000000796729,CALCA MSN MALHA 5232018 PLUS FE,99.99,16
000000810593,SAIA LABELLA TRICOT 807 PMG LONGA Sortida P,99.99,16
000000810661,CONJUNTO LABELLA TRICOT 807 PMG CUR Sortida P,99.99,16
000000817912,CALCA VIDE BULA JEANS DIVERSAS FEM Sortida P,129.99,16
000000765732,VESTIDO LABELLA TRICOT V1007 BABADO,99.99,16
000000784153,VESTIDO JZW VISCOSE D36 PMGG FEM,99.99,16
000000784283,CAMISA ROVITEX LINHO E15516 PMGG FE,99.99,16
000000787093,CALCA IDHOK ALG 5112014 PMGG FEM,99.99,16
000000796699,CROPPED CASUAL MAXSHOP LEGADO LEGADO,89.99,16
000000816205,VESTIDO JZW CREPE 062 PMGGG ALCA LEGADO P,79.99,16
000000692250,LEGGING SELENE POLIA PMGG,99.99,16
000000692755,CALCA MAX DEN JEA 5985 6633 6632 PL,99.99,16
000000748810,VESTIDO LABELLA LINHA 110 CIGANINHA Sortida P,79.99,16
000000782838,SHORT CONSCIENCIA JEANS 24439 AD FE LEGADO ZZ,99.99,16
000000782845,SHORT CONSCIENCIA JEANS 70101 AD FE,99.99,16
000000785099,CAMISETE MX72 JEANS 23073 FEM AD ML,79.99,16
000000786997,VESTIDO IDHOK TULE 5112075 PMGG,79.99,16
000000787000,VESTIDO IDHOK TULE 5112072 PMGG,99.99,16
000000791816,LEGGING ZEERUCCI POLIAM 601081 PMGG,99.99,16
000000792851,CALCA JZW ALFAIATARIA 28061 PMGG,79.9,16
000000794787,BERMUDA SECRET LINHO S01767 G1G4 FE,99.99,16
000000796439,CONJUNTO VILA FLOR VISCO V1004 PMGG,79.99,16
000000813594,SHORT CONSCIENC JEANS 24956 36A44,99.99,16
000000813600,SHORT CONSCIENC JEANS 00233 AD CLAR,99.99,16
000000813648,SHORT CONSCIENC JEANS 00233 VINTAG,99.99,16
000000733359,CALCA JWZ B1291 SARJA FEM,79.99,16
000000745079,BLUSA HASTY LINHO ES199 AD FEM BOT LEGADO ZZ,79.99,16
000000760973,CALCA MAX DENIM BRIM 6408 W LEG OFF,79.99,16
000000760980,CALCA MAX DENIM JEANS 6413 MOM CROP,79.99,16
000000761000,CALCA MAX DENIM JEANS 6418 FLARE,79.99,16
000000761871,CALCA MAX DEN JEANS 11600 48A56 PR,99.99,16
000000796293,MACACAO/JARDINEIRA LONGO MAXSHOP LEGADO P,79.99,16
000000799881,CALCA JZW ALFAI 1369 PMGGG PANT FEM,79.99,16
000000816212,MACAQUINHO JZW CREPE 88031 PMGGG AD LEGADO P,79.99,16
000000783699,CAMISA ANJUU ALG 410715 PMGG XADREX LEGADO ZZ,79.99,16
000000792868,CALCA JZW SARJA 28062 PMGG LEGADO ZZ,79.99,16
000000640251,CALCA MAX DENIN LYCR 6813 7041 AD F CINTA LEGADO P,79.99,16
000000745123,SHORT HASTY JK1100 AD FEM ALFAIATAR LEGADO ZZ,79.99,16
000000782203,SHORT MAX DENIM JEANS 6647 50A56 FE,79.99,16
000000785051,CROPPED CAMISA MX72 ALG 25032 ML FE,79.99,16
000000793285,CALCA ROVITEX VISC 619634 PMGG PANT,69.99,16
000000793421,CONJUNTO ROVITEX MOL 617268 PMGG,79.99,16
000000793858,SAIA ENDLESS TRICOT E15432 PMGG,69.99,16
000000794824,SHORT SAIA SECRET ALFAI S01773 G1G4,79.99,16
000000795029,CALCA SECRET ALFAI S01766 G1G4 PANT LEGADO ZZ,79.99,16
000000792813,SAIA JZW PU 1365 PMGG CARGO LEGADO ZZ,69.99,16
000000745116,SHORT HASTY LINHO JK1038 AD FEM BOT,99.99,16
000000793995,BERMUDA ENDLESS ALFAIAT E15583 PMGG,69.99,16
000000760911,SAIA MAX DENIM JEANS 6539 SEC CINTO,69.99,16
000000760928,SAIA MAX DENIM JEANS 6469 LONGA,69.99,16
000000782227,SAIA MAX DENIM SARJA 6642 AD CURTA LEGADO ZZ,69.99,16
000000782241,SAIA MAX DENIM JEANS 6639 AD MIDI,69.99,16
000000792479,BLUSA SUZAN ZHENG VISC FY2083A AD F,69.99,16
000000792820,SHORT JZW SARJA 1322 28066 PMGG,59.99,16
000000793230,VESTIDO ROVITEX VISC 617233 PMGG LEGADO ZZ,59.99,16
000000793377,VESTIDO ROVITEX COTT 617208 PMGG,59.99,16
000000794909,SHORT SECRET MOLETINHO S01796 G1G4 LEGADO ZZ,69.99,16
000000796255,VESTIDO VILA FLOR VISC V1216 PMGG,69.99,16
000000796965,CROPPED SEM BOJO MAXSHOP LEGADO P,49.99,16
000000796989,COLETE MSN ALFAIA 5212088 PMGG,69.99,16
000000816137,CALCA JZW CREPE 1379 PMGGG PANTALON LEGADO 62,59.99,16
000000792844,CALCA JZW ALFAIATARIA 1350 PMGG LEGADO ZZ,59.99,16
000000757188,VESTIDO RECOLLETA 2002963 PMGGG  LEGADO P,69.99,16
000000800044,CALCA MODALOKA PLISSADA 8525 PMGG Sortida P,69.99,16
000000748728,VESTIDO LABELLA CANELADO 38 MULA MA,59.99,16
000000755450,MACAQUINHO MODALOKA CREPE 0597 G1G3,69.99,16
000000765695,VESTIDO LABELLA TRICOT V1026 LISTA,59.99,16
000000765749,VESTIDO LABELLA TRICOT V1011 NUVEM,59.99,16
000000784238,CALCA ROVITEX PONTO ROM E15441 PMGG,49.99,16
000000787055,SHORT IDHOK MALHA 5112016 AD SAIA,59.99,16
000000792738,CAMISETE JZW SEDA 96168 PMGG ML,49.99,16
000000793414,CALCA ROVITEX VISC 617295 PMGG,59.99,16
000000793803,T SHIRT ENDLESS MM E15643 PMGG FEM,59.99,16
000000793902,VESTIDO ENDLESS RIB E15690 PMGG,59.99,16
000000794855,SHORT SECRET VISCO S01808 G1G4,59.99,16
000000795715,CALCA ELCHAI GABARD 1130 38A50 VERD,69.99,16
000000796651,BLUSA CASUAL MAXSHOP LEGADO LEGADO,59.99,16
000000796705,CROPPED MSN MALHA 5232006 PLUS,59.99,16
000000797115,BODY MSN POLIAM 5212008 PMGG ALCA,59.99,16
000000797177,SHORT MSN MALHA 5212027 PMGG,59.99,16
000000799874,CAMISETE JZW VISC 85028 PMGGG ML,59.99,16
000000816168,CALCA JZW CREPE 13004 PMGGG PANTACU LEGADO P,59.99,16
000000751780,LEGGING AMEI SUPLEX 40181 PMGGG,59.99,16
000000797306,REGATA MALWEE RIBANA 132864 G1AG4 F,59.99,16
000000712378,MACACAO RECOLLETA CREPE 8100190 G1 LEGADO ZZ,79.99,16
000000770200,SHORT JWZ ALFAIATA 16683 PMGG CINTO LEGADO ZZ,49.99,16
000000817639,VESTIDO MODALOKA COTTON 8518 PMGG Sortida P,59.99,16
000000817646,VESTIDO MODALOKA COTTON 8524 PMGG Sortida P,59.99,16
000000700450,CALCA DERICK JEANS 108 36A44 FEM LEGADO ZZ,49.99,16
000000725026,CALCA DYJORIS JEANS AD FEM SALDO,59.99,16
000000745093,CAMISA HASTY LINHO JK1119 AD FEM MC,59.99,16
000000748773,VESTIDO LABELLA MODAL 877 MC  DECOT,79.99,16
000000758642,VESTIDO ESTILO A LESE 51026 PMGGG LEGADO ZZ,69.99,16
000000765794,BLUSA LABELLA TRICOT V1023 PLUS SRA,59.99,16
000000772419,SHORT JZW ALFAIATARIA 28056 CINTO,49.99,16
000000773843,BLUSA MALWEE MM 128685 G1G5 LISTRAS LEGADO ZZ,49.99,16
000000782975,SAIA ROVITEX VISC E15354 AD FEM AMA,49.99,16
000000787017,CROPPED IDHOK MALHA 5112066 PMGG,49.99,16
000000787048,REGATA IDHOK MM 5132000 PLUS FEM,49.99,16
000000787147,VESTIDO DISFRUTI VISC 313350PE PLUS LEGADO ZZ,49.99,16
000000792837,SHORT JZW ALFAIATARIA 16751 PMGG,49.99,16
000000794800,CAMISA SECRET VISCO S01786 G1G4 FEM,59.99,16
000000795685,SHORT SAIA MODALOKA MM 8257 PMGGG Sortida P,49.99,16
000000799249,CONJUNTO SANGOS RIBANA 5563 PMGG AD,59.99,16
000000799843,BLUSA JZW CREP 96185 PLUS FEM,49.99,16
000000799850,BLUSA JZW CREP 96183 PMGGG FEM,49.99,16
000000799867,CAMISETE JZW CREP 96181 PMGGG MC,49.99,16
000000799959,BLUSA JZW MALHA 27093 PMGG BORDADA,49.99,16
000000816106,BLUSA JZW CREPE 57657 PMGG BOTAO LEGADO P,49.99,16
000000816113,BLUSA JZW CREPE 67507 PMGG BOTAO LEGADO P,49.99,16
000000792721,CAMISETE JZW CETIM 96166 PMGG ML LEGADO ZZ,49.99,16
000000795722,CROPPED MODALOKA MM 8592 PMGGG Sortida P,59.99,16
000000793889,SAIA ENDLESS VISC E15647 PMGG,49.99,16
000000784078,SAIA MODA LOKA 8208 PMGG FEM RENDA Sortida P,49.99,16
000000638852,LEGGING ZEERUCCI POLY 601013 MG MOD LEGADO ZZ,59.99,16
000000705875,BERMUDA SELENE POLIA 20920 PMGG,49.99,16
000000755436,VESTIDO MODALOKA PLISSADO 7801 PMGG,59.99,16
000000772358,CROPPED CAMISA JZW POLIESTER 96133,49.99,16
000000772365,CROPPED CAMISA JZW 96159 VISCOSE,49.99,16
000000784139,CROPPED CAMISA JZW POL 85023 PMGG F,49.99,16
000000792608,BODY P.L.A. SUPLEX DIV AD FEM,49.99,16
000000792707,BATA BOHO P.L.A. CREPE TUNICA AD,49.99,16
000000793834,BLUSA ENDLESS TRICOT E15326 PMGG,39.99,16
000000793919,T SHIRT ENDLESS VISC E15672 PMGG,49.99,16
000000793957,CALCA P.L.A. VISC AD. FEM PANT ONCA,49.99,16
000000794831,BLUSA SECRET VISCOSE S01811 G1G4 LEGADO ZZ,49.99,16
000000794923,BLUSA SECRET RIBANA S01823 G1G4 LEGADO ZZ,49.99,16
000000794947,VESTIDO SECRET RIBANA SB01521 G1G4,49.99,16
000000797054,BLUSA MSN ALFAIA 5212078 PMGG SM,49.99,16
000000797108,CROPPED MSN POLIAM 5212009 PMGG,39.99,16
000000797290,REGATA MALWEE VISCO 129731 G1AG5 FE,49.99,16
000000799911,VESTIDO SANGOS RIBAN 5561 PMGGG Sortida P,49.99,16
000000799935,REGATA JZW VISCOSE 96172 PMGG BORDA,49.99,16
000000799966,LEGGING AMEI SUPLEX DIVERSAS,49.99,16
000000816151,BERMUDA JZW CREPE 13007 PMGGG FEM LEGADO P,39.99,16
000000766258,BLUSA JZW ALG 7023 PLUS CEREJA LEGADO ZZ,39.99,16
000000792714,CAMISETE JZW TRICOL 16729 AD SM CRO LEGADO ZZ,39.99,16
000000792752,BLUSA JZW TRICOL 16726 PMGG SM FEM LEGADO ZZ,39.99,16
000000817585,REGATA MODALOKA ALFAIA 8256 PMGG Sortida P,49.99,16
000000817653,SAIA MODALOKA ALFAIA 8213 PMGG Sortida P,49.99,16
000000795708,CROPPED MODALOKA MM 8510 PMGGG LEGADO P,49.99,16
000000793926,T SHIRT ENDLESS VISC E15662 PMGG LEGADO ZZ,49.99,16
000000793933,T SHIRT ENDLESS VISC E15676 PMGG,49.99,16
000000816090,BLUSA JZW CREPE 96220 PMGGG SM LEGADO P,39.99,16
000000739115,BERMUDA MAX.D SARJA 6283 AD JORTS F LEGADO ZZ,59.99,16
000000743259,BLUSA LABELLA MODAL 30 AD LISTA CM Sortida P,39.99,16
000000749893,BLUSA MALWEE M VISCOSE 50615 PMGGGX,39.99,16
000000755290,SHORT MODALOKA JACQUARD 7634 PMGGG,49.99,16
000000765619,CALCA LABELLA TRICOT V1001 VAZADA,39.99,16
000000772389,CROPPED JZW MALHA 27056 PMGG FEM,39.99,16
000000784191,LEGGING ROTA DA ONDA POLIA AD FEM,39.99,16
000000792462,BLUSA SUZAN ZHENG TRICOT NY465Y FEM,39.99,16
000000792516,BLUSA SUZAN ZHENG TRICOT NY411Y FEM,39.99,16
000000792622,CROPPED P.L.A SUPLEX ASSIMETRICO AD,39.99,16
000000792639,CROPPED P.L.A SUPLEX ALCINHA AD,39.99,16
000000792653,BLUSA P.L.A CREPE CAPINHA C FAIXA,39.99,16
000000793254,BLUSA ROVITEX VISCOL 617235 PMGG,39.99,16
000000793384,T SHIRT ROVITEX COTT 617207 PMGG,39.99,16
000000793407,BLUSA ROVITEX VISC 617255 PMGG,39.99,16
000000793827,T SHIRT ENDLESS MM E15669 PMGG FEM LEGADO ZZ,39.99,16
000000793988,BLUSA ENDLESS VISC E15653 PMGG,39.99,16
000000794817,REGATA SECRET VISCO S01817 G1G4 FEM LEGADO ZZ,39.99,16
000000794916,BLUSA SECRET RIBANA S01813 G1G4,39.99,16
000000796446,SHORT VILA FLOR VISCOSE V591T PLUS,39.99,16
000000797283,BLUSA MALWEE MALHA 127045 PMGXGG Sortida P,39.99,16
000000799225,LEGGING SANGOS SUPLEX 6353 PMGG COR,39.99,16
000000799928,VESTIDO SANGOS CREPE 5568 PMGGG AD Sortida P,39.99,16
000000799942,BERMUDA AMEI SUPLEX DIVERSAS LEGADO P,49.99,16
000000799973,SHORT AMEI SUPLEX DIVERSOS,49.99,16
000000800686,VESTIDO FAKINI FLAME 2147 1A3 FEM,39.99,16
000000804219,CAMISETA DIXIE ALG 11244082 PMGG,39.99,16
000000792776,BLUSA JZW MALHA 7025 PMGG FEM LEGADO ZZ,39.99,16
000000792783,BLUSA JZW MALHA 7031 PMGG FEM LEGADO ZZ,39.99,16
000000792790,BLUSA JZW MALHA 7039 PMGG FEM LEGADO ZZ,39.99,16
000000817301,CAMISA MAX DENIM TRICOL AD FEM LD LEGADO P,29.99,16
000000795630,BODY MODALOKA SUPLEX 8623 PMGGG LEGADO P,39.99,16
000000704069,BLUSA MALWE RIB 66036 133622 AD GOL,39.99,16
000000755276,BLUSA MODALOKA TULE 0539 G1G2G3,39.99,16
000000793940,T SHIRT ENDLESS MM E15701 PMGG LEGADO ZZ,39.99,16
000000766289,BLUSA JZW ALG 27055 PMGG CEREJA LEGADO ZZ,39.99,16
000000817783,BLUSA AMEI POLIAMIDA DIVERSAS ML LEGADO P,39.99,16
000000700498,SHORT DERICK JEANS 01 36A44 FEM,39.99,16
000000732970,BERMUDA JEZZIAN LYCRA 209448 36A46 LEGADO ZZ,39.99,16
000000748513,CROPPED LABELLA MODAL 368 LIST VERA,29.99,16
000000748667,BODY LA BELLA MODAL 371BD DEC QUADR,49.99,16
000000765657,CROPPED LABELLA TRICOT V1014,29.99,16
000000771016,TOP AMEI SUPLEX 30525 PMGG,29.99,16
000000771061,SHORT AMEI SUPLEX 10169 PMGG DUO,39.99,16
000000783040,REGATA ROVITEX E15227 AD FEM STRASS,29.99,16
000000783071,BLUSA ROVITEX 6170865 MM AD FEM,29.99,16
000000783088,BLUSA ROVITEX 6169655 AD FEM M TULE,29.99,16
000000784498,BLUSA ROVITEX TRICO E15403 PMGG FEM,29.99,16
000000785976,TOP AMEI SUPLEX 30569 PMGG REGATA,29.99,16
000000787451,VESTIDO DISFRUTI VISC 313306RE AD C,29.99,16
000000791335,VESTIDO OPPS MM 019 G1G3 CURTO Sortida LEGADO,29.99,16
000000791472,CALCA OPPS MM 021 PMGG FEM PUNHO Sortida P,29.99,16
000000792615,CROPPED P.L.A. MALHA 1 ALCA TRABALH,29.99,16
000000793155,T SHIRT ROVITEX MM M00415 JUV FEM,29.99,16
000000793315,BLUSA ROVITEX MM 617222 PMGG FEM LEGADO ZZ,29.99,16
000000793339,BLUSA ROVITEX MM 617226 PMGG,29.99,16
000000793391,BLUSA ROVITEX TRICOT 617265 PMGG LEGADO ZZ,29.99,16
000000794930,REGATA SECRET CREPE S01818 G1G4,29.99,16
000000794961,REGATA SECRET RIBANA SB01519 G1G4 Woods LEGADO,29.99,16
000000795067,BLUSA ROVITEX VISCO 617251 PMGG,29.99,16
000000795890,VESTIDO KELYKETY MM 46088 04A08,29.99,16
000000799034,SHORT SANGOS RIBANA 9410 PLUS FEM Sortida LEGADO,39.99,16
000000799904,BERMUDA SANGOS RIB 9456 PMGG FEM,29.99,16
000000600262,CALCA PLAY DENIM JEANS V181565 36A4 LEGADO ZZ,49.99,16
000000766326,BLUSA JZW ALG 27062 PMGG LEGADO ZZ,29.99,16
000000786041,SHORT ANJUU VISC 411147 PMGG ESTAMP Sortida P,24.99,16
000000787505,BERMUDA MALWEE COTTON 9699 PMGG FEM LEGADO P,29.99,16
000000817592,BLUSA MODALOKA COTTON 8631 PMGG Sortida P,29.99,16
000000817608,BLUSA MODALOKA COTTON 8516 PMGG Sortida P,29.99,16
000000795678,BLUSA MODA LOKA MM 8189 AD OMBRO LEGADO P,29.99,16
000000800037,BLUSA MODALOKA RENDA 8503 PMGG Sortida P,29.99,16
000000787024,CROPPED IDHOK SUED 5112064 PMGG,29.99,16
000000799980,TOP AMEI SUPLEX DIVERSOS,29.99,16
000000787499,BLUSA MALWEE MM 79308 PMGG FEM LEGADO ZZ,29.99,16
000000817622,CROPPED MODALOKA COTTON 8216 PMGG Sortida P,29.99,16
000000637152,CAMISETE AGA TRIC 1822 G1G3 ML FEM LEGADO ZZ,39.99,16
000000663168,SAIA VILA FLOR VISC V508T V377T G1G,39.99,16
000000695527,TOP ZEERUCCI POLY 401048 G1G3 NADAD,39.99,16
000000712309,BLUSA RECOLLETA LUREX 1102513 G1G3,39.99,16
000000748360,CROPPED LABELLA MODAL 360 VERAO,29.99,16
000000748469,CROPPED LABELLA MODAL 367 VERAO,29.99,16
000000748797,BLUSA LABELLA MODAL 282 LISTA SM,39.99,16
000000749039,BLUSA MALWEE MM BOTONE 120448 01A03,24.99,16
000000787178,REGATA DISFRUTI VISC 313289PE PLUS,24.99,16
000000792646,BLUSA P.L.A MALHA 1 ALCA AD FEM,24.99,16
000000793872,REGATA ENDLESS VISC E15645 PMGG,29.99,16
000000795012,BLUSA SECRET MALHA SB01883 G1G4,29.99,16
000000796514,CROPPED VILA FLOR MALHA V1282 PMGG,24.99,16
000000798952,SHORT SANGOS CANEL 9438 PMGGG FEM,24.99,16
000000799010,REGATA SANGOS RIBANA 9402 PLUS FEM,24.99,16
000000799027,REGATA SANGOS RIBANA 9408 PLUS FEM,24.99,16
000000799065,BLUSA SANGOS DRY FIT 6228 PLUS FEM,24.99,16
000000799102,TOP SANGOS SUPLEX 6306 PLUS SIZE,29.99,16
000000799140,SHORT SANGOS SUPLEX 6337 PMGGG FEM,24.99,16
000000799164,TOP SANGOS SUPLEX 6336 PMGG FEM Sortida P,24.99,16
000000799218,SHORT SANGOS SUPLEX 6349 PMGG AD,24.99,16
000000783668,SHORT ANJUU VIS 411685 PMGG ESTAM F LEGADO ZZ,24.99,16
000000738088,TOP GO WEST C4883074A PMGGG,24.99,16
000000783095,BLUSA ROVITEX 6169615 AD FEM SILK,24.99,16
000000783101,REGATA ROVITEX 6169415 AD FEM MUSCL,24.99,16
000000786744,BLUSA VILA FLOR VISCOL PVF03 PMGG,24.99,16
000000787253,BLUSA DISFRUTI RIBANA 313285PL PLUS,24.99,16
000000787383,CROPPED DISFRUTI VISC 313289RE AD,24.99,16
000000786737,CROPPED VILA FLOR COTTON PVS02 PMGG LEGADO ZZ,19.99,16
000000575560,BLUSA VILA FLOR VISCOL V0006 PMGG LEGADO ZZ,24.99,16
000000659857,CALCA MC JU VISCOSE 1993 PMGG PANTA LEGADO ZZ,29.99,16
000000743082,CROPPED SANGOS DRY PREMIUM 6259 PMG,19.99,16
000000748650,BLUSA LA BELLA MODAL 370 SM VERAO,29.99,16
000000785860,REGATA VITORIA MM 5612 PMGG FEM,19.99,16
000000787215,REGATA DISFRUTI MM 313260PL PLUS,19.99,16
000000787260,CROPPED DISFRUTI MM 313286PL PLUS LEGADO ZZ,19.99,16
000000798990,REGATA SANGOS VISC 4671 PLUS FEM,19.99,16
000000799003,REGATA SANGOS CANEL 4707 PLUS FEM,19.99,16
000000799041,BLUSA SANGOS DRY FIT 6221 PLUS FEM,19.99,16
000000799058,REGATA SANGOS DRY FIT 6286 PLUS FEM,19.99,16
000000799072,REGATA SANGOS DRY FIT 6229 PLUS FEM,19.99,16
000000799089,REGATA SANGOS DRY FIT 6293 PLUS FEM,19.99,16
000000799133,TOP SANGOS SUPLEX 6332 PMGGG FEM Sortida P,19.99,16
000000799126,REGATA SANGOS DRY FIT 6316 PMGGG FE Sortida P,19.99,16
000000610926,CALCA AMPLIATO SUPLEX LX001 563 PLU LEGADO ZZ,24.99,16
000000692038,SHORT DISFRUT DUNA 9989 3284RL AD F,14.99,16
000000786713,BERMUDA VILA FLOR MOL PFV01 AD FEM,14.99,16
000000787376,SHORT DISFRUTI DUNA 313257RI PMGG,14.99,16
000000787420,REGATA DISFRUTI RIBAN 313259RI PMGG,19.99,16
000000797795,BLUSA ROVITEX MALHA DIVERSAS 2025,9.99,16
000000581271,SHORT RHODE JEANS 5007042 36A44 CIN LEGADO ZZ,19.99,16
000000631983,BLUSA DISFRUTI VISC 8354PL G1G3,19.99,16
000000659727,CROPPED MC JU MM 3794 G1G3 BICOLOR,19.99,16
000000701709,BLUSA VILA FLOR MALHA V895M PLUS,19.99,16
000000459921,BERMUDA MAX DENIM LYCRA FEM SALDO,4.99,16
000000766128,CALCA WRANGLER LYCRA JUV MASC SALDO LEGADO,79.99,16
000000753708,CALCA GANGSTER JEANS 73280010 4A8 LEGADO,79.99,16
000000757928,CONJUNTO POKOTINHA LESE 7396 06A10 LEGADO,59.99,16
000000757829,VESTIDO POKOTINHA BORD 7313 02A04 LEGADO,59.99,16
000000757850,VESTIDO POKOTINHA BORD 7312 02A04 LEGADO,59.99,16
000000728041,CONJUNTO KELY KETY MOL 60958 4A8 FE LEGADO,59.99,16
000000709385,CALCA MAXDEN JEANS 9565 10A16 CARGO LEGADO,59.99,16
000000709613,CALCA MAX DEN JEANS 8527 10A16 MAS LEGADO,59.99,16
000000748889,CONJUNTO MALWEE MOLET 125005 04A08F LEGADO,49.99,16
000000757935,CONJUNTO POKOTINHA GAZE 7378 06A10 LEGADO,49.99,16
000000765831,VESTIDO MALWEE COTTON 122998 12A16 LEGADO,49.99,16
000000766036,CAMISA MX72 MISTO 25227 04A08 ML LEGADO,49.99,16
000000636674,CALCA LEAN SARJA 90 10A16 MASC LEGADO,49.99,16
000000636735,CALCA LEAN JEANS 19 JUV UNISSEX JOG LEGADO,49.99,16
000000663045,BERMUDA MAX DENIM SARJ 8331 JUV MAS LEGADO,59.99,16
000000705301,VESTIDO FAKINI MALHA 3814 JUV MIDI LEGADO,59.99,16
000000751148,VESTIDO BRINCAR ARTE MALHA 8800 1A3 LEGADO,49.99,16
000000753562,CAMISA GANGSTER MM 90650004 4A8 POL LEGADO,49.99,16
000000770712,CONJUNTO BASED COTTON 33424 12A18 LEGADO,49.99,16
000000685757,CALCA KELY KETY MOL 33158 JUV WIDE LEGADO,49.99,16
000000687164,CONJUNTO MALWEE MOL MM 109488 JUV M LEGADO,39.99,16
000000707138,CONJUNTO KELY KETY CREPE 50897 4A8 LEGADO,49.99,16
000000738958,BERMUDA ULY JEANS 512 10A16 MASC LEGADO,39.99,16
000000742788,MACAQUINHO VILA FLOR MM V1035 04A10 LEGADO,29.99,16
000000748940,VESTIDO MALWEE COTTON 120453  4AS08,39.99,16
000000749572,CONJUNTO MALWEE MOL 120027 04A08 MA LEGADO,29.99,16
000000757836,VESTIDO POKOTINHA LESE 7309 02A04 LEGADO,39.99,16
000000763295,BLUSA FAKINI MM 3736 04A10 LEGADO,39.99,16
000000763677,REGATA FAKINI MM 3640 01A03 MASC LEGADO,39.99,16
000000687140,CONJUNTO MALWEE MOL MM 109476 JUV M LEGADO,39.99,16
000000690805,SHORT SAIA RECOLL P.ROMA 9200082 JU LEGADO,39.99,16
000000737739,CALCA LEAN JEANS 213 04A08 WIDE LEG LEGADO,24.99,16
000000737753,CALCA LEAN LYCRA 047 04A08 FEM LEGADO,24.99,16
000000743327,CONJUNTO REI REX MOLETOM 45473 2A03 LEGADO,29.99,16
000000748957,VESTIDO MALWEE MM 120450 04A08 LEGADO,29.99,16
000000751018,CONJUNTO BRINCAR ARTE MOL 8750 PMG LEGADO,29.99,16
000000751247,BERMUDA BRINCAR ARTE MOL 8681 04A10 LEGADO,24.99,16
000000755542,BERMUDA ULY LINHO 685L 10A16 MASC LEGADO,39.99,16
000000756020,VESTIDO BUCHEC COTTON 3216026 04A08 LEGADO,39.99,16
000000757317,BLUSA RECOLLETA 1200641 10A16 LEGADO,39.99,16
000000745482,CONJUNTO CATOLELE MOLETINHO 2585 JU LEGADO,29.99,16
000000763448,MACAQUINHO VILA FLOR MM V1094 4A10 LEGADO,29.99,16
000000770651,BLUSA BASED MM 33396 12A18 FEM LEGADO,29.99,16
000000770699,CROPPED BASED RIBANA 33422 12A18 LEGADO,29.99,16
000000282734,CALCA ABU JEANS 55 10A16 MASC LEGADO,29.99,16
000000640497,CALCA MAX DENIM SARJA 9336 FEM JUV LEGADO,29.99,16
000000685610,VESTIDO KELY KETY RIBANA 33161 JUV LEGADO,29.99,16
000000689632,CONJUNTO KIKO MM 10146 1A3 MASC LEGADO,29.99,16
000000689687,SHORT SAIA KIKO MOLETIN 10094 4A10 LEGADO,29.99,16
000000690812,VESTIDO RECOLLETA RIB 2200069 JUV LEGADO,29.99,16
000000734127,CAMISETA GANGSTER MM 30012855 10A16 LEGADO,29.99,16
000000737715,SHORT LEAN JEANS DIVERSOS 10A16 FEM LEGADO,29.99,16
000000737876,CALCA LEAN JEANS 142 1A3 FEM LEGADO,29.99,16
000000743648,BLUSA KELY KETY MALHA 33319 10A18 LEGADO,24.99,16
000000745437,CONJUNTO CATOLELE MOL 2575-77 4A8 M LEGADO,24.99,16
000000745468,CONJUNTO CATOLELE MOLETINHO 2587 JU LEGADO,24.99,16
000000745505,CONJUNTO CATOLELE TACTEL 2592 JUV M LEGADO,24.99,16
000000745871,CONJUNTO CATOLELE COT 2644-48-47 JU LEGADO,24.99,16
000000746137,CONJUNTO DESAY 5681-84 04A08 LEGADO,24.99,16
000000746144,CONJUNTO DESAY 5688 04A08 MASC LEGADO,24.99,16
000000746540,CAMISA 1BIGO FAVO 252437 04A08 POLO LEGADO,24.99,16
000000749008,CROPPED MALWEE MM 119861 12A18 LEGADO,24.99,16
000000749091,CROPPED MALWEE RIBANA 119866 12A18 LEGADO,24.99,16
000000749107,CROPPED MALWEE RIBANA 119869 12A18 LEGADO,24.99,16
000000749114,CROPPED MALWEE M VISCOSE 119862 JUV LEGADO,24.99,16
000000749145,BLUSA MALWEE MM 119983 04A08 MC BOX LEGADO,24.99,16
000000750974,BLUSA BRINCAR ARTE MM 8818 04A10 LEGADO,24.99,16
000000751216,BERMUDA BRINCAR ARTE MOL 8648 1A3 M LEGADO,19.99,16
000000751360,CAMISA BRINCAR ARTE MM 8666 04A10 P LEGADO,19.99,16
000000751483,CAMISETA DK2 MALHA 253406 10A16 MAS LEGADO,24.99,16
000000753241,CAMISETA GANGSTER MM 30013002 JUV LEGADO,24.99,16
000000753593,MACHAO GANGSTER MM 33050150 JUV LEGADO,24.99,16
000000755511,BERMUDA ULY LINHO 685L 04A08 MASC LEGADO,24.99,16
000000756150,VESTIDO VILA FLOR MM V1086 4A10 LEGADO,19.99,16
000000756181,VESTIDO VILA FLOR MM V1087 4A10 LEGADO,24.99,16
000000756327,VESTIDO VILA FLOR ALG V1089 04A10 LEGADO,24.99,16
000000757751,CONJUNTO SPORT SUL MOL 1803 10A16 F LEGADO,29.99,16
000000758871,BLUSA ROVITEX 3137392 04A08 FEM LEGADO,24.99,16
000000763004,VESTIDO FAKINI MM 3119 01A03 LEGADO,19.99,16
000000763257,BLUSA FAKINI MALHA 3300 04A10 LEGADO,19.99,16
000000763271,BLUSA FAKINI MM 3299 04A10 LEGADO,24.99,16
000000770583,VESTIDO KELLY KETTY MM 50932 10A14 LEGADO,24.99,16
000000257558,VESTIDO CURTO ROVITEX LEGADO,24.99,16
000000743693,CROPPED KELY KETY COTTON 33347 JUV LEGADO,19.99,16
000000745291,CONJUNTO CATOLELE MOL 2565-64 1A3 M LEGADO,19.99,16
000000745314,CONJUNTO CATOLELE MOL 2560-62 1A3 M LEGADO,19.99,16
000000745451,CONJUNTO CATOLELE TACTEL 2582-83 4A LEGADO,19.99,16
000000745802,CONJUNTO CATOLELE 2638-40-42 4A8 FE LEGADO,19.99,16
000000746335,BERMUDA 1BIGO MOL 251465 01A03 SARU LEGADO,19.99,16
000000746380,BERMUDA 1BIGO MOL 252478 04A08 LEGADO,24.99,16
000000749473,REGATA MALWE MM 120017 4A8 01786 M LEGADO,14.99,16
000000750943,BLUSA BRINCAR ARTE MM 8788 01A03 LEGADO,24.99,16
000000750950,BLUSA BRINCAR ARTE MM 8783 01A03 LEGADO,24.99,16
000000751322,REGATA BRINCAR ARTE MM 8692 04A10 M LEGADO,19.99,16
000000751377,CAMISETA BRINCAR ARTE MM 8639 1A3 M LEGADO,19.99,16
000000751384,CAMISETA BRINCAR ARTE MM 8669 04A10 LEGADO,19.99,16
000000751391,CAMISETA BRINCAR ARTE MM 8686 04A10 LEGADO,19.99,16
000000756167,BLUSA VILA FLOR MM V1083 4A10 LEGADO,19.99,16
000000756280,BLUSA VILA FLOR VISCOSE V1080 04A10 LEGADO,19.99,16
000000770576,BLUSA KELY KETY 50433 MM 4A8 LEGADO,19.99,16
000000770590,BLUSA KELLY KETTY MM 50968 04A08 LEGADO,19.99,16
000000770613,BLUSA KELLY KETY COTTON 50996 10A16 LEGADO,19.99,16
000000770644,BLUSA BASED COTTON 33394 12A18 FEM LEGADO,19.99,16
000000770668,BLUSA BASED RIBANA 33400 12A18 FEM LEGADO,19.99,16
000000770682,CROPPED BASED MM 33408 12A18 LEGADO,19.99,16
000000770729,CROPPED BASED COTTON 33428 12A18 LEGADO,19.99,16
000000198509,CALCA ABU JEANS 720 10 16 MASC LEGADO,24.99,16
000000198516,CALCA ABU JEANS 948 10 16 MASC LEGADO,24.99,16
000000282451,CAMISETA GOLA CARECA MALWEE LEGADO,24.99,16
000000573122,CALCA EVALIN JEANS 300 1A3 FEM JOGU LEGADO,24.99,16
000000604017,CALCA OPPING JEANS 10A16 MASC LEGADO,24.99,16
000000627382,BERMUDA OPPING JEANS 2002 10A16 MAS LEGADO,24.99,16
000000636698,CALCA LEAN JEANS MESCLA 61 2A8 F JO LEGADO,24.99,16
000000636704,CALCA LEAN SARJA 88 2A8 FEM JOGGER LEGADO,19.99,16
000000662208,SAIA OH MY LOVE MOL 2715 JUV TULE LEGADO,24.99,16
000000662741,SHORT MAX DENIM JEANS 9481 4A8 FEM LEGADO,24.99,16
000000669979,VESTIDO ROVITEX RIB 616244 JUV CURT LEGADO,24.99,16
000000677523,CALCA EVALIN SARJA 265 4A8 JOGGER M LEGADO,24.99,16
000000680646,LEGGING ROVITEX MM 112708 4A10 TERM LEGADO,19.99,16
000000681155,CAMISETA REI REX MM 11106 4A8 MC LEGADO,19.99,16
000000685597,VESTIDO KELY KETY MOL 43945 4A10 LEGADO,24.99,16
000000685719,BLUSA KELY KETY MM 33142 JUV LEGADO,24.99,16
000000694834,SHORT SAIA MODALOKA P.ROMA 3371 JUV LEGADO,24.99,16
000000706308,BLUSA MINTY TULE M00049 12A18 LEGADO,24.99,16
000000706353,SAIA MINTY TULE M00050 12A18 LEGADO,24.99,16
000000707145,CONJUNTO REI REX MM 51107 01A03 REG LEGADO,24.99,16
000000707978,SHORT PHIZALIS CIRRE 403 JUVENIL LEGADO,19.99,16
000000725286,CONJUNTO TIFA MM CJ3225 04A10 FEM LEGADO,14.99,16
000000725354,SHORT GOOD BLESS MOL 2114 2528 JUV LEGADO,14.99,16
000000725873,VESTIDO VALEEN KIDS MM DIV 01A03 LEGADO,14.99,16
000000737906,SHORT LEAN BRIM DIVERSOS 01A03 FEM LEGADO,19.99,16
000000743655,CROPPED KELY KETY RIBANA 33328 JUV LEGADO,19.99,16
000000743716,CROPPED KELY KETY COTTON 33349 JUV LEGADO,14.99,16
000000745321,CONJUNTO CATOLELE TACTEL 2566 1A3 M LEGADO,19.99,16
000000745338,CONJUNTO CATOLELE TACTEL 2570-71 1A LEGADO,14.99,16
000000745550,CONJUNTO CATOLELE COTTON 2626-31 1A LEGADO,14.99,16
000000745567,CONJUNTO CATOLELE COTTON 2622-24 1A LEGADO,19.99,16
000000745574,CONJUNTO CATOLELE COT 2627-28-29-30 LEGADO,14.99,16
000000746069,CONJUNTO DESAY 5632 01A03 MASC LEGADO,19.99,16
000000746076,CONJUNTO DESAY 5637-5639 1A3 MASC LEGADO,19.99,16
000000746090,BERMUDA DESAY 5117-5701-04 04A08 LEGADO,14.99,16
000000746151,CAMISA DESAY 5113-5694-96 04A08 LEGADO,19.99,16
000000746236,CAMISETA 1BIGO MM 251427 01A03 CPZ LEGADO,14.99,16
000000746311,BERMUDA 1BIGO MOL 251456 01A03 LEGADO,14.99,16
000000746359,BERMUDA 1BIGO MOL 252476 04A08 LEGADO,14.99,16
000000746373,BERMUDA 1BIGO MOL 252471 04A08 LEGADO,19.99,16
000000746427,REGATA 1BIGO MM 252447 04A08 MASC LEGADO,14.99,16
000000746434,REGATA 1BIGO MM 252446 04A08 MASC LEGADO,14.99,16
000000746489,CAMISETA 1BIGO MM 252410 04A08 MASC LEGADO,19.99,16
000000746519,CAMISETA 1BIGO VANEZA 252429 04A08 LEGADO,14.99,16
000000746526,CAMISETA 1BIGO FAVO 252430 04A08 MA LEGADO,14.99,16
000000746533,CAMISETA 1BIGO MM 252435 04A08 CPZ LEGADO,19.99,16
000000747431,CAMISA DESAY MM 5693-97 04A08 POLO LEGADO,19.99,16
000000750875,SHORT SAIA BRINCAR ARTE MOL 8784 1A LEGADO,19.99,16
000000750936,BLUSA BRINCAR ARTE COTTON 8801 01A3 LEGADO,19.99,16
000000750967,BLUSA BRINCAR ARTE MM 8807 01A03 LEGADO,19.99,16
000000751193,BERMUDA BRINCAR ARTE MOL 8620 PMG M LEGADO,19.99,16
000000751292,REGATA BRINCAR ARTE MM 8654 01A03 M LEGADO,19.99,16
000000751346,CAMISA BRINCAR ARTE MM 8602 PMG POL LEGADO,14.99,16
000000751353,CAMISA BRINCAR ARTE MM 8631 1A3 POL LEGADO,19.99,16
000000751407,CAMISETA BRINCAR ARTE MM 8638 01A03 LEGADO,19.99,16
000000751490,CAMISETA DK2 MALHA 253402 10A16 MAS LEGADO,14.99,16
000000751513,CAMISETA DK2 MALHA 253429 10A16 MAS LEGADO,19.99,16
000000751520,CAMISETA DK2 MALHA 253404 10A16 MAS LEGADO,14.99,16
000000751551,CAMISETA DK2 MALHA 253426 10A16 MAS LEGADO,14.99,16
000000755559,SHORT MARINETE KIDS JEANS 016 04A08 LEGADO,24.99,16
000000756198,BLUSA VILA FLOR VISCOSE V1079 04A10 LEGADO,19.99,16
000000756228,BLUSA VILA FLOR ALG V1085 04A10 LEGADO,14.99,16
000000756365,REGATA VILA FLOR MALHA V1084 04A10 LEGADO,19.99,16
000000756471,JARDINEIRA BUCHEC MOL 2107018 01A03 LEGADO,24.99,16
000000758758,REGATA ROVITEX 3131682 04A10 FEM LEGADO,19.99,16
000000770545,BLUSA KELLY KETTY COTTON 10115 04A8 LEGADO,14.99,16
000000257480,VESTIDO CURTO ROVITEX LEGADO,19.99,16
000000481830,CALCA LA ONDA JEANS 01A08 DIV SALDO LEGADO,19.99,16
000000542449,BERMUDA 1BIGO HEL 252458 4A8 ESCOLA LEGADO,14.99,16
000000564519,LEGGING PITISKA MOLECOT 2278-75 4A8 LEGADO,14.99,16
000000636124,REGATA DISNEY MM 5805 1A16 MASC LEGADO,14.99,16
000000651899,CALCA ANEX JEANS 5022 1A3 FEM JOGGE LEGADO,19.99,16
000000670012,SAIA ROVITEX MALHA 313188 4A10 MIDI LEGADO,19.99,16
000000676731,CONJUNTO PITISKA COT 2849 50 51 JUV LEGADO,19.99,16
000000678322,CAMISA TEODORO DIV 2A8 MC LEGADO,14.99,16
000000681148,CAMISETA REI REX MM 11106 1A3 MC MA LEGADO,14.99,16
000000684590,VESTIDO FAKINI MM DIVERSOS 4A10 FEM LEGADO,19.99,16
000000690799,CROPPED RECOLLETA RIB 1200239 JUV LEGADO,19.99,16
000000691147,CROPPED RALAKIDS MM 52296 12A14 LEGADO,19.99,16
000000692595,CONJUNTO OLLELE MM 1809 1A3 MAS LEGADO,19.99,16
000000694810,SAIA MODALOKA P.ROMA 3550 10A16 CUR LEGADO,19.99,16
000000700054,CONJUNTO FAKINI MM DIV 1A3 FEM LEGADO,19.99,16
000000704113,BLUSA MALWEE MALHA 112982 10A18 LEGADO,19.99,16
000000705691,SHORT LONGBONG 4CABOS 2002 12A16 MA,19.99,16
000000707114,VESTIDO KELY KETY MM 50825 10A16 LEGADO,19.99,16
000000707749,BERMUDA KELY KETE COTTON 10119 10A1 LEGADO,19.99,16
000000707985,SHORT PHIZALIS CIRRE 403 INFANTIL LEGADO,14.99,16
000000728096,BLUSA KELY KETY COTTON 60158 1A3 ML LEGADO,14.99,16
000000742856,BLUSA VILA FLOR MM V638M V1383 04A10,14.99,16
000000742870,BLUSA VILA FLOR MM V1038 04A10 LEGADO,14.99,16
000000743419,REGATA REI REX MALHA 11105 04A08 LEGADO,14.99,16
000000745529,CAMISETA CATOLELE MM 2608-09-10 JUV LEGADO,14.99,16
000000745536,SHORT CATOLELE MOLETINHO 2619 JUV M LEGADO,14.99,16
000000745772,VESTIDO CATOLELE COTTON 2692 4A8 CM LEGADO,14.99,16
000000745864,BLUSA CATOLELE COTTON 2668-70 JUV LEGADO,14.99,16
000000746199,REGATA 1BIGO MM 251440 01A03 MASC LEGADO,14.99,16
000000746250,CAMISETA 1BIGO FLAME 251421 01A03 M LEGADO,14.99,16
000000746267,CAMISETA 1BIGO FAVO 251424 01A03 MA LEGADO,14.99,16
000000746397,REGATA 1BIGO MM 252442 04A08 MASC LEGADO,14.99,16
000000746403,REGATA 1BIGO MM 252440-441 04A08 MA LEGADO,14.99,16
000000746410,REGATA 1BIGO MM 252451 04A08 MASC LEGADO,14.99,16
000000746441,CAMISETA 1BIGO MM 252431 04A08 MASC LEGADO,14.99,16
000000746458,CAMISETA 1BIGO MM 252428 04A08 MASC LEGADO,14.99,16
000000746496,CAMISETA 1BIGO MM 252404 04A08 MASC LEGADO,14.99,16
000000746502,CAMISETA 1BIGO FLAME 252427 04A08 M LEGADO,14.99,16
000000751285,REGATA BRINCAR ARTE MM 8629 01A03 M LEGADO,14.99,16
000000751308,REGATA BRINCAR ARTE MM 8664 04A10 M LEGADO,14.99,16
000000751445,REGATA DK2 MALHA 253444 10A16 MASC LEGADO,14.99,16
000000751452,REGATA DK2 MALHA 253440 10A16 MASC LEGADO,14.99,16
000000751469,REGATA DK2 MALHA 253439 10A16 MASC LEGADO,14.99,16
000000751476,REGATA DK2 MALHA 253437 10A16 MASC LEGADO,14.99,16
000000751506,CAMISETA DK2 MALHA 253401 10A16 MAS LEGADO,14.99,16
000000755726,CALCA AMPLIATO SUPLEX 566 10A16 LEGADO,14.99,16
000000755894,REGATA BUCHEC COTTON 3216038 04A08 LEGADO,14.99,16
000000756266,BLUSA VILA FLOR M CANELADA V1081 IN LEGADO,14.99,16
000000756785,CAMISETA DASAYNER MM 5712 10A14 LEGADO,14.99,16
000000756808,CAMISETA DASAYNER MM 5714 10A14 LEGADO,14.99,16
000000756815,CAMISETA DASAYNER MM 5715 10A14 LEGADO,14.99,16
000000763455,CALCA VILA FLOR MM V648M 4A10 CORSA LEGADO,14.99,16
000000765848,REGATA MALWEE MM 122743 01A03 MASC LEGADO,14.99,16
000000770538,BLUSA KELLY KETTY COTTON 10115 01A3 LEGADO,14.99,16
000000564502,LEGGING PITISKA COTTON 2005 4A8 LIS LEGADO,14.99,16
000000607179,BERMUDA ANEX BRIM 207 1A3 MASC LEGADO,14.99,16
000000607469,BERMUDA EVALIN JEANS 070 2A3 COS LEGADO,14.99,16
000000618267,SHORT ESTRAVASA JEANS LYCRA DIV JUV LEGADO,14.99,16
000000623520,CONJUNTO FAKINI MALHA 3310 1A3 FEM LEGADO,14.99,16
000000657372,SHORT GOOD BLESS MOLETINHO DIV JUV LEGADO,14.99,16
000000663908,MACACAO RALAKIDS COTT 1356 1A3 FEM LEGADO,14.99,16
000000685740,BERMUDA KELY KETY COTT 10109 JUV FE LEGADO,14.99,16
000000689137,BLUSA STYLO PROPRIO VISC DIV 10A16 LEGADO,14.99,16
000000689717,BERMUDA KIKO MOLETOM 10162 1A3 LEGADO,14.99,16
000000691741,CROPPED GOOD BLESS MOL 612 JUV LEGADO,14.99,16
000000693066,CONJUNTO CATOLELE MM 2253 55 4A8 MA LEGADO,14.99,16
000000693172,CONJUNTO CATOLE COTT 2287 89 10A14 LEGADO,14.99,16
000000693608,BERMUDA DESAYNER MOL 19103029 10A16 LEGADO,14.99,16
000000694803,SAIA MODALOKA P.ROMA 3508 10A16 CUR LEGADO,14.99,16
000000704168,REGATA MALWEE COTTON 05065 12A18 FE LEGADO,14.99,16
000000706940,CAMISA MILANO POLIE DIV 10A16 MC LEGADO,14.99,16
000000707732,BERMUDA KELY KETY COTTON 10119 4A08 LEGADO,14.99,16
000000707909,SHORT PHIZALIS HELANCA 400 10A16 LEGADO,14.99,16
000000745345,CAMISETA CATOLELE MM 2597-98-96 1A3 LEGADO,14.99,16
000000745390,REGATA CATOLELE MM 2606-07-05 4A8 M LEGADO,14.99,16
000000745406,CAMISETA CATOLELE MM 2602-03-04 4A8 LEGADO,14.99,16
000000745512,REGATA CATOLELE MM 2611-12-13 JUV M LEGADO,14.99,16
000000745581,LEGGING CATOLELE COTTON 01A03 LEGADO,14.99,16
000000745642,REGATA CATOLELE COTTON 2660-61 1A3 LEGADO,14.99,16
000000745659,BLUSA CATOLELE COTTON 2657-58 1A3 LEGADO,14.99,16
000000745673,VESTIDO CATOLELE COTTON 2683 1A3 SM LEGADO,14.99,16
000000745697,LEGGING CATOLELE COTTON 04A08 LEGADO,14.99,16
000000745758,VESTIDO CATOLELE COTTON 2693 4A8 SM LEGADO,14.99,16
000000745789,REGATA CATOLELE COT 2665-66-67 4A8 LEGADO,14.99,16
000000745796,BLUSA CATOLELE COT 2662-63-64 4A8 LEGADO,14.99,16
000000745857,REGATA CATOLELE COTTON 2671-72 JUV LEGADO,14.99,16
000000746045,CAMISETA DESAY 00-5601-04-12-15 1A3 LEGADO,14.99,16
000000746052,REGATA DESAY 5001-5619-24 01A03 LEGADO,14.99,16
000000746083,BERMUDA DESAYNER 5013 01A03 MAS LEGADO,14.99,16
000000746113,CAMISETA DASAYNER 5653-5655 04A08 LEGADO,14.99,16
000000746120,REGATA DASAY 5101-5668-69-74 04A08 LEGADO,14.99,16
000000746205,REGATA 1BIGO MM 251435-34-33 1A3 MA LEGADO,14.99,16
000000746212,CAMISETA 1BIGO MM 251401 01A03 MASC LEGADO,14.99,16
000000746229,CAMISETA 1BIGO MM 251404 01A03 MASC LEGADO,14.99,16
000000746243,CAMISETA 1BIGO MM 251425 01A03 MASC LEGADO,14.99,16
000000746281,BERMUDA 1BIGO MOL 251450 01A03 LEGADO,14.99,16
000000747417,BERMUDA DESAY MOL 5116 04A08 LEGADO,14.99,16
000000747448,BLUSA DESAY MM 5338 10A16 FEM LEGADO,14.99,16
000000751278,REGATA BRINCAR ARTE MM 8600 PMG MAS LEGADO,14.99,16
000000751872,BLUSA DEF 5001 VISCOLYCRA 10A16 LIS LEGADO,14.99,16
000000751926,BLUSA DEF VISC 5021-27-29 10A16 DIV LEGADO,14.99,16
000000755566,VESTIDO MARINETE KIDS DIVERSOS 02A6 LEGADO,14.99,16
000000755948,CROPPED BUCHEC RIBANA 4219015 10A16 LEGADO,14.99,16
000000755979,BLUSA BUCHEC COTTON 4219022 10A16 LEGADO,14.99,16
000000756501,BERMUDA BUCHEC COTTON 3216039 04A08 LEGADO,14.99,16
000000757515,VESTIDO SPORT SUL COTTON 1743 PMG LEGADO,14.99,16
000000757799,BERMUDA SPORT SUL MOL 1823 01A08 M LEGADO,14.99,16
000000745352,BERMUDA CATOLELE MOL 2615 01A03 MAS LEGADO,9.99,16
000000282772,CALCA ABU JEANS 1209 10A18 FEM LEGADO,9.99,16
000000285131,CALCA TRADICIONAL MAXSHOP LEGADO,9.99,16
000000342759,SHORT ANEX SARJA 34 38 55 31 50 4A8 LEGADO,9.99,16
000000460798,CALCA ROVITEX JEANS 118910 12A16 MA LEGADO,9.99,16
000000498104,CALCA ROVITEX MALHA 311326 LEG JUV LEGADO,9.99,16
000000587778,SHORT CATOLELE COTTON 04 A 08 FEM LEGADO,9.99,16
000000587785,SHORT CATOLELE COTTON 01A03 FEM LEGADO,9.99,16
000000645713,CALCA MAFARI SARJA DIVER 12A16 MASC LEGADO,9.99,16
000000661270,CROPPED OH MY LOVE VISC 2913 JUV EL LEGADO,9.99,16
000000669641,CAMISETA VITORIA MM 1004 2A12 LEGADO,9.99,16
000000669863,CROPPED ROVITEX RIBANA 616246 JUV LEGADO,9.99,16
000000692373,SHORT MARIA JUJUBA JEANS DIV 1A3 FE LEGADO,9.99,16
000000693127,CONJUNTO CATOLE COTT 2239 40 42 1A3 LEGADO,9.99,16
000000693141,CONJUNTO CATOLE COTT 2262 64 65 4A8 LEGADO,9.99,16
000000694759,CROPPED MODALOKA P.ROMA 3507 10A16 LEGADO,9.99,16
000000694773,CROPPED MODALOKA P.ROMA 3554 10A16 LEGADO,9.99,16
000000694957,CAMISETA 1BIGO MM 241023 1A3 SILK LEGADO,9.99,16
000000695367,CAMISETA DK2 MM 243010 10A16 LEGADO,9.99,16
000000696500,VESTIDO BUCHECHINH COTT 4213033 JUV LEGADO,9.99,16
000000696517,CROPPED BUCHECHINH COTT 4213029 JUV LEGADO,9.99,16
000000698122,REGATA GANGSTER MM 74070098 04A08 M LEGADO,9.99,16
000000707084,VESTIDO KELY KETY MM 50846 04A10 LEGADO,9.99,16
000000707947,SHORT PHIZALIS POLIESTER 400 INFANT LEGADO,9.99,16
000000708951,BERMUDA KIKO MOLETINHO 11156 01A03 LEGADO,9.99,16
000000745284,REGATA CATOLELE MM 2599-2600-01 1A3 LEGADO,9.99,16
000000745369,BERMUDA CATOLELE TACTEL 2614 1A3 MA LEGADO,9.99,16
000000745628,SHORT SAIA CATOLELE COT 2677 1A3 ES LEGADO,9.99,16
000000745833,SHORT CATOLELE COTTON 10A14 FEM LEGADO,9.99,16
000000758024,LEGGING CLUBINHO DIVERSAS 01A16 LEGADO,9.99,16
000000636780,BERMUDA LEAN TACTEL 02 4A8 MASC EST LEGADO,9.99,16
000000645829,SHORT MAFARI SARJA DIVER 4A12 FEM LEGADO,9.99,16
000000687782,CAMISA BLUDSON MISTO DIV 4A8 MASC LEGADO,9.99,16
000000691758,CROPPED GOOD BLESS MOL 698 JUV LEGADO,9.99,16
000000693639,REGATA CATOLELE COTT 2325 26 27 JUV LEGADO,9.99,16
000000695008,CAMISETA 1BIGO MM 242010 4A8 SILK LEGADO,9.99,16
000000695053,REGATA 1BIGO MM 241040 1A3 MASC CPZ LEGADO,9.99,16
000000695107,REGATA 1BIGO MM 242049 4A8 MASC CPZ LEGADO,9.99,16
000000696463,BERMUDA BUCHECH COTT 4213028 JUV ES LEGADO,9.99,16
000000696531,REGATA BUCHECHINHA COTT 4213027 JUV LEGADO,9.99,16
000000291200,CALCA TRADICIONAL MAXSHOP LEGADO,4.99,16
000000550604,LEGGING PITISKA COT 2016 10A16 EST LEGADO,4.99,16
000000573399,SHORT AYLAHT SARJA 0036 10A16 LEGADO,4.99,16
000000617970,CROPPED COSTAO MM 218008 14A18 AMAR LEGADO,4.99,16
000000623506,VESTIDO FAKINI MALHA 3304 1A3 LEGADO,4.99,16
000000645812,SHORT MAFARI SARJA DIVER 1A3 FEM LEGADO,4.99,16
000000653268,CAMISETA BUCHECHINHA MM 4187007 JUV LEGADO,4.99,16
000000670739,CAMISETA RALALINDA POLIA DIV 4A8 UV LEGADO,4.99,16
000000706902,BABY LOOK CDKA MM 370 4A8 LEGADO,4.99,16
000000129114,BLUSA T-SHIRT MALWEE LEGADO,4.99,16
000000479103,BERMUDA GANGSTER TACTE 95230008 4A8 LEGADO,4.99,16
000000507967,BERMUDA CALYLE TACTEL ESTAMP 10A16 LEGADO,4.99,16
000000567817,BLUSA BEIJINHO MALHA 9013 10A14 LEGADO,4.99,16
000000574983,BERMUDA PITISKA MM 2802-03-04 6A10 LEGADO,4.99,16
000000605373,BERMUDA CARLYLE MOL 17552 4A8 CAMUF LEGADO,4.99,16
000000607902,BLUSA MI MALHA 23056 6A16 LEGADO,4.99,16
000000614788,BLUSA PITISKA COTTON DIV 2A4 SILK LEGADO,4.99,16
000000645324,BLUSA AQUARELA PV 231409 1A3 FEM LEGADO,4.99,16
000000645331,BLUSA AQUARELA PV 231407 1A3 FEM LEGADO,4.99,16
000000652919,REGATA BUCHECH MM 3189009 4A8 M SIL LEGADO,4.99,16
000000653039,CROPPED BUCHECH MM 3292014 4A8 F SI LEGADO,4.99,16
000000653053,CROPPED BUCHECH MM 4293004 JUV F ES LEGADO,4.99,16
000000653145,BERMUDA BUCHECH MOL 3196005 4A8 MAS LEGADO,4.99,16
000000692977,REGATA CATOLELE MM 2307 08 09 4A8 M LEGADO,4.99,16
000000693622,REGATA CATOLELE COTT 2313 14 15 4A8 LEGADO,4.99,16
000000694902,CAMISETA 1BIGO MM 241036 1A3 BRANCA LEGADO,4.99,16
000000696425,REGATA BUCHECHINHA COTT 2213054 1A3 LEGADO,4.99,16
000000706858,CROPPED CDKA MM 374 4A8 LEGADO,4.99,16
000000706865,CROPPED CDKA MM 375 10A16 LEGADO,4.99,16
000000706919,BABY LOOK CDKA MM 371 10A16 LEGADO,4.99,16
000000427616,BERMUDA BICHO BAGUNCA 9446 04A08 FE LEGADO,4.99,16
000000782074,CALCA MAX DENIM JEANS 9696 JUV SLIM LEGADO,89.99,16
000000782104,CALCA MAX DENIM SARJA 8638 JUV MASC LEGADO,89.99,16
000000782111,CALCA MAX DENIM SARJA 8664 JUV MASC,89.99,16
000000709415,CALCA MAX DEN JEA 9534 9700 4A8 WED LEGADO,79.99,16
000000781961,CALCA MAX DENIM SARJA 9698 4A8 WID LEGADO,79.99,16
000000782012,CALCA MAX DENIM SARJA 9690 4A8 WIDE LEGADO,79.99,16
000000782036,CALCA MAX DENIM JEANS 9696 4A8 SLIM LEGADO,79.99,16
000000782098,CALCA MAX DENIM SARJA 8638 4A8 MASC LEGADO,79.99,16
000000783446,CONJUNTO ROVITEX COTT 3139963 JUV F LEGADO,69.99,16
000000793186,CONJUNTO ROVITEX MOL M00414 JUV FEM LEGADO,69.99,16
000000668491,CAMISA MX72 MISTO 22560 10A16 ML LEGADO,69.99,16
000000738385,CALCA ULY SARJA 1050C 10A16 MASC,69.99,16
000000774697,BERMUDA GANGSTER MOL 37140156 JUV LEGADO,69.99,16
000000624367,CALCA BEMAX LYCRA 2052 2067 HOT PAN LEGADO,59.99,16
000000677455,CALCA BEMAX JEA 213 14 17 18 JUV MA LEGADO,59.99,16
000000677462,CALCA BEMAX JEA 100 110 116 4A8 MAS LEGADO,59.99,16
000000677486,CALCA BEMAX JEA 2033 32 3041 JUV WI LEGADO,59.99,16
000000677493,CALCA BEMAX JEA 2033 2069 4A8 WID F LEGADO,59.99,16
000000691963,CALCA ANEX SARJA 2023 4A8 MASC JOGG LEGADO,59.99,16
000000738453,CALCA ULY SARJA 1050C 04A08 MASC,59.99,16
000000748902,CONJUNTO MALWEE COTTON 120146 04A08 LEGADO,49.99,16
000000769266,BERMUDA GANGSTE SARJ 95090198 04A08 LEGADO,59.99,16
000000781152,CALCA BEMAX JEANS 119 4A8 MAS JOGGE LEGADO,59.99,16
000000781176,CALCA BEMAX JEANS 219 10A16 MAS JOG LEGADO,59.99,16
000000781237,CALCA BEMAX JEANS 2070 4A8 FEM SLIM LEGADO,59.99,16
000000781299,CALCA BEMAX JEANS 3042 10A16 FEM SL LEGADO,59.99,16
000000783132,CONJUNTO ROVITEX MM 1098442 4A8 MAS LEGADO,49.99,16
000000784641,CONJUNTO FAKINI MOL 11259 1A3 FEM LEGADO,59.99,16
000000507066,CALCA MAX DEN LYC DIV INF JUN M SAL LEGADO,59.99,16
000000507073,CALCA MAX DEN LYC DIV INF JUV F SAL LEGADO,59.99,16
000000651912,JARDINEIRA ANEX JEANS 245 1A3 FEM LEGADO,59.99,16
000000651936,JARDINEIRA ANEX JEANS 245 4A8 FEM LEGADO,59.99,16
000000677516,CALCA BEMAX JEANS 1016 21 1A3 JOG F LEGADO,59.99,16
000000691970,CALCA ANEX SARJA 2023 2A3 MASC JOGG LEGADO,59.99,16
000000768382,CAMISA GANGSTER MM 63560091 JUV POL LEGADO,59.99,16
000000781091,CALCA BEMAX JEANS 16 1A3 MASC LEGADO,59.99,16
000000783170,CONJUNTO ROVITEX 1024002 4A8 MASC LEGADO,49.99,16
000000793216,VESTIDO ROVITEX MALHA M00413 JUV LEGADO,49.99,16
000000793629,CONJUNTO ROVITEX MM 314124 4A8 FEM LEGADO,49.99,16
000000800730,VESTIDO FAKINI MM 2214 4A10 FEM LEGADO,49.99,16
000000742924,CONJUNTO VILA FLOR RIB V1034 04A10 LEGADO,39.99,16
000000754583,SHORT MAX DEN LYC DIV INF JUV SALDO LEGADO,39.99,16
000000756259,SAIA MODALOKA 4115 10A16 FEM LEGADO,39.99,16
000000773522,SAIA MAX DENIM DIV JUV SALDO LEGADO,39.99,16
000000780506,VESTIDO MALWEE COTT 126180 1A3 RODA LEGADO,39.99,16
000000784610,LEGGING MALWEE COTTON 32206 10A16 F LEGADO,39.99,16
000000785044,BLUSA FAKINI MM DIV 04A16 STICH FEM LEGADO,39.99,16
000000793667,CONJUNTO ROVITEX MM 314142 4A8 FEM LEGADO,39.99,16
000000793735,CONJUNTO ROVITEX MM 302556 4A10 MAS LEGADO,39.99,16
000000793742,CONJUNTO ROVITEX MM 302582 4A8 MASC LEGADO,39.99,16
000000796026,CONJUNTO CAMISETA/BERMUDA MAXSHOP LEGADO LEGADO,39.99,16
000000796132,CONJUNTO REGATA-MACHAO/BERMUD MAXSHOP LEGADO,39.99,16
000000796149,CONJUNTO REGATA-MACHAO/BERMUD MAXSHOP LEGADO,39.99,16
000000806022,CAMISETA GANGSTER MM 31240432 10A16 LEGADO,39.99,16
000000636117,CONJUNTO DISNEY MOL MM 5804 4A10 M LEGADO,39.99,16
000000677479,CALCA BEMAX JEANS 01 11 2A3 MASC LEGADO,39.99,16
000000677509,CALCA BEMAX JEANS 1015 2A3 FEM LEGADO,39.99,16
000000687102,CAMISA MALWE MM 111119,39.99,16
000000691987,CAMISA ANEX TRICOLINE 100 4A8 ESTAM LEGADO,29.99,16
000000704304,BERMUDA MALWEE MOLETI 85027 4A10,29.99,16
000000749152,BLUSA MALWEE MM 119983 10A16 MC BOX LEGADO,39.99,16
000000756235,SHORT MODALOKA 4174 10A16 FEM LEGADO,39.99,16
000000756303,BLUSA MODALOKA 4119 10A16 LEGADO,29.99,16
000000756419,SHORT MODALOKA 4120 10A16 LEGADO,39.99,16
000000759199,BLUSA STYLE VISCOLINHO 35633 10A16 LEGADO,39.99,16
000000769365,CAMISETA GANGSTER MM 30012997 10A16 LEGADO,29.99,16
000000772853,CALCA VILA FLOR INF CANEL 1198 4A10 LEGADO,29.99,16
000000774062,CAMISETA MALWEE MM 129003 4A8 LISTR LEGADO,29.99,16
000000774888,CAMISETA GANGSTER MM 30013119 JUV LEGADO,29.99,16
000000774901,CAMISETA GANGSTER MM 31240375 JUV LEGADO,39.99,16
000000774918,CAMISETA GANGSTER MM 30013109 JUV LEGADO,29.99,16
000000780698,BLUSA MALWEE MM 127768 4A8 NEW STIT LEGADO,29.99,16
000000783002,CAMISA ROVITEX TB1021972 4A8 POLO LEGADO,29.99,16
000000783149,CAMISA ROVITEX MM 1095982 4A8 POLO LEGADO,29.99,16
000000783156,CAMISA ROVITEX MM 1095981 1A3 POLO LEGADO,29.99,16
000000783163,CAMISA ROVITEX MM 1095532 4A8 POLO LEGADO,29.99,16
000000783224,CAMISA ROVITEX 1016151 1A3 POLO MAS LEGADO,29.99,16
000000784092,SAIA MODA LOKA TULE 4343 JUV FEM LEGADO,29.99,16
000000784122,CROPPED MODA LOKA 4397 JUV FEM LEGADO,29.99,16
000000784603,LEGGING MALWEE COTTON 32206 4A8 FEM LEGADO,29.99,16
000000792578,CONJUNTO ROVITEX MM 314121 1A3 FEM LEGADO,29.99,16
000000795968,VESTIDO KELYKETY MALHA 46074 10A14 LEGADO,29.99,16
000000796170,CONJUNTO REGATA-MACHAO/BERMUD MAXSHOP LEGADO,29.99,16
000000796590,CALCA TRADICIONAL MAXSHOP LEGADO,29.99,16
000000800716,CONJUNTO GOOD BLESS MOL DIVERS 4A8 LEGADO,29.99,16
000000800822,CONJUNTO FAKINI MM 2405 1A3 MASC LEGADO,39.99,16
000000805902,CAMISETA GANGSTER MM 30012953 10A16 LEGADO,29.99,16
000000806039,CAMISETA GANGSTER MM 31240433 10A16 LEGADO,39.99,16
000000806046,CAMISETA GANGSTER MM 31240446 10A16 LEGADO,39.99,16
000000759106,BLUSA STYLE CREPE 35614 10A16 LEGADO,29.99,16
000000759120,BLUSA STYLE CREPE 35619 10A16 LEGADO,29.99,16
000000759144,BLUSA STYLE CREPE 35624 10A16 LEGADO,29.99,16
000000774581,CAMISETA GANGSTER MM 99160348 4A8 LEGADO,29.99,16
000000791021,CAMISETA GW DRY OZN07T 12A16 MASC LEGADO,24.99,16
000000800587,CONJUNTO REGATA/SHORT MAXSHOP LEGADO,29.99,16
000000685580,VESTIDO KELY KETY MOL 43947 4A10 PO LEGADO,29.99,16
000000704120,BLUSA MALWEE MALHA 86762 12A18,24.99,16
000000749121,CROPPED MALWEE COTTON 119860 12A18 LEGADO,24.99,16
000000749770,BERMUDA MALWEE MOLETIN 85027 1A3 MA,29.99,16
000000756310,BLUSA MODALOKA 4136 10A16 LEGADO,29.99,16
000000756372,CROPPED MODALOKA 4050 10A16 LEGADO,29.99,16
000000756389,CROPPED MODALOKA 4127 10A16 LEGADO,24.99,16
000000762762,CAMISA DRAZZO DIVERSAS 02A08 POLO M LEGADO,24.99,16
000000768504,MACHAO GANGSTER MM 74090008 04A08 LEGADO,29.99,16
000000769358,CAMISETA GANGSTER MM 30012992 10A16 LEGADO,29.99,16
000000769617,MACHAO GANGSTER MM 33050148 10A16 LEGADO,29.99,16
000000769624,MACHAO GANGSTER MM 33050241 10A16 LEGADO,29.99,16
000000774604,CAMISETA GANGSTER MM 86010938 4A8 LEGADO,29.99,16
000000785129,CAMISETA OVER SURF MM EST 10A16 DIV LEGADO,24.99,16
000000793575,VESTIDO ROVITEX COTT 314087 1A3 LEGADO,29.99,16
000000795906,VESTIDO KELYKETY COTTON 46087 04A08 LEGADO,29.99,16
000000796262,REGATA TRADICIONAL MAXSHOP LEGADO,24.99,16
000000796309,CROPPED SEM BOJO MAXSHOP LEGADO,19.99,16
000000799829,CONJUNTO BLUSA/SHORT MAXSHOP LEGADO,29.99,16
000000800327,CONJUNTO REGATA-MACHAO/BERMUD MAXSHOP LEGADO,24.99,16
000000800921,BLUSA FAKINI MM 2140 1A3 FEM LEGADO,29.99,16
000000801041,REGATA FAKINI MM 2712 1A3 MASC LEGADO,24.99,16
000000809542,CAMISETA FAKINI MM 2662 1A3 SPIDER LEGADO,29.99,16
000000694063,SHORT SURF BOY ELAST 48409 JUV NEON LEGADO,24.99,16
000000694070,SHORT SURF BOY ELAST 48402 JUV ESTA LEGADO,24.99,16
000000572033,SHORT ANEX BRIM 016 098 4A8 LISO LEGADO,24.99,16
000000607278,SHORT ANEX JEANS 095 053 1A3 F BOLS LEGADO,24.99,16
000000745819,CONJUNTO CATOLELE 2633-34-35 4A8 FE LEGADO,24.99,16
000000750929,BLUSA BRINCAR ARTE MM 8753 PMG LEGADO,24.99,16
000000782982,CAMISETA ROVITEX MM TB1022602 4A8 M LEGADO,24.99,16
000000783125,BLUSA ROVITEX MM 1131281 1A3 FEM,24.99,16
000000795876,BLUSA KELYKETY MALHA 46081 04A08 LEGADO,19.99,16
000000799508,CONJUNTO REGATA-MACHAO/BERMUD MAXSHOP LEGADO,24.99,16
000000653329,T SHIRT ESTRAVASA VISCOLY 80 JUV FE LEGADO,19.99,16
000000704137,BLUSA MALWEE MALHA 86762 04A10,19.99,16
000000704212,CONJUNTO MALWEE MALHA 113007 4A08 F LEGADO,24.99,16
000000725897,MACAQUINHO VALEEN KIDS MM DIV 01A03 LEGADO,19.99,16
000000725903,MACAQUINHO VALEEN KIDS MM DIV 04A08 LEGADO,19.99,16
000000742771,MACAQUINHO VILA FLOR MM V647 04A10 LEGADO,19.99,16
000000742849,REGATA VILA FLOR MM V641 04A10 LEGADO,19.99,16
000000746304,BERMUDA 1BIGO MOL 251467 01A03 LEGADO,19.99,16
000000749718,CROPPED MALWEE COTTON 124309 12A18 LEGADO,19.99,16
000000751339,CAMISETA BRINCAR ARTE MM 8622 PMG M LEGADO,19.99,16
000000758826,BLUSA ROVITEX 3137442 04A08 FEM LEGADO,19.99,16
000000765855,REGATA MALWEE MM 122915 04A08 MASC LEGADO,19.99,16
000000765862,CAMISETA MALWEE MM 122744 01A03 MAS LEGADO,19.99,16
000000773751,CAMISETA OVER SURF MJ7020 10A16 BAS LEGADO,19.99,16
000000774093,SHORT FORCA DO MAR TACTEL 4A8 LISO,24.99,16
000000780261,CROPPED RALAKIDS M 52324 10A16 ANAR LEGADO,19.99,16
000000783057,CAMISETA ROVITEX 904022 4A8 BAS MAS LEGADO,19.99,16
000000783064,CAMISETA ROVITEX 904021 1A3 BAS MAS LEGADO,19.99,16
000000785693,CALCA CARLYLE XIMPA 10A16 MASC LEGADO,19.99,16
000000787819,REGATA MALWEE MALHA 14067,19.99,16
000000793766,CAMISETA ROVITEX MM 302584 4A8 MASC LEGADO,19.99,16
000000795104,BLUSA ROVITEX VISCO 314149 4A8 LEGADO,19.99,16
000000796118,REGATA/MACHAO MACHAO MAXSHOP LEGADO,19.99,16
000000808088,CAMISETA GOLA CARECA MAXSHOP LEGADO,19.99,16
000000632058,LEGGING PITISKA MOLECOT 2274-77 1A3 LEGADO,14.99,16
000000650823,BERMUDA CDKA MOL 4800 10A16,19.99,16
000000704144,BLUSA MALWEE MALHA 86762 01A03,14.99,16
000000749015,BLUSA MALWEE MM 120447 01A03 SM LEGADO,14.99,16
000000749701,CROPPED MALWEE COTTON 124309 04A10 LEGADO,14.99,16
000000749961,BLUSA ARTE B COTTON M0798 JUV SILK LEGADO,14.99,16
000000749978,BLUSA ARTE B COTTON M0122 JUV LISA LEGADO,14.99,16
000000749992,REGATA ARTE B COTTON M0803 JUV SILK LEGADO,14.99,16
000000750004,REGATA ARTE B COTTON 30064 JUV LISA LEGADO,14.99,16
000000750011,BLUSA ARTE B COTTON DIV 4A8 SILK LEGADO,14.99,16
000000750028,BLUSA ARTE B COTTON DIV 4A8 LISA LEGADO,14.99,16
000000750431,CAMISETA ARTE B MM DIV 4A8 SILK LEGADO,14.99,16
000000762779,CAMISETA DRAZZO DIVERSAS 02A08 MASC LEGADO,14.99,16
000000773775,CAMISETA OVER SURF BASICA 02A08 LEGADO,14.99,16
000000785686,CALCA CARLYLE XIMPA 4A8 MASC LEGADO,14.99,16
000000799317,SHORT TRADICIONAL MAXSHOP LEGADO,14.99,16
000000799669,BLUSA T-SHIRT MAXSHOP LEGADO,14.99,16
000000799676,REGATA TRADICIONAL MAXSHOP LEGADO,14.99,16
000000800624,REGATA TRADICIONAL MAXSHOP LEGADO,14.99,16
000000800792,BLUSA T-SHIRT MAXSHOP LEGADO,14.99,16
000000807913,CROPPED SEM BOJO MAXSHOP LEGADO,14.99,16
000000807975,REGATA/MACHAO REGATA MAXSHOP LEGADO,14.99,16
000000808071,CAMISETA GOLA CARECA MAXSHOP LEGADO,14.99,16
000000811293,CAMISETA DESAYNER MM 7730 10A14,19.99,16
000000811309,CAMISETA DESAYNER MM 7745 10A14,19.99,16
000000811361,MACHAO DESAYNER MM 5201 10A14,14.99,16
000000335836,CALCA LUIZINHO SOFT 9294 8563 1A3,9.99,16
000000342742,SHORT ANEX SARJA  4A8 FEM LEGADO,14.99,16
000000439350,BERMUDA ANEX SARJA 115 01A03 LISTA LEGADO,14.99,16
000000566193,REGATA OVER MM 20556 10A16 MASC LEGADO,14.99,16
000000566254,BLUSA VITORIA MM 1002 1A8 DISNEY LEGADO,14.99,16
000000581974,CODIGOS DIVERSOS LEGADO,14.99,16
000000689502,CAMISETA KIKO MM 10114 PMG LEGADO,14.99,16
000000698733,CAMISETA ELEMENTO ZERO MM 1004 2A8 LEGADO,14.99,16
000000727761,LEGGING ARTE BASICA COTTON M048 4A8 LEGADO,14.99,16
000000750035,REGATA ARTE B COTTON M0794 4A8 SILK LEGADO,14.99,16
000000750042,REGATA ARTE B COTTON M0118 4A8 LISA LEGADO,14.99,16
000000750059,REGATA ARTE B COTT DIV 1A3 FEM LISA LEGADO,9.99,16
000000750066,REGATA ARTE B COTTON M0710 1A3 SILK LEGADO,9.99,16
000000750073,BLUSA ARTE B COTTON M0782 1A3 SILK LEGADO,9.99,16
000000750080,BLUSA ARTE B COTTON M0099 1A3 LISA LEGADO,9.99,16
000000750370,REGATA ARTE B MM DIVERSAS 01 03 MAS LEGADO,9.99,16
000000750387,REGATA ARTE B MM DIVERSAS 04A08 MAS LEGADO,9.99,16
000000750417,CAMISETA ARTE B MM DIV 1A3 SILK LEGADO,9.99,16
000000754354,REGATA FSJ MM DIV JUV LISA LEGADO,14.99,16
000000755719,CALCA AMPLIATO SUPLEX 560 04A08 LEGADO,14.99,16
000000764643,CAMISETA VITORIA MM 25022 4A8 SILK LEGADO,9.99,16
000000764650,CAMISETA VITORIA MM 25023 JUV SILK LEGADO,14.99,16
000000773805,BERMUDA ARTE BASIC COT 31137 JUV CI LEGADO,14.99,16
000000785679,CALCA CARLYLE XIMPA 1A3 MASC LEGADO,14.99,16
000000799546,REGATA/MACHAO REGATA MAXSHOP LEGADO,9.99,16
000000799560,REGATA/MACHAO REGATA MAXSHOP LEGADO,14.99,16
000000800341,REGATA/MACHAO REGATA MAXSHOP LEGADO,14.99,16
000000800365,CAMISETA GOLA CARECA MAXSHOP LEGADO,14.99,16
000000808064,CAMISETA GOLA CARECA MAXSHOP LEGADO,9.99,16
000000610001,BERMUDA DEFINITIVA TACTEL 001 10A14,9.99,16
000000773799,BERMUDA ARTE BASI COT 31102 4A10 CI LEGADO,9.99,16
000000454728,BERMUDA DEFINITIVA TACTEL 001 4A8,9.99,16
000000669825,CROPPED ROVITEX MM 616340 JUV LEGADO,9.99,16
000000689496,CAMISETA KIKO MM 10105 PMG LEGADO,9.99,16
000000689557,MACHAO KIKO MM 10115 PMG LEGADO,9.99,16
000000773782,BERMUDA ARTE BASI COT 31057 1A3 CIC LEGADO,9.99,16
000000784184,SHORT ROTA DA ONDA TACTEL 04A14 FEM LEGADO,9.99,16
000000217477,BERMUDA M ABU JEANS 192 10 16 MASC LEGADO ZZ,7.99,16
000000307413,BERMUDA OLIK LYCRA 0561 0568 0662 LEGADO ZZ,7.99,16
000000221443,VESTIDO CURTO MALWEE LEGADO P,7.99,16
000000258227,VESTIDO CURTO MALWEE LEGADO P,7.99,16
000000322126,CONJUNTO KAMYLUS MALHA 5239 01A03 LEGADO ZZ,7.99,16
000000186643,BLUSA T-SHIRT MALWEE LEGADO P,7.99,16
000000240321,BLUSA T-SHIRT MAXSHOP LEGADO P,7.99,16
000000338653,BABY LOOK LX COTTON 2020 10A16,7.99,16
000000243858,CAMISA M LONGA COM BOLSO CAEDU LEGADO P,7.99,16
000000203937,REGATA/MACHAO REGATA MAXSHOP LEGADO P,7.99,16
000000239837,BLUSA T-SHIRT ROVITEX LEGADO P,4.99,16
000000240390,BLUSA BATA MAXSHOP LEGADO P,4.99,16
000000214094,VESTIDO CURTO MAXSHOP LEGADO P,4.99,16
000000247481,CALCA MALWEE 30140 04 08 FEM,7.99,16
000000318693,CAMISETA BRANDILI MALHA 31197 04A10 LEGADO ZZ,7.99,16
000000082044,CONJUNTO SOLETEX MALHA 10 14 POLO LEGADO ZZ,7.99,16
000000289160,VESTIDO CURTO MAXSHOP LEGADO P,4.99,16
000000333610,BLUSA MALWEE RIBANA 00064 10A16 FEM LEGADO ZZ,4.99,16
000000373708,BLUSA KELY KETY MALHA 40108 01A03 LEGADO ZZ,4.99,16
000000370752,BLUSA TIFA MALHA MM2031 10A16,4.99,16
000000355292,BLUSA LX COTTON 5065 1A3 LEGADO ZZ,4.99,16
000000379878,BERMUDA GANGSTER JEANS 37010382 JUV LEGADO ZZ,9.99,16
000000395663,CAMISA MX72 PA 1429 MC 05A08 MASC LEGADO ZZ,9.99,16
000000404150,BLUSA TANGRAN VISCOLY 0156822 12A16 LEGADO ZZ,9.99,16
000000380003,CAMISETA GANGSTER MM 86010057 04A08 LEGADO ZZ,9.99,16
000000373302,REGATA STARS MM DIV 04A10 MACHAO LEGADO ZZ,4.99,16
000000344531,SHORT ARREBITADINHA JEANS 73601 JUV LEGADO ZZ,4.99,16
000000402279,CAMISETA TIFA MALHA MM3213 10A16 LEGADO ZZ,4.99,16
000000405294,CALCA GANGSTER SARJA 730110004 04A8 LEGADO ZZ,4.99,16
000000425872,CALCA TRANSITIVO SARJA 3053 JUV PRE LEGADO ZZ,4.99,16
000000430067,BERMUDA GANGSTER 37030075 JUV LEGADO ZZ,4.99,16
000000442954,BLUSA ROVITEX VISCOTON 612053 12A18 LEGADO ZZ,4.99,16
000000447584,BERMUDA GANGSTER SARJA 37030098 JUV LEGADO ZZ,4.99,16
000000431255,BERMUDA NELL ONDA MOLETON 2967 JUV,4.99,16
000000442947,BLUSA ROVITEX VISCOTON 612068 12A18,4.99,16
000000404709,CAMISA GANGSTER MM 63010470 JUV POL LEGADO ZZ,4.99,16
000000472838,CALCA SDA JEANS 1898 10A16 LEGADO ZZ,9.99,16
000000451659,CAMISETA FATAL 12143 JUVENIL LEGADO ZZ,9.99,16
000000425896,BERMUDA TRANSITIVO JEANS 1001 10A16 LEGADO ZZ,9.99,16
000000474870,BERMUDA VILEJACK LYCRA 04A08 MASC D,9.99,16
000000465700,BLUSA HELLO KITTY COTTON 87542 JUV LEGADO ZZ,9.99,16
000000474894,BERMUDA VILEJACK SARJA 10A16 MASC D LEGADO ZZ,9.99,16
000000488327,CONJUNTO DUZIZO MM 4415 MASC LEGADO ZZ,9.99,16
000000476683,CALCA MAX DENIM LYCRA 8068 08A16 M,9.99,16
000000467483,CAMISETA FAKINI MALHA 2244 04A10 MA,9.99,16
000000472845,CALCA SDA JEANS 1764 04A08,4.99,16
000000476676,CALCA MAX DENIM LYCRA 8069 08A16 M,4.99,16
000000476690,CALCA MAX DENIM LYCRA 8066 08A16 M,4.99,16
000000476706,CALCA MAX DENIM SARJA 8065 08A16 M,4.99,16
000000476737,CALCA MAX DENIM SARJA 8074 08A16 M,4.99,16
000000476744,CALCA MAX DENIM LYCRA 9080 08A16 F,4.99,16
000000476751,CALCA MAX DENIM LYCRA 9082 08A16 F,4.99,16
000000476775,CALCA MAX DENIM LYCRA 9083 08A16 F,4.99,16
000000479141,BERMUDA GANGSTER MOLET 37140008 JUV,4.99,16
000000479516,BERMUDA GANGSTER JEANS 37070009 JUV,4.99,16
000000425902,BERMUDA TRANSITIVO JEANS 1002 10A16 LEGADO ZZ,4.99,16
000000474832,CALCA VILEJACK LYCRA 04A08 MASC DIV LEGADO ZZ,4.99,16
000000474856,CALCA VILEJACK SARJA 10A16 MASC DIV LEGADO ZZ,4.99,16
000000476782,CALCA MAX DENIM SARJA 9085 08A16 F LEGADO ZZ,4.99,16
000000479172,REGATA GANGSTER M M 33120004 10A16 LEGADO ZZ,4.99,16
000000483230,VESTIDO PETTI BOLI CETIN 2016 01A03 LEGADO ZZ,4.99,16
000000420792,CAMISA MX72 JEANS 17186 ML 04A16,4.99,16
000000446372,CAMISA TEODORO ALGODAO 10A14 MAS ML,4.99,16
000000465458,CALCA HELLO KITTY JEANS 87034 10A14,4.99,16
000000465540,VESTIDO HELLO KITTY TEC 87512 04A08,4.99,16
000000468763,VESTIDO ROVITEX MALHA 111140 12A16,4.99,16
000000474863,BERMUDA VILEJACK LYCRA 10A16 MASC D,4.99,16
000000474887,BERMUDA VILEJACK SARJA 04A08 MASC D,4.99,16
000000479455,CALCA GANGSTER JEANS 73050012 04A08,4.99,16
000000489379,CAMISA MX72 JEANS 17399 10A16 MC,4.99,16
000000457293,VESTIDO KELLY KETTY 80151 01A03 BOL,4.99,16
000000469326,VESTIDO PETTI BOLI CETIM 2018 04A12,4.99,16
000000404761,CAMISETA GANGSTER MM DIVERSAS 04A08,4.99,16
000000465977,VESTIDO HELLO KITTY COT 87575 01A03,4.99,16
000000474399,BERMUDA NELL ONDA MOLET 3248 04A08,4.99,16
000000479134,BERMUDA GANGSTER JEANS 95070007 4A8,4.99,16
000000480383,REGATA OVER CORE MM 33180020 10A16,4.99,16
000000480390,REGATA OVER CORE MM 33010277 10A16,4.99,16
000000447225,REGATA OVER CORE MM 33010274 JUV,4.99,16
000000467315,VESTIDO FAKINI MALHA 2638 04A10,4.99,16
000000482134,BABY LOOK COTTON CO2334 PMG FEM,4.99,16
000000488433,CAMISA DUZIZO M M 4417 POLO MASC,4.99,16
000000488501,CONJUNTO DUZIZO MM 4449 04A08 FEM,4.99,16
000000436007,CAMISETA GANGSTER MM 99030025 INF LEGADO ZZ,4.99,16
000000443494,CAMISETA FATAL MM 14112 10A16 LEGADO ZZ,4.99,16
000000443678,CAMISA MX72 17185 17188 PA JUV ML LEGADO ZZ,4.99,16
000000449595,SHORT CEREJA ROSA MOLETIM 76018 JUV LEGADO ZZ,4.99,16
000000452021,CALCA FIORUCCI SARJA JEANS 04A16 MA LEGADO ZZ,4.99,16
000000459112,CAMISETA LOCAL MALHA 17684 10A16 LEGADO ZZ,4.99,16
000000460491,VESTIDO ROVITEX RENDA 111046 04A08 LEGADO ZZ,4.99,16
000000465465,VESTIDO HELLO KITTY COT 87505 01A03 LEGADO ZZ,4.99,16
000000465489,VESTIDO HELLO KITTY MOL 87515 04A08 LEGADO ZZ,4.99,16
000000465786,CALCA HELLO KITTY JEANS 87034 04A08 LEGADO ZZ,4.99,16
000000470476,CALCA JEZZIAN JEANS MASC 10A16 SKIN LEGADO ZZ,4.99,16
000000471473,VESTIDO RALAKIDS MM 34177 04A08 EST LEGADO ZZ,4.99,16
000000472425,BLUSA MARLAN COTTON 44372 04A08 LEGADO ZZ,4.99,16
000000472555,REGATA MARLAN COTTON 54006 04A08 FE LEGADO ZZ,4.99,16
000000472890,BERMUDA SDA SARJA 1633 04A08 LEGADO ZZ,4.99,16
000000473095,CAMISETA ESTILO TROPICAL 17200 JUV LEGADO ZZ,4.99,16
000000473651,CAMISETA MOMENTUS MM 38123 10A16 LEGADO ZZ,4.99,16
000000473996,CAMISETA LOCAL MM 17850 10A16 LEGADO ZZ,4.99,16
000000475396,CAMISA MX72 MICRO 17398 JUV MASC MC LEGADO ZZ,4.99,16
000000476720,CALCA MAX DENIM SARJA 8071 08A16 M LEGADO ZZ,4.99,16
000000481625,VESTIDO TOP ORANGE VISC 3780 PMG LEGADO ZZ,4.99,16
000000490146,BERMUDA IKATEX MASC 04A08 DIVERSAS LEGADO ZZ,4.99,16
000000465960,VESTIDO HELLO KITTY COT 87575 04A08 LEGADO ZZ,4.99,16
000000471527,MACAQUINHO RALAKIDS MM 3305 04A08 LEGADO ZZ,4.99,16
000000482479,CONJUNTO POKOTINHA 3585 04A08 FEM LEGADO ZZ,9.99,16
000000516112,CAMISA MX72 ALG 18786 ABACAXI JUV LEGADO ZZ,9.99,16
000000491716,CALCA NELL ONDA MOLETOM 3353 JUVENI,9.99,16
000000491433,CALCA NELL ONDA MOLETOM 3323 INFANT,9.99,16
000000507769,SHORT BEBELO JEANS 640 POMPOM F JUV LEGADO ZZ,9.99,16
000000515856,VESTIDO PLAY GRAUND SPORT 3657 4A10 LEGADO ZZ,9.99,16
000000474818,CALCA VILEJACK LYCRA 04A08 FEM DIV,9.99,16
000000491402,CALCA NELL ONDA MOLETOM 3320 04A08,4.99,16
000000500197,CAMISA GANGSTER JEANS 76050005 4A8,4.99,16
000000516136,CAMISA MX72 ALG 18789 CAVEIRA JUV,4.99,16
000000455855,MACAQUINHO XICOTINHA JEANS INF,4.99,16
000000510493,CONJUNTO ALICE VISC 04A08 C SAIA DI,4.99,16
000000510608,SHORT THL BRIM 151 01A03 DIV,4.99,16
000000514170,CONJUNTO ROVITEX TEC 318472 04A08 F,4.99,16
000000514194,CONJUNTO ROVITEX TEC 318526 01A03 F,4.99,16
000000474849,CALCA VILEJACK SARJA 04A08 MASC DIV LEGADO ZZ,4.99,16
000000495479,CAMISETA DUZIZO MALHA DIV INF LEGADO ZZ,4.99,16
000000495493,CAMISETA DUZIZO ALGODAO DIVER INF LEGADO ZZ,4.99,16
000000495516,SHORT DUZIZO MOLET 5039 FEM INF LEGADO ZZ,4.99,16
000000495967,REGATA FAKINI MALHA 3516 12A18 MASC LEGADO ZZ,4.99,16
000000503365,CALCA VILEJACK SARJA 10A16 CARAM MA LEGADO ZZ,4.99,16
000000520102,CAMISETA NICOBOCO MM 112055 10A16 LEGADO P,4.99,16
000000412087,CALCA JYF JEANS 04A08 MASC,4.99,16
000000422918,CAMISETE SDA JEANS 1695 10A16 FEM,4.99,16
000000455862,VESTIDO XICOTINHA JEANS INF,4.99,16
000000472760,CALCA SDA JEANS DIVERSAS 10A16 FEM,4.99,16
000000493086,REGATA FAKINI MALHA 3247 04A10,4.99,16
000000498531,VESTIDO FAKINI MOLETON 1637 04A10,4.99,16
000000500098,CAMISETA GANGSTER MM 31510008 ML JV,4.99,16
000000501095,CONJUNTO MARLAN MOLT 22356 04A08,4.99,16
000000503686,CAMISETA RAGLAN M 7400 10A16 ML,4.99,16
000000504423,CONJUNTO BRINCAR E ARTE MOLET 3826,4.99,16
000000504935,CALCA JEZZIAN SARJA COLLOR M 10A16,4.99,16
000000504942,CALCA JEZZIAN JEANS BASICA M 10A16,4.99,16
000000505727,CALCA SDA SARJA 10A16 COLLOR MASC,4.99,16
000000507844,CALCA BEBELO 646 JEANS FEM 10A16,4.99,16
000000507868,CALCA BEBELO 695 JEANS FEM 10A16,4.99,16
000000508292,VESTIDO DUZIZO MALHA 4901 4A8 LONGO,4.99,16
000000514163,CAMISA ROVITEX TRIC 3087402 04A08 M,4.99,16
000000515719,VESTIDO QUEBRA CABECA SCUBA 1048 IN,4.99,16
000000515726,VESTIDO QUEBRA CABECA SCUBA 1028 IN,4.99,16
000000515788,CONJUNTO QUEBRA CABECA COT 1051 1A4,4.99,16
000000515849,VESTIDO PLAY GRAUND SPORT 3623 1A3,4.99,16
000000518499,CONJUNTO BEIJOKA COTTON 8513 04A08,4.99,16
000000520089,CAMISETA NICOBOCO MM 112050 10A16,4.99,16
000000518604,CONJUNTO KIKO MALHA 4863 01A03 FEM,4.99,16
000000317153,BERMUDA LA ONDA 1170 71 77 0998 1A3,4.99,16
000000323505,BLUSA FAKINI MALHA 3802 12A18,4.99,16
000000390118,VESTIDO TRIC NICK L608 01A14 VERAO,4.99,16
000000468695,CAMISETA ROVITEX MALHA 90068 10A16,4.99,16
000000482035,REGATA TIFA MALHA MM6393 MASC 10A14,4.99,16
000000482301,CAMISETA TIFA MALHA MM6401 10A16,4.99,16
000000492157,CAMISETA NELL ONDA 3423 ML JUVENIL,4.99,16
000000493956,CAMISA DUZIZO POA 4631 MAS POLO INF,4.99,16
000000495851,BERMUDA FAKINI MALHA 3765 12A18,4.99,16
000000495875,BERMUDA FAKINI MALHA 3683 04A10,4.99,16
000000495974,REGATA FAKINI MALHA 3685 04A10 MASC,4.99,16
000000495981,REGATA FAKINI MALHA 3687 04A10 MASC,4.99,16
000000496049,CAMISETA FAKINI MALHA 3512 04A10,4.99,16
000000500081,CAMISETA GANGSTER MM 31510014 ML JV,4.99,16
000000500111,CAMISETA GANGSTER MM 99170004 ML JV,4.99,16
000000500142,CAMISETA GANGSTER MM 31490003 MC JV,4.99,16
000000500906,CAMISETA OVERCORE MM 31180134 JUV,4.99,16
000000501101,CONJUNTO MARLAN MOLT 22381 01A03 MA,4.99,16
000000504355,BLUSA BRINCAR E ARTE COTTON 3866 IN,4.99,16
000000507257,BLUSA KELLY KETTY MOL 72008 PMG,4.99,16
000000507783,SHORT BEBELO SARJA 629 PRETO F JUV,4.99,16
000000508070,CONJUNTO DUZIZO MALHA 4805 PMG FEM,4.99,16
000000508261,REGATA DUZIZO MALHA 4835 PMG MASC,4.99,16
000000508568,CAMISETA KELLY KETTY MALH 29024 JUV,4.99,16
000000509435,BLUSA BEIJOKA COTTON 8328 10A14,4.99,16
000000509473,BLUSA BEIJOKA COTTON 8330 04A08 REG,4.99,16
000000509480,MACAQUINHO BEIJOKA COTTON 8336 04A8,4.99,16
000000509541,SAIA BEIJOKA COTTON 8409 10A14,4.99,16
000000509640,BLUSA GLOSS MALHA DIVERSAS JUV,4.99,16
000000509657,BLUSA GLOSS VISCO DIVERSAS JUV,4.99,16
000000509664,BLUSA GLOSS VISC DIVERSAS REG JUV,4.99,16
000000510707,VESTIDO MISS SS CROQ 0119 0120 4A10,4.99,16
000000511629,SAIA TIFA MOLETON MT6570 10A14,4.99,16
000000511636,VESTIDO TIFA COTTON 6565 SILK 10A14,4.99,16
000000513685,REGATA TIFA MALHA 6394 10A16 MASC,4.99,16
000000513715,CAMISETA TIFA MALHA MM6397 10A16,4.99,16
000000515382,CONJUNTO 1BIGO MALHA 2657 04A08 MAS,4.99,16
000000515467,VESTIDO FORFAN MALHA 6110 01A03,4.99,16
000000515566,REGATA FAKINI MALHA 3208 PMG MASC,4.99,16
000000518536,CAMISETA BEIJOKA MALHA 8545 01A03,4.99,16
000000518581,CONJUNTO KIKO MALHA 4971 04A10 MAS,4.99,16
000000518703,CAMISETA KIKO MALHA 4984 04A10,4.99,16
000000519731,CAMISETA ECKO MM E359A 10A16,4.99,16
000000519762,REGATA ECKO MM E373A 10A16,4.99,16
000000520065,CAMISETA NICOBOCO MM 111990 10A16,4.99,16
000000521024,CAMISETA LOCAL MM 17741 10A16 DIFER,4.99,16
000000521833,REGATA FBR MM 7713 10A16 MASC,4.99,16
000000375900,BERMUDA LA ONDA SARJA 10A16 COLLOR,4.99,16
000000511476,SHORT TIFA MOLETON 6586 C BOTAO PMG,4.99,16
000000317634,CAMISETA GANGSTER MM 10A16 DIVERSAS LEGADO ZZ,4.99,16
000000439381,BERMUDA VIA BOY 4CAB JUV ELAST 3BOL LEGADO ZZ,4.99,16
000000470254,BABY LOOK DUZIZO MALHA 4299 04A08 LEGADO ZZ,4.99,16
000000474474,REGATA NELL ONDA MM 3262 10A16 LEGADO ZZ,4.99,16
000000480222,CAMISETA OVER CORE MM 30011667 JUV LEGADO ZZ,4.99,16
000000483674,BLUSA E D VERTIDO COTTON 3321 01A03 LEGADO ZZ,4.99,16
000000487320,CAMISETA KAMYLUS MALHA 9075 12A18 LEGADO ZZ,4.99,16
000000496056,SHORT FAKINI MALHA 3704 12A18 FEM LEGADO ZZ,4.99,16
000000497572,CAMISETA KELLY KETTY MALHA 24277 IN LEGADO ZZ,4.99,16
000000498524,VESTIDO FAKINI MOLETON 1027 01A03 LEGADO ZZ,4.99,16
000000501248,VESTIDO MARLAN MALHA 25102 04A08 LEGADO ZZ,4.99,16
000000502191,CAMISETA LOCAL MM 96003 MASC INFANT LEGADO ZZ,4.99,16
000000506328,CAMISETA GANGSTER MM 86010369 04A08 LEGADO ZZ,4.99,16
000000507851,CALCA BEBELO JEANS 558 FEM 10A16 LEGADO ZZ,4.99,16
000000508094,CONJUNTO DUZIZO MALHA 4840 1A3 FEM LEGADO ZZ,4.99,16
000000508391,SHORT DUZIZO MALHA 4856 01A03 LEGADO ZZ,4.99,16
000000508582,CONJUNTO KELLY KETTY MALH 43000 1A3 LEGADO ZZ,4.99,16
000000508605,CONJUNTO KELLY KETTY MALH 45006 1A3 LEGADO ZZ,4.99,16
000000509671,BLUSA GLOSS TECI DIVERSAS JUV LEGADO ZZ,4.99,16
000000510790,MACAQUINHO MISS SS VISC 1278 10A14 LEGADO ZZ,4.99,16
000000514187,CONJUNTO ROVITEX TEC 318473 04A08 F LEGADO ZZ,4.99,16
000000514675,BLUSA KELY KETY MALHA 66055 12A18 LEGADO ZZ,4.99,16
000000514989,CONJUNTO KELY KETY MAL 50266 1A3 F LEGADO ZZ,4.99,16
000000515535,CONJUNTO FORFAN MALHA 6321 04A08 MA LEGADO ZZ,4.99,16
000000515702,VESTIDO QUEBRA CABECA CREPE 1000 MG LEGADO ZZ,4.99,16
000000515771,CONJUNTO QUEBRA CABECA COT 1015 1A4 LEGADO ZZ,4.99,16
000000516150,CAMISA MX72 FIO A FIO 18783 JUV ML LEGADO ZZ,4.99,16
000000516167,CAMISA MX72 ALG 18784 JUV ML ESTAMP LEGADO ZZ,4.99,16
000000516686,CAMISETA DUZIZO MALHA 5073 04A08 MA LEGADO ZZ,4.99,16
000000519489,VESTIDO POKOTINHA CHIFRON 4046 04A8 LEGADO ZZ,4.99,16
000000483896,CONJUNTO MARIA AMORA COT 3371 04A10 LEGADO ZZ,4.99,16
000000510783,VESTIDO MISS SS VISC 1281 10A14 LON LEGADO ZZ,4.99,16
000000545358,VESTIDO ROVITEX MALHA 119220 1A3,14.99,16
000000555722,VESTIDO KAMYLUS MALHA 9930 12A18 LEGADO ZZ,9.99,16
000000539340,SHORT DUZIZO INFANTIL LEGADO ZZ,9.99,16
000000535359,CALCA VILEJACK SARJA 10A16 CAQUI,9.99,16
000000545396,VESTIDO TRICNICK TULE 119221 1A3,9.99,16
000000510165,CALCA ANEX 210 JEANS 10A16 MASC,9.99,16
000000552417,CAMISA MX72 MISTO 19590 JUV MC LIST,9.99,16
000000552431,CAMISA MX72 ALG 19589 INF JUV MC,9.99,16
000000552448,CAMISA MX72 VISCOSE 19585 INF JUV,9.99,16
000000552486,CAMISA MX72 MISTO 19594 INF JUV ML,9.99,16
000000530811,CAMISETA ROVITEX MALHA 300943 4A10,9.99,16
000000544993,SHORT AYLAHT SARJA 2039 4A8 CINTO LEGADO ZZ,9.99,16
000000434980,CALCA LA ONDA SARJA DIV 10A16 MASC,9.99,16
000000535878,CAMISA MX72 MESCLA 19102 INF JUV ML,9.99,16
000000537742,CALCA BOB B JEANS 13064 1A3 FEM,9.99,16
000000537780,CALCA BOB B JEANS 14164 4A8 FEM,9.99,16
000000537803,CALCA BOB B JEANS 14091 4A8 FLEAR,9.99,16
000000537810,CALCA BOB B JEANS 15187 JUV FEM,9.99,16
000000537827,CALCA BOB B JEANS 15158 15157 JUV F,9.99,16
000000537872,CALCA BOB B JEANS 11134 4A8 MASC JO,9.99,16
000000539951,CALCA JEZZIAN JEANS 157544 JUV FLAI,9.99,16
000000545341,VESTIDO ROVITEX MALHA 119117 1A3,9.99,16
000000545372,VESTIDO TRICNICK CETIM 119230 4A10,9.99,16
000000545402,VESTIDO TRICNICK TULE 119231 4A10,9.99,16
000000552424,CAMISA MX72 FLAME 19587 INF JUV MC,9.99,16
000000557191,BERMUDA ECXO SARJA 10A16 CAMUFLADA,9.99,16
000000545952,VESTIDO TIFA VISCO VS3303 JUV LEGADO ZZ,9.99,16
000000553988,BERMUDA 1BIGO MOL 3805 10A14 TRICOL LEGADO ZZ,9.99,16
000000555739,VESTIDO KAMYLUS LESE 9936 12A18 LEGADO ZZ,9.99,16
000000531450,CALCA 1BIGO HELANCA 2783 4A8,7.99,16
000000535861,CAMISA MX72 MESCLA 19109 INF JUV ML,7.99,16
000000537834,CALCA BOB B JEANS 15183 JUV FEM,7.99,16
000000544214,CONJ DUZIZO CREPE 5415 4A8 PANTACUR,7.99,16
000000544351,MACAQUINHO DUZIZO CREPE 5444 10A16,7.99,16
000000545334,VESTIDO TRICNICK POPEL.318592 1A3,7.99,16
000000546904,REGATA GANGSTER MM 33040090 10A16,7.99,16
000000549295,SHORT BOB B JEANS 23343 10A16 FEM,7.99,16
000000550949,BERMUDA LA ONDA JEANS 1A3 MASC,7.99,16
000000556132,VESTIDO FAKINI MALHA 3827 12A18,7.99,16
000000532969,CAMISA BY FOR MEN TRIC DIV 4A16 ML,7.99,16
000000550925,BERMUDA EVALIN SARJA 173 10A16 LISO,7.99,16
000000555418,SHORT ROVITEX MOLET 614432 12A18,7.99,16
000000556088,VESTIDO BEIJINHO MALHA 8852 10A16,7.99,16
000000521048,CAMISETA LOCAL MM 17762 10A16 DIFER LEGADO ZZ,7.99,16
000000521697,CAMISETA FBR MM 7663 04A08 MASC LEGADO ZZ,7.99,16
000000525336,LEGGING DUZIZO MOLECOTTON 5111 5115 LEGADO ZZ,7.99,16
000000531054,CAMISETA FAKINI MALHA 1225 1A3 MASC LEGADO ZZ,7.99,16
000000541855,CONJUNTO KELY KETY MM 43275 1A3 FEM LEGADO ZZ,7.99,16
000000553919,BERMUDA 1BIGO MOL 1834 1A3 SILK DET LEGADO ZZ,7.99,16
000000556521,CAMISETA KELY KETY MM 51912 12A18 LEGADO ZZ,7.99,16
000000357418,BLUSA FAKINI MALHA 1077 4A10,4.99,16
000000474825,CALCA VILEJACK SARJA LYCR JUV PRETA,4.99,16
000000527750,CAMISETA DUZIZO MALHA 5258 JUV. ML,4.99,16
000000529372,BLUSA BEIJINHO VISCOLYCRA 8580 4A8,4.99,16
000000531078,CAMISETA FAKINI MALHA 1226 1A3 MASC,4.99,16
000000532952,CAMISA BY FOR MEN TRIC DIV 4A16,4.99,16
000000534451,BLUSA KELY KETY MALHA 60737 4A10 F,4.99,16
000000534499,BLUSA KELY KETY MALHA 60739 4A10 F,4.99,16
000000539791,BLUSA ROVITEX MM 614154 10A16 FEM,4.99,16
000000540414,BLUSA ROVITEX MALHA 111563 4A10 FEM,4.99,16
000000540926,SHORT ROVITEX MOLETINH 614163 JUV F,4.99,16
000000541701,BLUSA KELY KETY MM 43597 4A10 FEM,4.99,16
000000541848,CONJUNTO KELY KETY MM 43270 1A3 FEM,4.99,16
000000541879,VESTIDO KELY KETY MM 43590 4A10,4.99,16
000000542326,SHORT 1BIGO TACTEL 3779 10A14 MASC,4.99,16
000000542371,BERMUDA 1BIGO MOLETIN 2856 4A8 FOLH,4.99,16
000000542395,BERMUDA 1BIGO MOLETINHO 3776 JUV MA,4.99,16
000000543644,VESTIDO FORFAN MALHA 2170 1A3,4.99,16
000000543767,CONJUNTO FORFAN MALHA 2184 4A8 FEM,4.99,16
000000544177,CONJ DUZIZO MM TACTEL 5366 1A3 MASC,4.99,16
000000544184,CONJ DUZIZO MM TACTEL 5428 4A8 MASC,4.99,16
000000544306,REGATA DUZIZO COTTON 5410 4A8 FEM,4.99,16
000000544344,REGATA DUZIZO MALHA 5435 4A8 MASC,4.99,16
000000545655,CONJUNTO ROVITEX MM 318657 4A10 FEM,4.99,16
000000545662,CONJUNTO ROVITEX MM 318600 4A10 FEM,4.99,16
000000545679,CONJUNTO ROVITEX MM 318602 2A3 FEM,4.99,16
000000546003,CALCA RED CULT 4CABOS 93 10A16 LISA,4.99,16
000000546690,CAMISETA GANGSTER MALH 86010446 4A8,4.99,16
000000546935,REGATA GANGSTER MM 33040086 10A16,4.99,16
000000549257,SHORT BOB B JEANS 21451 2A3 FEM,4.99,16
000000549288,SHORT BOB B JEANS 23465 10A16 FEM,4.99,16
000000549363,BERMUDA BOB B JEANS 17305 4A8 MASC,4.99,16
000000549721,CAMISETA FATAL MM 19042 10A16 P2,4.99,16
000000550123,REGATA FATAL MM 17326 10A16,4.99,16
000000550864,BERMUDA EVALIN SARJA 032 4A8 COS RI,4.99,16
000000550871,BERMUDA EVALIN SARJA 172 4A8 LISA,4.99,16
000000551397,CAMISETA ALLFREE MM 71056 4A8,4.99,16
000000555043,CAMISETA ROVITEX MALHA 100996 4A10,4.99,16
000000555777,REGATA KAMYLUS MALHA 82166 1A3 MASC,4.99,16
000000556231,BLUSA FORFAN MALHA 3182 4A8 FEM,4.99,16
000000556378,REGATA FATAL MM 23996 10A16,4.99,16
000000544283,SHORT DUZIZO TACTEL 5409 4A8 FEM,4.99,16
000000550802,SHORT EVALIN JEANS 040 4A10 BAR VIR,4.99,16
000000550901,BERMUDA EVALIN SARJA 382 4A8 XADREZ,4.99,16
000000555760,REGATA KAMYLUS MALHA 11672 4A10 MAS,4.99,16
000000556347,SHORT FAKINI MALHA 3804 12A18 FEM,4.99,16
000000518475,VESTIDO BEIJOKA COTTON 8366 04A08 LEGADO ZZ,4.99,16
000000521819,REGATA FBR MM 7623 01A03 MASC LEGADO ZZ,4.99,16
000000527736,BLUSA DUZIZO MALHA 5235 JUV. FEM. LEGADO ZZ,4.99,16
000000535533,CAMISETA ECKO MM E577A JUV LEGADO ZZ,4.99,16
000000543750,CONJUNTO FORFAN MALHA 2177 4A8 FEM LEGADO ZZ,4.99,16
000000545235,CAMISETA DUZIZO MM INF MASC LEGADO ZZ,4.99,16
000000545624,BLUSA TRICNICK VISCOSE 614352 12A18 LEGADO ZZ,4.99,16
000000546669,CAMISETA GANGSTER MALH 86010434 4A8 LEGADO ZZ,4.99,16
000000551779,CONJUNTO KAMYLUS LESE 9844 1A3 FEM LEGADO ZZ,4.99,16
000000555616,MACAQUINHO KAMYLUS MALHA 9861 4A10 LEGADO ZZ,4.99,16
000000556576,SHORT KELY KETY MM 66167 12A18 FEM LEGADO ZZ,4.99,16
000000569750,CALCA PARAD SARJ 5809 4A8 JOG CAMUF,14.99,16
000000537926,CALCA BOB B JEANS 12170 JUV MASC LEGADO ZZ,14.99,16
000000539906,BERMUDA BEMAX JEANS 10A16 MASC LEGADO ZZ,9.99,16
000000549356,BERMUDA BOB B JEANS 17363 4A8 MASC LEGADO ZZ,9.99,16
000000555395,VESTIDO ROVITEX MALHA 614415 12A18 LEGADO ZZ,4.99,16
000000578745,CALCA MAX DENIM LYCRA DIV 1A8 MASC LEGADO ZZ,9.99,16
000000581813,CALCA ECXO SARJA 6009 10A16 JOGGER LEGADO ZZ,14.99,16
000000503358,CALCA VILEJACK SARJA 10A16 PRETA MA,9.99,16
000000586986,CAMISA MX72 CAMBRAIA 20594 4A16 ML,9.99,16
000000470452,CALCA JEZZIAN JEANS RASGADA 10A16,9.99,16
000000535342,CALCA VILEJACK SARJA 4A8 CAQUI,9.99,16
000000573535,CALCA AYLAHT JEANS 10105 4A8 FEM JO,9.99,16
000000581837,CALCA ECXO JEANS 6014 10A16 JOGGER,9.99,16
000000586252,MACAQUINHO ROVITEX VISCO 615098 JUV,9.99,16
000000586276,VESTIDO ROVITEX RIBANA 615086 12A18,9.99,16
000000576499,VESTIDO BEIJINHO VISCOL 9267 10A14,9.99,16
000000435741,BLUSA RALAKIDS COTTON 32250 04A08 LEGADO ZZ,9.99,16
000000503334,CALCA VILEJACK SARJA 4A8 CARAMELO M LEGADO ZZ,9.99,16
000000544979,CALCA AYLAHT JEANS 70149 10A16 FLEA LEGADO ZZ,9.99,16
000000548762,CALCA ECXO SARJA 6095 JUV PRETA LEGADO ZZ,9.99,16
000000570886,CALCA RALAKIDS MOL 2169 1A3 MASC LEGADO ZZ,9.99,16
000000572415,BERMUDA 1BIGO HELANCA 3850 JUV LEGADO ZZ,9.99,16
000000573481,CALCA AYLAHT JEANS 40202 JUV FLEAR LEGADO ZZ,9.99,16
000000465601,CONJUNTO HELLO KITTY MM 87533 10A16,9.99,16
000000503341,CALCA VILEJACK SARJA 4A8 PRETA MASC,9.99,16
000000513029,CALCA VILEJACK SARJA 10A16 MARINHO,9.99,16
000000537773,CALCA BOB B JEANS 14159 4A8 FEM,9.99,16
000000544924,SHORT AYLAHT JEANS DIVERSOS 10A16,9.99,16
000000573405,SHORT AYLAHT SARJA 7079 10A16 CINTO,9.99,16
000000573474,CALCA AYLAHT JEANS 254 4A8 FEM CINT,9.99,16
000000573566,CALCA AYLAHT SARJA 50505 4A8 FEM FL,9.99,16
000000573634,BERMUDA AYLAHT JEANS 5077 JUV MASC,9.99,16
000000575751,CAMISA FBR PIQUE 9125 4A8 POLO,9.99,16
000000583275,BERMUDA ABU JEANS 3321 1A3 MASC,9.99,16
000000412070,CALCA JYF JEANS 10A16 MASC,9.99,16
000000434973,CALCA LA ONDA SARJA 1998 04A08,9.99,16
000000439527,BERMUDA AYLAHT JEANS 114 04A08 MASC,9.99,16
000000440066,CALCA ANEX JEANS 172 04A08 MASC,9.99,16
000000455596,CONJUNTO MARLAN MALHA 22317 01A03 F,9.99,16
000000464154,CALCA KADORY MICRO 995 SOCIAL 12A16,9.99,16
000000465496,VESTIDO HELLO KITTY MOL 87515 01A03,9.99,16
000000475389,CAMISA MX72 CAMUFLADA 17397 JUV MC,9.99,16
000000502153,CAMISA TEODORO TRIC DIV 04A16 ML,9.99,16
000000523394,CALCA ROVITEX VISCO 613456 12A18,9.99,16
000000543361,CONJUNTO LUANITA SARJA 4A12 BL E SH,9.99,16
000000550932,BERMUDA EVALIN SARJA 183 JUV CARGO,9.99,16
000000555388,VESTIDO ROVITEX MALHA 614420 12A18,9.99,16
000000556101,SHORT RHODE JEANS 12 01 10 11 10A16,9.99,16
000000571289,CALCA MAX DENIM LYCRA DIV 1A8 FEM,9.99,16
000000573382,SHORT AYLAHT SARJA 30304 10A16,9.99,16
000000573412,SHORT AYLAHT JEANS 10303 4A8,9.99,16
000000573443,SHORT AYLAHT SARJA 080 4A8,9.99,16
000000573467,SAIA AYLAHT SARJA 9040 4A8,9.99,16
000000573597,BERMUDA AYLAHT JEANS 6088 4A8 MASC,9.99,16
000000574112,VESTIDO KELY KETY MM 26136 4A10,9.99,16
000000574167,VESTIDO KELY KETY MM 43614 4A10,9.99,16
000000574228,CONJUNTO KELY KETY MM 45030 PMG BB,9.99,16
000000576482,VESTIDO BEIJINHO VISCOL 9193 4A8,9.99,16
000000577335,VESTIDO FAKINI MALHA 3061 4A10,9.99,16
000000577410,CONJUNTO FAKINI MALHA 3030 1A3 FEM,9.99,16
000000585859,VESTIDO KELY KETY MM 50637 4A10,9.99,16
000000586023,CONJUNTO KELY KETY MM 51033 PMG MAS,9.99,16
000000586085,CAMISETA TRIC NICK MM 101159 4A10,9.99,16
000000586269,SHORT SAIA ROVITEX MOL 615072 12A18,9.99,16
000000586078,CAMISETA TRIC NICK MM 101185 4A10,9.99,16
000000465595,CONJUNTO HELLO KITTY MM 87533 04A08 LEGADO ZZ,9.99,16
000000488341,CONJUNTO DUZIZO MM 4464 04A08 MASC LEGADO ZZ,9.99,16
000000529563,BLUSA BEIJINHO VISCOLYCRA 8697 JUV LEGADO ZZ,9.99,16
000000543743,CONJUNTO FORFAN MALHA 2163 1A3 FEM LEGADO ZZ,9.99,16
000000545006,JARDINEIRA AYLAHT JEANS 320 4A8 Sortida P,9.99,16
000000549349,CALCA BOB B JEANS 10292 2A3 MASC CA LEGADO ZZ,9.99,16
000000559324,CAMISA KIKO MALHA 6563 04A10 POLO LEGADO ZZ,9.99,16
000000559348,BERMUDA KIKO MALHA 6577 04A10 MASC LEGADO ZZ,9.99,16
000000559430,CONJUNTO KIKO MALHA 6435 01A03 LEGADO ZZ,9.99,16
000000559485,CONJUNTO KIKO MALHA 6467 04A10 LEGADO ZZ,9.99,16
000000559508,VESTIDO KIKA RIBANA 6484 04A10 LEGADO ZZ,9.99,16
000000560283,CONJUNTO ROVITEX MM 318680 1A3 FEM LEGADO ZZ,9.99,16
000000560306,CONJUNTO ROVITEX MM 318678 1A3 FEM LEGADO ZZ,9.99,16
000000572644,VESTIDO DUZIZO COTTON 5994 4A10 LEGADO ZZ,9.99,16
000000573498,CALCA AYLAHT JEANS 4042 JUV FEM CIN LEGADO ZZ,9.99,16
000000573511,CALCA AYLAHT JEANS 1068 1A3 FEM CIN LEGADO ZZ,9.99,16
000000573528,CALCA AYLAHT JEANS 1009 4A8 FEM LEGADO ZZ,9.99,16
000000573542,CALCA AYLAHT JEANS 5011 2A3 FEM JOG LEGADO ZZ,9.99,16
000000573559,CALCA AYLAHT JEANS 1050 1A3 FEM FLE LEGADO ZZ,9.99,16
000000573573,CALCA AYLAHT SARJA 10450 JUV FEM JO LEGADO ZZ,9.99,16
000000573627,BERMUDA AYLAHT SARJA 6088 4A8 MASC LEGADO ZZ,9.99,16
000000576468,MACAQUINHO BEIJINHO VISCOL 9187 4A8 LEGADO ZZ,9.99,16
000000577328,VESTIDO FAKINI MALHA 3028 1A3 LEGADO ZZ,9.99,16
000000583282,CALCA ABU JEANS 3506 1A3 MASC LEGADO ZZ,9.99,16
000000467285,VESTIDO FAKINI MALHA 2077 04A10,7.99,16
000000568548,BLUSA ROVITEX CREPE 6146633 12A18,7.99,16
000000571869,BERMUDA 1BIGO MOL 203031 JUV CAMUFL,7.99,16
000000572613,BLUSA DUZIZO CREPE 5980 4A10,7.99,16
000000574082,BLUSA KELY KETY MM 43635 4A10 FEM,7.99,16
000000574198,CONJUNTO KELY KETY MM 22195 PMGG BB,7.99,16
000000577281,BLUSA FAKINI MALHA 3813 12A18,7.99,16
000000577489,CONJUNTO FORFAN MALHA 3161 1A3 MASC,7.99,16
000000585866,VESTIDO KELY KETY MM 50631 4A10,7.99,16
000000586092,CAMISETA ROVITEX MM 6021063 10A16,7.99,16
000000586108,CAMISETA ROVITEX MM 6021143 10A16,7.99,16
000000586146,CAMISETA ROVITEX MM 6021073 10A16,7.99,16
000000586214,BLUSA ROVITEX MM 3126492 4A10,7.99,16
000000586290,VESTIDO ROVITEX MALHA 312640 4A10,7.99,16
000000556095,SAIA SHORT RHODE JEANS DIV 10A16,7.99,16
000000571487,CONJUNTO AQUARELA COTTON 202311 4A8,7.99,16
000000575812,CAMISETA FBR MALHA 9102 4A8 SILK,7.99,16
000000456760,CALCA RALAKIDS MALHA 51035 10A16 FE LEGADO ZZ,7.99,16
000000529525,BLUSA BEIJINHO VISCOL 8598 10A14 LEGADO ZZ,7.99,16
000000537766,CALCA BOB B JEANS 14160 4A8 FEM LEGADO ZZ,7.99,16
000000540230,LEGGING ROVITEX COTTON 311966 JUV LEGADO ZZ,7.99,16
000000544962,CALCA AYLAHT SARJA 2045 10A16 CINTO LEGADO ZZ,7.99,16
000000549271,SHORT BOB B JEANS 22520 4A8 FEM LEGADO ZZ,7.99,16
000000549677,CAMISETA FATAL MM 23955 10A16 P1 LEGADO ZZ,7.99,16
000000550130,REGATA FATAL MM 23984 10A16 LEGADO ZZ,7.99,16
000000555036,CROPPED ROVITEX MALHA 614422 12A18 LEGADO ZZ,7.99,16
000000557900,BERMUDA AYLAHT JEANS 2A3 LEGADO ZZ,7.99,16
000000558433,BERMUDA 1BIGO MOL 2923 4A8 BIC BOLS LEGADO ZZ,7.99,16
000000559546,SHORT KIKA MOLECOTTON 6491 04A10 LEGADO ZZ,7.99,16
000000560139,BLUSA ROVITEX MM 111634 4A10 FEM LEGADO ZZ,7.99,16
000000560146,BLUSA ROVITEX MM 111690 4A8 FEM LEGADO ZZ,7.99,16
000000560269,BERMUDA ROVITEX MICRO 308944 4A10 LEGADO ZZ,7.99,16
000000573450,SAIA AYLAHT SARJA 8012 10A16 CINTO LEGADO ZZ,7.99,16
000000574174,VESTIDO KELY KETY MM 43615 4A10 LEGADO ZZ,7.99,16
000000576413,REGATA BEIJINHO VISCOL 9261 JUV FEM LEGADO ZZ,7.99,16
000000578844,CAMISETA GANGSTER MM 86010547 4A8 LEGADO ZZ,7.99,16
000000578981,REGATA GANGSTER MM 74070062 4A8 LEGADO ZZ,7.99,16
000000579025,REGATA GANGSTER MM 33050087 10A16 LEGADO ZZ,7.99,16
000000586030,SHORT KELY KETY MM 66263 12A18 FEM LEGADO ZZ,7.99,16
000000574204,CONJUNTO KELY KETY MM 43291 1A3 FEM LEGADO ZZ,7.99,16
000000425940,BERMUDA TRANSITIVO JEANS 1006 10A16,4.99,16
000000439534,BERMUDA AYLAHT JEANS 099 10A16 MASC,4.99,16
000000456944,CAMISETA KELY KETY MM 25444 BATMAM,4.99,16
000000456999,CONJUNTO KELY KETY 80150 C LACO 1A3,4.99,16
000000464147,CALCA KADORY MICRO 994 SOCIAL 04A10,4.99,16
000000497497,CAMISA KELLY KETTY MALHA 62062 POLO,4.99,16
000000504522,BLUSA BRICAR E ARTE MALHA 3916 JUV,4.99,16
000000508285,VESTIDO DUZIZO MALHA 4896 04A08,4.99,16
000000508537,CAMISETA KELLY KETTY MALH 20159 INF,4.99,16
000000510158,SHORT ANEX 060 JEANS 01A03 FEM,4.99,16
000000513944,BLUSA TRICKNICK MAL 613080 12A18,4.99,16
000000514910,CONJUNTO KELY KETY MAL 32055 4A10 F,4.99,16
000000514927,CONJUNTO KELY KETY MAL 51004 1A3 M,4.99,16
000000518468,VESTIDO BEIJOKA COTTON 8497 01A03,4.99,16
000000519229,CAMISETA GANGSTER MM 86010378 04A08,4.99,16
000000530514,BLUSA ROVITEX MALHA 613978 JUV ML,4.99,16
000000530552,BLUSA ROVITEX MALHA 613985 12A18,4.99,16
000000537797,CALCA BOB B JEANS 14169 4A8 FEM,4.99,16
000000544986,SHORT AYLAHT JEANS DIV 4A8 CINTO,4.99,16
000000547512,CAMISA RESERVA PIQUET 4A10 POLO,4.99,16
000000549264,SHORT BOB B JEANS 21464 2A3 FEM,4.99,16
000000549325,CALCA BOB B JEANS 14490 4A8 FEM JOG,4.99,16
000000562560,CAMISETA DK2 MM 3837 10A14,4.99,16
000000567732,BLUSA BEIJINHO VISCOLY 9043 4A8,4.99,16
000000567749,BLUSA BEIJINHO COTTON 9042 4A8,4.99,16
000000571470,CONJUNTO AQUARELA COTTON 201214 1A3,4.99,16
000000571494,CONJUNTO AQUARELA COTTON 202316 4A8,4.99,16
000000571524,VESTIDO AQUARELA COTTON 202333 4A8,4.99,16
000000571548,VESTIDO AQUARELA COTTON 202330 4A8,4.99,16
000000571685,CAMISETA 1BIGO MM 203023 JUV BOLSO,4.99,16
000000571715,CAMISETA 1BIGO MM 203020 JUV DET NE,4.99,16
000000571890,BERMUDA 1BIGO MOL 203035 JUV TRABAL,4.99,16
000000572620,SHORT DUZIZO MALHA 5943 2A3 FEM,4.99,16
000000572637,SHORT DUZIZO MOL 5992 4A10 FEM,4.99,16
000000573184,BERMUDA EVALIN SARJA 106 4A8 LISTRA,4.99,16
000000574181,MACAQUINHO KELY KETY MM 22200 PMGG,4.99,16
000000574853,VESTIDO PITISKA MALHA 2059 4A8,4.99,16
000000574860,VESTIDO PITISKA MALHA 2061 4A8,4.99,16
000000575041,CONJUNTO PITISKA MOLET 2087 2A8 MAS,4.99,16
000000575775,CAMISETA FBR MALHA 9013 1A3 LISTRAD,4.99,16
000000575836,CAMISETA FBR MALHA 9112 4A8 RECORTE,4.99,16
000000576420,REGATA BEIJINHO VISCOL 9292 16A20 F,4.99,16
000000577267,BLUSA GERACAO BRASIL VISCO 6601 JUV,4.99,16
000000577311,REGATA FAKINI MALHA 3815 12A18 FEM,4.99,16
000000577373,VESTIDO FORFAN MALHA 3111 1A3,4.99,16
000000577380,VESTIDO FORFAN MALHA 3119 4A8,4.99,16
000000577397,VESTIDO FORFAN MALHA 3120 4A8,4.99,16
000000577403,VESTIDO FORFAN MALHA 3121 4A8,4.99,16
000000577434,CONJUNTO FORFAN MALHA 3104 PMG FEM,4.99,16
000000577441,CONJUNTO FORFAN MALHA 3105 PMG FEM,4.99,16
000000578127,VESTIDO FR POLY 20714 4A8,4.99,16
000000582087,BERMUDA 1BIGO MOL 202043 4A8 FLORAL,4.99,16
000000583244,VESTIDO MUNDO MAN MM 205701542 4A8,4.99,16
000000583268,SHORT MUNDO MANIA MM 192601881 4A8,4.99,16
000000585736,BLUSA KELY KETY MM 50645 4A10,4.99,16
000000585750,BLUSA KELY KETY MM 66237 12A18,4.99,16
000000585767,BLUSA KELY KETY MM 66235 12A18,4.99,16
000000585798,BLUSA KELY KETY MM 66236 12A18,4.99,16
000000585804,BLUSA KELY KETY MM 66232 12A18,4.99,16
000000585811,BLUSA KELY KETY MM 66246 12A18,4.99,16
000000585828,VESTIDO KELY KETY MM 66254 12A18,4.99,16
000000585835,VESTIDO KELY KETY MM 66257 12A18,4.99,16
000000585910,REGATA KELY KETY MM 51621 4A10 MASC,4.99,16
000000585965,REGATA KELY KETY MM 51916 12A18 MAS,4.99,16
000000585972,REGATA KELY KETY MM 51917 12A18 MAS,4.99,16
000000586009,CONJUNTO KELY KETY MM 51029 PMGG MA,4.99,16
000000586160,REGATA ROVITEX MM 101160 4A8 MASC,4.99,16
000000586184,REGATA TRIC NICK MM 101140 1A3 MASC,4.99,16
000000586221,BLUSA ROVITEX MM 312583 1A3,4.99,16
000000586924,CAMISA MX72 MISTO 20587 4A16,4.99,16
000000587198,REGATA 1BIGO MM DIV 10A16 SD,4.99,16
000000588836,BLUSA AQUARELA COTTON 203034 10A14,4.99,16
000000392747,VESTIDO HEBENEZER 235 MALHA C CALCI,4.99,16
000000449588,BLUSA CEREJA ROSA MM 76010 12A18,4.99,16
000000469630,CAMISETA 1BIGO MALHA 3438 10A14,4.99,16
000000550918,BERMUDA EVALIN SARJA 373 JUV XADREZ,4.99,16
000000563291,CAMISA BUCHECHINHA MM 4122011 JUV P,4.99,16
000000574921,SHORT SAIA PITISKA MM 2081 JUV ESTA,4.99,16
000000575003,BERMUDA PITISKA MOL 2100 JUV MASC,4.99,16
000000576642,REGATA DUZIZO MALHA 6069 12A16 MASC,4.99,16
000000578172,CONJUNTO FR POLY 20724 4A8 FEM,4.99,16
000000583138,MACAQUINHO MUNDO MANIA MM 205601633,4.99,16
000000585996,CAMISETA KELY KETY MM 20205 4A10,4.99,16
000000586177,REGATA ROVITEX MM 301442 4A10 MASC,4.99,16
000000186346,CALCA LEGGING MAXSHOP LEGADO P,4.99,16
000000431873,BLUSA TIFA COTTON 3264 10A14 LEGADO ZZ,4.99,16
000000431927,CROPPED TIFA MALHA 2040A 10A14 LEGADO ZZ,4.99,16
000000436144,CAMISETA GANGSTER MM 31500009 JUV LEGADO ZZ,4.99,16
000000444705,REGATA RALAKIDS MM 6274 10A16 MAS LEGADO ZZ,4.99,16
000000471480,VESTIDO RALAKIDS MM 34179 04A08 LEGADO ZZ,4.99,16
000000493055,CAMISA FAKINI MALHA 3203 POLO INF LEGADO ZZ,4.99,16
000000495912,BLUSA FAKINI MALHA 3719 12A18 LEGADO ZZ,4.99,16
000000502221,CAMISETA LOCAL MM 96002 MASC 04A08 LEGADO ZZ,4.99,16
000000515627,BLUSA FAKINI MM 3091 04A10 FEM LEGADO ZZ,4.99,16
000000521093,CAMISETA LOCAL MM 96031 04A08 BASIC LEGADO ZZ,4.99,16
000000527729,BLUSA DUZIZO MALHA 5209 4A8 FEM. LEGADO ZZ,4.99,16
000000529587,CAMISETA BEIJINHO MALHA 8713 4A8 LEGADO ZZ,4.99,16
000000530828,CAMISETA ROVITEX MALHA 300941 4A10 LEGADO ZZ,4.99,16
000000544207,CONJ DUZIZO MOLETINHO 5401 4A8 FEM LEGADO ZZ,4.99,16
000000549714,CAMISETA FATAL MM 23960 10A16 P1 LEGADO ZZ,4.99,16
000000554251,REGATA 1BIGO MM 3829 10A14 FLORAL LEGADO ZZ,4.99,16
000000554992,BLUSA ROVITEX MALHA 614456 10A16 F LEGADO ZZ,4.99,16
000000555005,BLUSA ROVITEX MALHA 312099 4A10 FEM LEGADO ZZ,4.99,16
000000555708,VESTIDO KAMYLUS MALHA 9865 4A10 LEGADO ZZ,4.99,16
000000555784,REGATA KAMYLUS MALHA 82173 4A10 MAS LEGADO ZZ,4.99,16
000000556149,VESTIDO FORFAN MALHA 3184 4A8 LEGADO ZZ,4.99,16
000000558495,CAMISETA 1BIGO MALHA 3838 10A14 LEGADO ZZ,4.99,16
000000574129,VESTIDO KELY KETY MM 43038 1A3 LEGADO ZZ,4.99,16
000000574150,VESTIDO KELY KETY MM 43301 1A3 LEGADO ZZ,4.99,16
000000576338,BLUSA BEIJINHO VISCOL 9173 JUV CROP LEGADO ZZ,4.99,16
000000576437,SHORT BEIJINHO MOLETINHO 9174 10A14 LEGADO ZZ,4.99,16
000000577274,BLUSA FAKINI MALHA 8086 4A8 LEGADO ZZ,4.99,16
000000577298,BLUSA FAKINI MALHA 3099 4A10 LEGADO ZZ,4.99,16
000000577526,CAMISETA FAKINI MALHA 3238 1A3 LEGADO ZZ,4.99,16
000000578080,VESTIDO FR POLY 20702 1A3 LEGADO ZZ,4.99,16
000000578097,VESTIDO FR POLY 20701 1A3 LEGADO ZZ,4.99,16
000000578103,VESTIDO FR POLY 20700 1A3 LEGADO ZZ,4.99,16
000000578110,VESTIDO FR POLY 20713 4A8 LEGADO ZZ,4.99,16
000000578967,REGATA GANGSTER MM 74070076 4A8 LEGADO ZZ,4.99,16
000000578974,REGATA GANGSTER MM 74060048 4A8 LEGADO ZZ,4.99,16
000000583220,CAMISETA MUNDO MANIA MM 192301555 LEGADO ZZ,4.99,16
000000584067,CAMISETA FATAL MM 24710 JUV LEGADO ZZ,4.99,16
000000585729,CONJUNTO AQUARELA COTTON 201215 1A3 LEGADO ZZ,4.99,16
000000585774,BLUSA KELY KETY MM 66266 12A18 LEGADO ZZ,4.99,16
000000588812,CONJUNTO AQUARELA COTTON 201223 1A3 LEGADO ZZ,4.99,16
000000588829,CONJUNTO AQUARELA COTTON 202315 4A8 LEGADO ZZ,4.99,16
000000469593,CAMISETA 1BIGO MALHA 3456 10A14 LEGADO ZZ,4.99,16
000000471541,MACAQUINHO RALAKIDS COTTON 1319 1A3 LEGADO ZZ,4.99,16
000000513968,VESTIDO TRICKNICK MAL 613096 12A18 LEGADO ZZ,4.99,16
000000612906,BERMUDA GANGSTER JEANS 37070094 JUV LEGADO ZZ,29.99,16
000000612944,BERMUDA GANGSTER MOL 95030054 4A8 LEGADO ZZ,24.99,16
000000548755,CALCA ECXO SARJA 6010 JUV JOGUER PR,19.99,16
000000548748,CALCA ECXO SARJA 6022 JUV CAMUF ELA LEGADO ZZ,19.99,16
000000600118,CAMISA MX72 MINI POA 21030 4A14 ML LEGADO ZZ,19.99,16
000000604093,CALCA MELEKO JEANS 9131 4A8 MASC LEGADO ZZ,24.99,16
000000610544,CAMISA ABU TRICOL 1A16 PROMOCAO MAS LEGADO ZZ,14.99,16
000000612951,BERMUDA GANGSTER MOL 95030055 4A8 LEGADO ZZ,19.99,16
000000624381,CALCA VILEJACK SARJ CJ0004 10A16 CB LEGADO ZZ,19.99,16
000000526692,CALCA JEZZIAN JEANS 159260 JUV HOT,14.99,16
000000581851,BERMUDA ECXO SARJA 6021 JUV CAMUFLA,14.99,16
000000602983,MACAQUINHO DUZIZO CREPE 6528 12A16,14.99,16
000000607193,BERMUDA ANEX JEANS 011 4A8 MASC,14.99,16
000000607230,BERMUDA ANEX JEANS 1980 JUV DESTROI,14.99,16
000000612920,BERMUDA GANGSTER MICRO 37220086 JUV,14.99,16
000000614207,CAMISA GANGSTER MM 90410064 4A8 POL,14.99,16
000000617901,CONJUNTO COSTAO MM 214030 1A4 FEM,14.99,16
000000586948,CAMISA MX72 MISTO 20592 4A16 ML LEGADO ZZ,14.99,16
000000591973,CAMISETA DUZIZO MM 6306 LEGADO ZZ,14.99,16
000000610070,CALCA VILEJACK SARJA JG001 10A16,9.99,16
000000624343,CALCA BEMAX JEANS 2026 JUV HOT PANT,9.99,16
000000624350,CALCA BEMAX JEANS 2023 4A8 HOT PANT,9.99,16
000000601313,CAMISETA GANGSTER MM 30012350 10A16,9.99,16
000000607209,BERMUDA ANEX JEANS 116 4A8 MASC,9.99,16
000000607247,CALCA ANEX SARJA 209 1A3 MASC,9.99,16
000000610766,CONJUNTO OLLELE COTTON 1382 1A3 FEM,9.99,16
000000614122,CAMISETA GANGSTER MM 30012398 10A16,9.99,16
000000616812,CAMISETA GANGSTER MM 30012322 10A16,9.99,16
000000620949,CAMISETA OVER SURF MM MJ3124 10A16,9.99,16
000000621359,MACHAO OVER SURF MM MJ45035 10A16,9.99,16
000000617925,CAMISETA COSTAO MM 215006 4A8,9.99,16
000000600101,CAMISA MX72 MISTO 21031 4A14 ML FLO LEGADO ZZ,9.99,16
000000601283,CAMISETA GANGSTER MM 30012332 10A16 LEGADO ZZ,9.99,16
000000601290,CAMISETA GANGSTER MM 30012334 10A16 LEGADO ZZ,9.99,16
000000601306,CAMISETA GANGSTER MM 30012340 10A16 LEGADO ZZ,9.99,16
000000601320,CAMISETA GANGSTER MM 30012333 10A16 LEGADO ZZ,9.99,16
000000601337,CAMISETA GANGSTER MM 30012339 10A16 LEGADO ZZ,9.99,16
000000604062,CALCA MELEKO JEANS 7121 1A3 MASC LEGADO ZZ,9.99,16
000000621298,REGATA OVER SURF MM MJ39042 10A16 LEGADO ZZ,9.99,16
000000621328,REGATA OVER SURF MM MJ39044 10A16 LEGADO ZZ,9.99,16
000000574884,VESTIDO PITISKA COTTON 2062 1A3,9.99,16
000000581981,BERMUDA 1BIGO MOL 203073 JUV CAMUFL,9.99,16
000000581998,BERMUDA 1BIGO MOL 203041 JUV FLORAL,9.99,16
000000594080,VESTIDO AQUARELA COTT 212416 4A8,9.99,16
000000603621,T-SHIRT DUZIZO MM 6522 10A16 SILK,9.99,16
000000603638,T-SHIRT DUZIZO MM 6535 12A16 SILK,9.99,16
000000606196,CONJUNTO AQUARELA COTTON 212618 4A8,9.99,16
000000610759,CONJUNTO OLLELE MM 1385 1A3 FEM,9.99,16
000000610780,CONJUNTO OLLELE COTTON 1391 1A3 FEM,9.99,16
000000610872,VESTIDO OLLELE COTTON 1399 4A8,9.99,16
000000614238,REGATA GANGSTER MM 74060068 4A8,9.99,16
000000614245,REGATA GANGSTER MM 74060069 4A8,9.99,16
000000614351,MACHAO GANGSTER MM 33050100 10A16,9.99,16
000000614856,VESTIDO PITISKA MM 2450 10A16 SILK,9.99,16
000000617031,BERMUDA GOOD BLESS MOL DIV JUV MASC,9.99,16
000000622493,BERMUDA DK2 MOL 213214 10A14,9.99,16
000000584906,CAMISETA ELEMENTO ZERO MM 301 10A16,9.99,16
000000619318,CAMISETA GANGSTER MM 30012457 10A16,9.99,16
000000577458,CONJUNTO FORFAN MALHA 3123 4A8 FEM LEGADO ZZ,9.99,16
000000601245,CAMISETA GANGSTER MM 86010623 4A8 LEGADO ZZ,9.99,16
000000603645,MACAQUINHO DUZIZO MM 6520 12A16 FEM LEGADO ZZ,9.99,16
000000622516,BERMUDA DK2 MOL 213184 10A14 CAMUFL LEGADO ZZ,9.99,16
000000590051,CAMISETA PITISKA MALHA 2200 4A8 LEGADO ZZ,9.99,16
000000574891,VESTIDO PITISKA MALHA 2063 4A8,7.99,16
000000582100,BERMUDA 1BIGO MOL 202080 4A8 BICOLO,7.99,16
000000585606,BERMUDA 1BIGO MOLETINHO 203082 JUV,7.99,16
000000586153,REGATA ROVITEX MM 6021083 10A16,7.99,16
000000586283,VESTIDO ROVITEX MALHA 312629 1A3,7.99,16
000000601252,CAMISETA GANGSTER MM 86010621 4A8,7.99,16
000000601276,CAMISETA GANGSTER MM 86010626 4A8,7.99,16
000000602884,BLUSA DUZIZO CREPE 6529 12A16,7.99,16
000000603034,MACAQUINHO DUZIZO CREPE 6442 1A3 ES,7.99,16
000000606080,CAMISETA DK2 MM 223152 JUV REC CAMU,7.99,16
000000606172,CONJUNTO AQUARELA COTTON 211515 1A3,7.99,16
000000607186,BERMUDA ANEX BRIM 113 1A3 CAMUFLADA,7.99,16
000000607261,BERMUDA ANEX BRIM 113 4A8 CAMUFLADA,7.99,16
000000607384,BERMUDA EVALIN SARJA 085 2A3 COS RE,7.99,16
000000607476,BERMUDA EVALIN JEANS 030 2A3 ELASTI,7.99,16
000000613262,CAMISETA GANGSTER MM 86010612 4A8,7.99,16
000000614832,VESTIDO PITISKA MM 2449 4A8 SILK,7.99,16
000000622455,BERMUDA 1BIGO MOL 212211 4A8 RECORT,7.99,16
000000622769,BLUSA BASIC MM 25020 12A16,7.99,16
000000553889,BERMUDA 1BIGO MOL 1826 1A3 SILK PER LEGADO ZZ,7.99,16
000000605892,CAMISETA 1BIGO MM 221234 1A3 DIVERT LEGADO ZZ,7.99,16
000000623612,REGATA FAKINI MALHA 3171 4A10 LEGADO ZZ,7.99,16
000000617963,BERMUDA COSTAO MOL 213003 1A3 MASC,4.99,16
000000568302,CAMISA RESERVA PIQUET 8000 JUV POLO,4.99,16
000000582117,BERMUDA 1BIGO MOL 202035 4A8 DET NE,4.99,16
000000582148,CAMISETA 1BIGO MM 202018 4A8 BICOLO,4.99,16
000000582209,CAMISETA 1BIGO MM 201027 1A3 SILK,4.99,16
000000582278,REGATA 1BIGO MM 203006 JUV,4.99,16
000000582285,REGATA 1BIGO MM 203011 JUV,4.99,16
000000594042,LEGGING AQUARELA JACQ 212423 4A8,4.99,16
000000594097,VESTIDO AQUARELA COTT 211416 1A3,4.99,16
000000602730,REGATA DUZIZO MM 6431 PMG BB MASC,4.99,16
000000605533,BERMUDA 1BIGO MOL 222183 4A8 LISO,4.99,16
000000605557,BERMUDA 1BIGO MOL 222196 4A8 CAMUFL,4.99,16
000000605588,BERMUDA 1BIGO MOL 221256 1A3 CAPRI,4.99,16
000000605632,CAMISETA 1BIGO MM 222181 4A8 BOTAO,4.99,16
000000605649,CAMISETA 1BIGO MM 222174 4A8 BICOLO,4.99,16
000000605656,CAMISETA 1BIGO MM 222173 4A8 CAPUZ,4.99,16
000000605762,BERMUDA 1BIGO MOL 222188 4A8 LISTRA,4.99,16
000000605861,BERMUDA 1BIGO MOL 221251 1A3 BICOLO,4.99,16
000000606066,CAMISETA DK2 MM 223133 10A16 TIEDAY,4.99,16
000000606240,BLUSA AQUARELA COTTON 212604 4A8,4.99,16
000000606325,VESTIDO AQUARELA COTTON 211526 1A3,4.99,16
000000606899,REGATA BUCHECHINHA MM 4115018 JUV,4.99,16
000000606967,MACAQUINHO BUCHECHIN MM 2252015 1A3,4.99,16
000000606974,MACAQUINHO BUCHECH SUPL 2252013 1A3,4.99,16
000000607018,VESTIDO BUCHECHINHA COT 2257028 1A3,4.99,16
000000607438,BERMUDA EVALIN BRIM 200 2A3 COLOR,4.99,16
000000607599,CAMISETA MIS MM 23057 10A16,4.99,16
000000608671,MACHAO ULTIMATO MM 33146 10A16,4.99,16
000000611558,CONJUNTO CLEOMARA MM 82 1A3 MASC,4.99,16
000000611565,CONJUNTO CLEOMARA MM 66 4A8 MASC,4.99,16
000000611640,CAMISETA CLEOMARA MM 100 10A16 SILK,4.99,16
000000614863,VESTIDO PITISKA MM 2452 10A16 SILK,4.99,16
000000614948,CAMISETA PITISKA MM 2461 JUV BASICA,4.99,16
000000617468,CAMISETA ULTIMATO MM 31337 10A16,4.99,16
000000617956,REGATA COSTAO MM 215003 4A8 SILK,4.99,16
000000622110,CAMISETA DK2 MM 213193 10A14,4.99,16
000000622158,REGATA DK2 MM 213206 10A14,4.99,16
000000622271,REGATA 1BIGO MM 212220 4A8,4.99,16
000000622295,REGATA 1BIGO MM 212230 4A8 SILK COS,4.99,16
000000622349,CAMISETA 1BIGO MM 211273 1A3,4.99,16
000000622370,CAMISETA 1BIGO MM 212238 4A8 SILK,4.99,16
000000624305,MACAQUINHO BUCHECH SUPL 3252014 4A8,4.99,16
000000585569,BERMUDA 1BIGO MOLETINHO 202078 4A8,4.99,16
000000606554,BODY BUCHECHINHA COTT 4246003 JUV,4.99,16
000000606981,MACAQUINHO BUCHECHIN MM 3252016 4A8,4.99,16
000000607001,VESTIDO BUCHECHIN SUPLEX 2256026 1A,4.99,16
000000607391,BERMUDA EVALIN SARJA 110 2A3 MASC,4.99,16
000000614931,CAMISETA PITISKA MM 2460 4A8 BASICA,4.99,16
000000616690,CAMISETA ULTIMATO MM 11173 1A3 SILK,4.99,16
000000616720,CAMISETA ULTIMATO MM 21224 4A8 SILK,4.99,16
000000616751,REGATA ULTIMATO MM 13074 1A3 SILK,4.99,16
000000616775,REGATA ULTIMATO MM 23116 4A8 SILK,4.99,16
000000616782,BERMUDA ULTIMATO MOL 16063 1A3 MASC,4.99,16
000000617680,MACHAO ULTIMATO MM 33160 10A16,4.99,16
000000617949,REGATA COSTAO MM 213012 1A3 ESTAMPA,4.99,16
000000622189,REGATA 1BIGO MM 211269 1A3,4.99,16
000000622196,REGATA 1BIGO MM 211268 1A3,4.99,16
000000622219,REGATA 1BIGO MM 211270 1A3,4.99,16
000000622264,REGATA 1BIGO MM 212219 4A8,4.99,16
000000622288,REGATA 1BIGO MM 212240 4A8,4.99,16
000000622417,BERMUDA 1BIGO MOL 211295 1A3 BICOLO,4.99,16
000000622424,BERMUDA 1BIGO MOL 211291 1A3 RECORT,4.99,16
000000622448,BERMUDA 1BIGO MOL 211289 1A3 LISTRA,4.99,16
000000622462,BERMUDA 1BIGO MOL 212223 4A8 SILK,4.99,16
000000624282,VESTIDO BUCHECHINHA MM 4257011 JUV,4.99,16
000000553902,BERMUDA 1BIGO MOL 1827 1A3 TRICOLOR LEGADO ZZ,4.99,16
000000577366,VESTIDO FORFAN MALHA 3110 1A3 LEGADO ZZ,4.99,16
000000582124,CAMISETA 1BIGO MM 202013 4A8 FLORAL LEGADO ZZ,4.99,16
000000582155,CAMISETA 1BIGO MM 202076 4A8 TIE DA LEGADO ZZ,4.99,16
000000582247,CAMISETA 1BIGO MM 203015 JUV DET FL LEGADO ZZ,4.99,16
000000585637,CAMISETA 1BIGO MALHA 201031 1A3 LEGADO ZZ,4.99,16
000000594066,LEGGING AQUARELA COTTON 212424 4A8 LEGADO ZZ,4.99,16
000000605526,BERMUDA 1BIGO MOL 222195 4A8 ESTAMP LEGADO ZZ,4.99,16
000000606509,BODY BUCHECHINHA COTT 2245006 1A3 LEGADO ZZ,4.99,16
000000608510,CAMISETA ULTIMATO MM 31272 10A16 LEGADO ZZ,4.99,16
000000608527,CAMISETA ULTIMATO MM 31271 10A16 LEGADO ZZ,4.99,16
000000608565,CAMISETA ULTIMATO MM 32135 10A16 LEGADO ZZ,4.99,16
000000608572,CAMISETA ULTIMATO MM 31278 10A16 LEGADO ZZ,4.99,16
000000616683,CAMISETA ULTIMATO MM 11171 1A3 SILK LEGADO ZZ,4.99,16
000000616744,CAMISETA ULTIMATO MM 21228 4A8 SILK LEGADO ZZ,4.99,16
000000657327,CALCA GANGST JEANS 39050088 JUV JOG,39.99,16
000000662840,CALCA MAX DENIM BRIM 9454 JUV BAGGY,39.99,16
000000640367,CALCA M DENIM SARJA 8363 JOG MA JUV LEGADO ZZ,39.99,16
000000662833,CALCA MAX DENIM JEAN 9457 JUV WIDE LEGADO ZZ,39.99,16
000000638159,CALCA VILEJACK LYCRA CJ001 INF F LD,24.99,16
000000640237,CALCA MAX DENIM JEANS 8390 MASC INF,29.99,16
000000640305,CALCA MAX DENIM JEANS 8411 MASC JUV,29.99,16
000000640329,CALCA MAX DENIM JEANS 8403 MASC JUV,29.99,16
000000640398,CALCA M DENIM JEANS 9419 JOG FE INF,29.99,16
000000640404,CALCA MAX DENIM JEANS 9421 FEM INF,29.99,16
000000640435,CALCA MAX DENIM JEANS 9444 FEM JUV,29.99,16
000000640442,CALCA MAX DENIM JEANS 9340 FEM JUV,29.99,16
000000640466,CALCA M DENIM JEANS 9430 JUV BAGGY,29.99,16
000000640480,CALCA MAX DENIM SARJA 9337 FEM JUV,29.99,16
000000640503,CALCA M DENIM JEANS 9431 JOG FE JUV,29.99,16
000000657150,BERMUDA GANGST JEANS 37070112 JUV M,29.99,16
000000657358,CALCA GANGST JEANS 73050147 INF JOG,29.99,16
000000657365,CALCA GANGST JEANS 73050143 INF MAS,29.99,16
000000668675,CALCA MAX DENIM JEANS 8420 10A16 M,29.99,16
000000668699,CALCA MAX DENIM JEANS 8421 10A16 M,29.99,16
000000668712,CALCA MAX DENIM JEANS 8437 02A08 MA,29.99,16
000000669993,VESTIDO ROVITEX MM 119447 4A8 CURTO,29.99,16
000000526685,CALCA JEZZIAN JEANS DIV JUV MAS NAC LEGADO ZZ,24.99,16
000000638227,CALCA VILEJACK LYC CJ001 JUV FEM LD LEGADO ZZ,19.99,16
000000668705,CALCA MAX DENIM JEANS 8434 02A08 MA LEGADO ZZ,29.99,16
000000629904,CALCA OPPING JEANS 1001 JUV MASC JO,24.99,16
000000636728,CALCA LEAN JEANS 19 4A8 UNISSEX JOG,24.99,16
000000640282,CALCA MAX DENIM JEANS 8391 MASC INF,24.99,16
000000640299,CALCA MAX DENIM JEANS 8394 MASC INF,24.99,16
000000640336,CALCA MAX DENIM SARJA 8395 MASC INF,24.99,16
000000640381,CALCA M DENIM JEANS 9420 JOG FE INF,24.99,16
000000640411,CALCA MAX DENIM JEANS 9418 FEM INF,24.99,16
000000669986,VESTIDO ROVITEX MOL 313173 JUV CURT,24.99,16
000000614214,CAMISA GANGSTER MM 63410089 JUV POL,24.99,16
000000636667,CALCA LEAN SARJA 90 4A8 MASC,24.99,16
000000637794,CAMISA GANGSTER MM 63410116 JUV POL,24.99,16
000000669771,CALCA JEZZIAN JEANS DIV JUV MAS IMP,24.99,16
000000656627,CAMISETA GANGSTER MM 31180636 JUV M,19.99,16
000000670005,VESTIDO ROVITEX MOLECOT 112489 4A8 LEGADO ZZ,24.99,16
000000607216,BERMUDA ANEX JEANS 129 1A3 MASC,19.99,16
000000624336,CALCA BEMAX LYCRA 2027 JUV HOT PANT,19.99,16
000000631365,CONJUNTO KELY KETY MM 50344 1A3 FEM,14.99,16
000000631617,MACAQUINHO KELY KETY MM 50734 12A18,19.99,16
000000636834,SHORT LEAN JEANS 16 JUV F BARRA VIR,19.99,16
000000656474,CAMISETA GANGSTER MM 99220117 INF M,14.99,16
000000660556,CONJUNTO OLLELE COTTON 1580 4A8 FEM,14.99,16
000000660594,CONJUNTO OLLELE MALHA 1592 JUV FEM,14.99,16
000000660655,CONJUNTO OLLELE MALHA 1627 4A8 MASC,14.99,16
000000661393,CROPPED OH MY LOVE VISC 2945 JUV EL,14.99,16
000000663946,CONJUNTO RALAKIDS MM 40271 4A10 MAS,19.99,16
000000669849,CROPPED ROVITEX VISCOL 616335 JUV,14.99,16
000000670074,CAMISA ROVITEX MM 101615 1A3 POLO,14.99,16
000000670098,CAMISA ROVITEX MM 101615 JUV POLO,14.99,16
000000670593,CONJUNTO OLLELE COTTON 1593 JUV FEM,19.99,16
000000637763,REGATA GANGSTER MM 33050115 10A16,14.99,16
000000656566,CAMISETA GANGSTER MM 30012388 JUV M,14.99,16
000000631334,VESTIDO KELY KETY MM 50673 10A14 LEGADO ZZ,19.99,16
000000631372,CONJUNTO KELY KETY MM 50690 12A14 F LEGADO ZZ,19.99,16
000000635134,VESTIDO MARO MALHA 23346 12A16 LEGADO ZZ,14.99,16
000000635226,CONJUNTO SHORT MARO MM 23362 JUV FE LEGADO ZZ,19.99,16
000000657709,CAMISETA HARRY POT MM WM220118 JUV LEGADO ZZ,19.99,16
000000657716,CAMISETA HARRY POT MM WM220090 JUV LEGADO ZZ,19.99,16
000000657884,CAMISETA HARRY POTT MM WM220099 JUV LEGADO ZZ,19.99,16
000000668040,CAMISETA CDKA MM DIV 10A16 BRASIL,4.99,16
000000637787,REGATA GANGSTER MM 33050112 10A16,14.99,16
000000637817,CAMISETA GANGSTER MM 30012370 10A16,14.99,16
000000507929,CALCA BEMAX JEANS 01 02A03 MASC,14.99,16
000000624374,CALCA BEMAX LYCRA 2022 4A8 JOGUER,14.99,16
000000631709,CONJUNTO KELY KETY MM 50695 4A10 FE,14.99,16
000000637756,REGATA GANGSTER MM 74070085 4A8,14.99,16
000000637909,CAMISETA GANGSTER MM 86010637 4A8,14.99,16
000000637916,CAMISETA GANGSTER MM 86010642 4A8,14.99,16
000000637923,CAMISETA GANGSTER MM 86010646 4A8,14.99,16
000000642576,BLUSA KIKO MALHA 9350 MAS 4A10,14.99,16
000000645577,CONJUNTO AQUARELA COTT 232410 4A8,14.99,16
000000648332,BERMUDA DK2 HELANCA 233058 JUV,14.99,16
000000656924,REGATA GANGSTER MM 33040171 JUV MAS,14.99,16
000000660501,CONJUNTO OLLELE COTTON 1562 1A3 FEM,14.99,16
000000660624,CONJUNTO OLLELE MALHA 1606 PMG MASC,14.99,16
000000660631,CONJUNTO OLLELE MALHA 1617 1A3 MASC,14.99,16
000000661294,CROPPED OH MY LOVE VISC 2713 JUV SI,14.99,16
000000669856,CROPPED ROVITEX MM 616255 JUV,14.99,16
000000669870,CROPPED ROVITEX MALHA 616260 JUV,14.99,16
000000670029,SHORT ROVITEX MICRO 616331 JUV FEM,14.99,16
000000670081,CAMISA ROVITEX MM 101615 4A8 POLO,14.99,16
000000631594,BLUSA KELY KETY MM 50723 12A18 FEM LEGADO ZZ,14.99,16
000000635165,VESTIDO MARO MALHA 23345 6A10 LEGADO ZZ,14.99,16
000000636841,SHORT LEAN JEANS 54 4A8 FEM CINTO LEGADO ZZ,14.99,16
000000637824,CAMISETA GANGSTER MM 30012406 10A16 LEGADO ZZ,14.99,16
000000637831,CAMISETA GANGSTER MM 30012410 10A16 LEGADO ZZ,14.99,16
000000660600,CONJUNTO OLLELE MALHA 1605 PMG MASC LEGADO ZZ,14.99,16
000000661362,CROPPED OH MY LOVE VISC 2931 JUV PU LEGADO ZZ,14.99,16
000000665896,BERMUDA NELLONDA MOL 8732 1A3 ESTAM LEGADO ZZ,14.99,16
000000510141,SHORT ANEX 057 JEANS 01A03 FEM,9.99,16
000000539883,BERMUDA BEMAX JEANS 1A3 MASC,9.99,16
000000631327,VESTIDO KELY KETY MM 50672 4A10,9.99,16
000000631358,CONJUNTO KELY KETY MM 50341 1A3 FEM,9.99,16
000000636803,JARDINEIRA LEAN BRIM 11 2A6 FEM EST,9.99,16
000000636827,SHORT LEAN JEANS 16 4A8 F BARRA VIR,9.99,16
000000636858,SHORT LEAN JEANS 14 4A8 FEM PREGA,9.99,16
000000636865,SHORT LEAN JEANS 07 4A8 FEM CINTO,9.99,16
000000637732,REGATA GANGSTER MM 74060078 4A8,9.99,16
000000644914,CONJUNTO CATOLELE MM 1932 1A3 MASC,9.99,16
000000645119,CONJUNTO CATOLELE MM 1994 10A14 FEM,9.99,16
000000645133,CONJUNTO CATOLELE MM 1995 10A14 FEM,9.99,16
000000645386,BLUSA AQUARELA COTTON 233405 10A16,9.99,16
000000645454,MACAQUINHO AQUARELA COTT 231440 1A3,9.99,16
000000645461,MACAQUINHO AQUARELA COTT 231439 1A3,9.99,16
000000645515,VESTIDO AQUARELA COTTON 232433 4A8,9.99,16
000000645546,VESTIDO AQUARELA COTTON 232436 4A8,9.99,16
000000645638,MACAQUINHO AQUARELA COTT 232437 4A8,9.99,16
000000645645,MACAQUINHO AQUARELA COTT 232440 4A8,9.99,16
000000645805,JARDINEIRA MAFARI SARJA DIV 4A12 FE,9.99,16
000000648172,CAMISETA DK2 MM 233002 JUV MINILIST,9.99,16
000000648288,BERMUDA DK2 MOL 233056 JUV,9.99,16
000000648295,BERMUDA DK2 MOL 233061 JUV,9.99,16
000000648929,BERMUDA 1BIGO MOL 232075 4A8 SILK,9.99,16
000000651868,SHORT ANEX JEANS 3922 3822 1A3 FEM,9.99,16
000000656443,CAMISETA GANGSTER MM 86010691 INF M,9.99,16
000000656900,REGATA GANGSTER MM 74060085 INF MAS,9.99,16
000000660464,CONJUNTO OLLELE MM 1558 PMG FEM,9.99,16
000000660488,CONJUNTO OLLELE COTTON 1559 PMG FEM,9.99,16
000000660525,CONJUNTO OLLELE MALHA 1564 1A3 FEM,9.99,16
000000660822,MACACAO OLLELE COTT 1551 PMG F CURT,9.99,16
000000660969,VESTIDO OLLELE COTTON 1594 10A14 SI,9.99,16
000000661355,CROPPED OH MY LOVE VISC 2742 JUV TU,9.99,16
000000663915,MACAQUINHO RALAKIDS CREP 3342 4A10,9.99,16
000000663922,VESTIDO RALAKIDS COTT 34231 4A10 FE,9.99,16
000000669887,BLUSA ROVITEX MALHA 616262 JUV,9.99,16
000000670050,CAMISETA ROVITEX MM 90402 JUV,9.99,16
000000645072,CONJUNTO CATOLELE MM 1968 4A8 FEM,9.99,16
000000631570,BLUSA KELY KETY MM 50718 12A18 FEM LEGADO ZZ,9.99,16
000000631600,BLUSA KELY KETY MM 50724 12A18 FEM LEGADO ZZ,9.99,16
000000645614,CROPPED AQUARELA COTT 233406 10A16 LEGADO ZZ,9.99,16
000000648158,CAMISETA DK2 MM 233036 JUV CAMUFLAD LEGADO ZZ,9.99,16
000000648271,BERMUDA DK2 MOL 233070 JUV LEGADO ZZ,9.99,16
000000663182,CROPPED OLLELE COTTON 1597B JUV CPZ LEGADO ZZ,9.99,16
000000661317,CROPPED OH MY LOVE VISC 2941 JUV SI LEGADO ZZ,9.99,16
000000630573,LEGGING AQUARELA COTTON 222121 4A8,9.99,16
000000631303,VESTIDO KELY KETY MM 50058 1A3,9.99,16
000000631341,VESTIDO KELY KETY MM 50670 4A10,9.99,16
000000631471,REGATA KELY KETY MM 51642 4A10 MASC,9.99,16
000000631556,BLUSA KELY KETY MM 50715 12A18 FEM,9.99,16
000000631631,SHORT KELY KETY MM 50726 12A18 FEM,9.99,16
000000636681,CALCA LEAN BRIM 18 2A8 MASC JOGGER,9.99,16
000000644730,CAMISETA CATOLELE MM 2016 4A8 MASC,7.99,16
000000644877,CONJUNTO CATOLELE MM 1958 4A8 MASC,9.99,16
000000644884,CONJUNTO CATOLELE MM 1957 4A8 MASC,9.99,16
000000644945,CONJUNTO CATOLELE MM 1933 1A3 MASC,9.99,16
000000644969,CONJUNTO CATOLELE MM 1934 1A3 MASC,9.99,16
000000645034,CONJUNTO CATOLELE MM 1946 1A3 FEM,9.99,16
000000645041,CONJUNTO CATOLELE MM 1942 1A3 FEM,9.99,16
000000645065,CONJUNTO CATOLELE MM 1947 1A3 FEM,9.99,16
000000645089,CONJUNTO CATOLELE MM 1969 4A8 FEM,9.99,16
000000645096,CONJUNTO CATOLELE MM 1974 4A8 FEM,9.99,16
000000645102,CONJUNTO CATOLELE MM 1977 4A8 FEM,9.99,16
000000645362,BLUSA AQUARELA COTTON 233402 10A16,9.99,16
000000645416,SHORT AQUARELA MOLETIN 232420 4A8,7.99,16
000000645430,SHORT AQUARELA MOLETIN 233410 10A16,9.99,16
000000645485,VESTIDO AQUARELA COTTON 231434 1A3,9.99,16
000000645492,VESTIDO AQUARELA COTTON 231436 1A3,9.99,16
000000645508,VESTIDO AQUARELA COTTON 231430 1A3,9.99,16
000000646581,LEGGING AQUARELA COTTON 222124 4A8,9.99,16
000000648127,CAMISETA DK2 MM 233042 JUV,9.99,16
000000648189,CAMISETA DK2 MM 233043 JUV,9.99,16
000000648219,REGATA DK2 MM 233051 JUV MASC,9.99,16
000000648233,REGATA DK2 MM 233020 JUV MASC,9.99,16
000000648240,REGATA DK2 MM 233023 JUV MASC,9.99,16
000000648257,REGATA DK2 MM 233022 JUV MASC,9.99,16
000000648516,CAMISETA 1BIGO MM 231032 1A3 SILK,9.99,16
000000648561,CAMISETA 1BIGO MM 232029 4A8 SILK,9.99,16
000000648578,CAMISETA 1BIGO MM 232038 4A8 SILK,9.99,16
000000648639,CAMISETA 1BIGO MM 231036 1A3 DIVERT,9.99,16
000000648769,REGATA 1BIGO MM 232050 4A8 TAY DAY,9.99,16
000000648776,REGATA 1BIGO MM 232047 4A8 SILK,9.99,16
000000648837,BERMUDA 1BIGO MOL 231071 1A3 SILK,9.99,16
000000648967,CALCA 1BIGO HELANCA 231062 1A3 JOGG,9.99,16
000000652575,MACAQUINHO BUCHECH SUPLEX 3287010 I,9.99,16
000000652605,VESTIDO BUCHECHI COTTON 2295014 1A3,9.99,16
000000652667,VESTIDO BUCHECHI COTTON 3292011 4A8,9.99,16
000000652872,CONJUNTO BUCHECH SUPL 2298003 INF F,9.99,16
000000656917,MACHAO GANGSTER MM 74060091 INF MAS,9.99,16
000000660907,VESTIDO OLLELE COTTON 1579 4A8 SILK,9.99,16
000000663175,CROPPED OLLELE COTTON 1593B JUV LOV,9.99,16
000000663830,BLUSA RALAKIDS COTT B3203 4A10 FEM,9.99,16
000000663847,BLUSA RALAKIDS MM B3204 4A10 ESTAMP,9.99,16
000000663939,BERMUDA RALAKIDS MOLETI 2198 1A3 MA,9.99,16
000000664738,BERMUDA LEAN JEANS 94 1A3 MASC,9.99,16
000000669894,BLUSA ROVITEX MALHA 313102 4A10,9.99,16
000000669931,BLUSA ROVITEX COTTON 91603 4A10,9.99,16
000000669948,BLUSA ROVITEX COTTON 91603 JUV,9.99,16
000000670128,REGATA ROVITEX MM 90401 4A10 MASC,9.99,16
000000644907,CONJUNTO CATOLELE MM 1936 1A3 MASC,9.99,16
000000647694,CAMISETA ULTIMATO MM 31477 JUV CARE,9.99,16
000000630559,LEGGING AQUARELA COTTON 222126 4A8 LEGADO ZZ,9.99,16
000000631532,BLUSA KELY KETY MM 50659 10A14 FEM LEGADO ZZ,9.99,16
000000631549,BLUSA KELY KETY MM 50710 12A18 FEM LEGADO ZZ,9.99,16
000000648110,CAMISETA DK2 MM 233049 JUV LEGADO ZZ,9.99,16
000000660921,VESTIDO OLLELE MM 1565 1A3 TRICOLOR LEGADO ZZ,9.99,16
000000510967,CONJUNTO HEBENEZER ALG 425 SHORT FE,7.99,16
000000619776,CONJUNTO HEBENEZER MM 671 PMG MASC,7.99,16
000000619783,CONJUNTO HEBENEZER MM 663 PMG MASC,7.99,16
000000630542,LEGGING AQUARELA COTTON 222122 4A8,7.99,16
000000631457,REGATA KELY KETY MM 51641 4A8 MASC,7.99,16
000000631464,REGATA KELY KETY MM 51640 4A8 MASC,7.99,16
000000631495,BLUSA KELY KETY MM 50325 1A3 FEM,7.99,16
000000631501,BLUSA KELY KETY MM 50324 1A3 FEM,7.99,16
000000631518,BLUSA KELY KETY MM 50326 1A3 FEM,7.99,16
000000631525,BLUSA KELY KETY MM 50323 1A3 FEM,7.99,16
000000641067,CAMISETA BELLER SUPERFILHO MAX001 I,7.99,16
000000641081,CAMISETA BELLER FILHO ON MAX002 INF,7.99,16
000000641098,CAMISETA BELLER AUTENTIC MAX003 INF,7.99,16
000000641104,CAMISETA BELLER PLAYER 2 MAX005 INF,7.99,16
000000641135,CAMISETA BELLER FILHO EXEM MX004 IN,7.99,16
000000644952,CONJUNTO CATOLELE MM 1940 1A3 MASC,7.99,16
000000645010,CONJUNTO CATOLELE MM 1950 1A3 FEM,7.99,16
000000645027,CONJUNTO CATOLELE MM 1951 1A3 FEM,7.99,16
000000645355,BLUSA AQUARELA PV 232408 4A8 FEM,7.99,16
000000645423,SHORT AQUARELA MOLETIN 233414 10A16,7.99,16
000000645447,SHORT AQUARELA MOLETIN 233417 10A16,7.99,16
000000645560,CONJUNTO AQUARELA COTT 231412 1A3,7.99,16
000000645621,CROPPED AQUARELA COTT 233407 10A16,7.99,16
000000645737,BERMUDA MAFARI SARJA DIVER 1A3 MAS,7.99,16
000000647632,CAMISETA ULTIMATO MM 31472 JUV CARE,7.99,16
000000647649,CAMISETA ULTIMATO MM 31474 JUV CARE,7.99,16
000000647656,CAMISETA ULTIMATO MM 31475 JUV CARE,7.99,16
000000647670,CAMISETA ULTIMATO MM 31489 JUV CARE,7.99,16
000000647687,CAMISETA ULTIMATO MM 31476 JUV CARE,7.99,16
000000647717,CAMISETA ULTIMATO MM 31488 JUV CARE,7.99,16
000000648004,MACHAO ULTIMATO MM 33190 JUV,7.99,16
000000648509,CAMISETA 1BIGO MM 231037 1A3 SILK,7.99,16
000000648523,CAMISETA 1BIGO MM 232009 4A8 SILK,7.99,16
000000648554,CAMISETA 1BIGO MM 232012 4A8 SILK,7.99,16
000000648592,CAMISETA 1BIGO MM 232000 4A8 BASICA,7.99,16
000000648622,CAMISETA 1BIGO MM 231040 1A3 DIVERT,7.99,16
000000648691,REGATA 1BIGO MM 231047 1A3 SILK,7.99,16
000000648707,REGATA 1BIGO MM 231050 1A3 DIVERTID,7.99,16
000000648721,REGATA 1BIGO MM 232021 4A8 SILK,7.99,16
000000648738,REGATA 1BIGO MM 232022 4A8 SILK,7.99,16
000000648745,REGATA 1BIGO MM 232020 4A8 SILK,7.99,16
000000648752,REGATA 1BIGO MM 232048 4A8 SILK,7.99,16
000000648790,BERMUDA 1BIGO MOL 231059 1A3 RAJADA,7.99,16
000000648806,BERMUDA 1BIGO MOL 231080 1A3 SILK,7.99,16
000000648813,BERMUDA 1BIGO MOL 231078 1A3 SILK,7.99,16
000000648844,BERMUDA 1BIGO MOL 231066 1A3 SARUEL,7.99,16
000000648875,BERMUDA 1BIGO MOL 232071 4A8 SILK,7.99,16
000000648943,BERMUDA 1BIGO HELANCA 231061 1A3 BA,7.99,16
000000648950,BERMUDA 1BIGO MALHA 231075 1A3 DIVE,7.99,16
000000652650,VESTIDO BUCHECHI SUPLEX 3292012 4A8,7.99,16
000000652773,BLUSA BUCHECHI COTTON 3292016 4A8 F,7.99,16
000000652827,VESTIDO BUCHECH SUPLEX 3287004 4A8F,7.99,16
000000653015,CALCA BUCHECH COTTON 3293011 4A8 FE,7.99,16
000000653022,CALCA BUCHECH COTTON 4292007 JUV FE,7.99,16
000000653060,CROPPED BUCHECH MM 4292014 JUV CAPZ,7.99,16
000000653275,CAMISETA BUCHECHINHA MM 4188005 JUV,7.99,16
000000653282,CAMISETA BUCHECHINHA MM 4189001 JUV,7.99,16
000000653305,REGATA BUCHECHINHA MM 4188006 JUV,7.99,16
000000660884,VESTIDO OLLELE COTTON 1560 PMG SILK,7.99,16
000000663205,LEGGING PITISKA COTT 2458 4A8 JEANS,7.99,16
000000663793,BLUSA RALAKIDS MM 32351 4A10 BABADO,7.99,16
000000663854,CROPPED RALAKIDS MM 32350 4A10 FEM,7.99,16
000000663892,REGATA RALAKIDS MM B4201 4A10 MASC,7.99,16
000000667906,CAMISETA ULTIMATO MM 31525 10A16 MA,7.99,16
000000667913,CAMISETA ULTIMATO MM 31526 10A16 MA,7.99,16
000000667920,CAMISETA ULTIMATO MM 31528 10A16 MA,7.99,16
000000667937,CAMISETA ULTIMATO MM 31529 10A16 MA,7.99,16
000000667944,CAMISETA ULTIMATO MM 31530 10A16 MA,7.99,16
000000667951,CAMISETA ULTIMATO MM 31533 10A16 MA,7.99,16
000000670043,CAMISETA ROVITEX MM 90402 4A10,7.99,16
000000670104,REGATA ROVITEX MM 301852 4A10 MASC,7.99,16
000000630566,LEGGING AQUARELA COTTON 222125 4A8 LEGADO ZZ,7.99,16
000000631440,REGATA KELY KETY MM 51291 1A3 MASC LEGADO ZZ,7.99,16
000000652612,VESTIDO BUCHECHI COTTON 2297004 1A3 LEGADO ZZ,7.99,16
000000517140,BERMUDA CARLYLE XIMPA 10A16 MASC,4.99,16
000000644716,CAMISETA CATOLELE MM 2027 10A14 MAS,4.99,16
000000644723,CAMISETA CATOLELE MALHA 2004 1A3 MA,4.99,16
000000644778,REGATA CATOLELE MM 2018 4A8 MASC,4.99,16
000000644785,REGATA CATOLELE MM 2019 4A8 MASC,4.99,16
000000645171,REGATA CATOLELE MM 2026 4A8 FEM,4.99,16
000000645188,REGATA CATOLELE MM 2025 4A8 FEM,4.99,16
000000645270,VESTIDO CATOLELE MM 2059 4A8 FEM,4.99,16
000000645287,VESTIDO CATOLELE MM 2058 1A3 FEM,4.99,16
000000645317,BLUSA AQUARELA PV 231408 1A3 FEM,4.99,16
000000645393,SHORT AQUARELA MOLETIN 231423 1A3,4.99,16
000000648479,CAMISETA 1BIGO MM 231010 1A3 SILK,4.99,16
000000648486,CAMISETA 1BIGO MM 231014 1A3 SILK,4.99,16
000000648493,CAMISETA 1BIGO MM 231009 1A3 SILK,4.99,16
000000648608,CAMISETA 1BIGO MM 231000 1A3 BASICA,4.99,16
000000648653,REGATA 1BIGO MM 231021 1A3 SILK,4.99,16
000000648660,REGATA 1BIGO MM 231023 1A3 SILK,4.99,16
000000648677,REGATA 1BIGO MM 231022 1A3 SILK,4.99,16
000000648684,REGATA 1BIGO MM 231020 1A3 SILK,4.99,16
000000652544,BERMUDA BUCHECH MM 2196005 INF MAS,4.99,16
000000652681,VESTIDO BUCHECHI MM 3293014 4A8 EST,4.99,16
000000652735,BLUSA BUCHECHI COTTON 2298001 1A3 F,4.99,16
000000652759,BLUSA BUCHECHI COTTON 3292007 4A8 F,4.99,16
000000652780,BLUSA BUCHECHI MM 3293012 4A8 F SIL,4.99,16
000000653008,CALCA BUCHECH COTTON 3292010 4A8 FE,4.99,16
000000653077,CROPPED BUCHECH COTTON 4292008 JUV,4.99,16
000000653107,REGATA BUCHECH MM 3195002 INF M SIL,4.99,16
000000653138,BERMUDA BUCHECH MOL 3189008 4A8 MAS,4.99,16
000000653299,REGATA BUCHECHINHA MM 4187006 JUV,4.99,16
000000663359,CAMISETA PITISKA MM 2743 2A4 MAS,4.99,16
000000668750,CAMISETA CDKA MM DIV 1A3 BRASIL,4.99,16
000000669924,BLUSA ROVITEX COTTON 91603 1A3,4.99,16
000000670036,CAMISETA ROVITEX MM 90402 1A3,4.99,16
000000670111,REGATA ROVITEX MM 301852 1A3 MASC,4.99,16
000000493505,JARDINEIRA NEW COLLECTION JEANS 1A3 LEGADO ZZ,4.99,16
000000630528,LEGGING AQUARELA COTTON 221022 1A3 LEGADO ZZ,4.99,16
000000630535,LEGGING AQUARELA COTTON 221021 1A3 LEGADO ZZ,4.99,16
000000644747,CAMISETA CATOLELE MM 2005 1A3 MASC LEGADO ZZ,4.99,16
000000646574,LEGGING AQUARELA COTTON 221025 1A3 LEGADO ZZ,4.99,16
000000652636,VESTIDO BUCHECHI SUPLEX 2298004 1A3 LEGADO ZZ,4.99,16
000000653084,BERMUDA BUCHECH COT 4293005 JUV FEM LEGADO ZZ,4.99,16
000000663366,CAMISETA PITISKA MM 2757 6A10 MAS LEGADO ZZ,4.99,16
000000653046,CROPPED BOCHECHINHA MM 3292020 4A8 FEM ESTAMP LEGADO P,4.99,16
000000692908,CONJUNTO POKOTINHA MOL 6928 12A16,49.99,16
000000709606,CALCA MAX DEN SARJA 8537 10A16 JOGG,49.99,16
000000640312,CALCA MAX DENIM JEANS 8326 10A16 MA,49.99,16
000000678889,CAMISA MX72 MIST 23068 XADRE ML JUV,39.99,16
000000678896,CAMISA MX72 MIST 23069 XADRE ML JUV,39.99,16
000000682060,CALCA MAX DENIM JEAN 9505 JUV WED L,49.99,16
000000682077,CALCA MAX DENIM JEAN 9504 JUV WED L,49.99,16
000000692793,CALCA MAX DENIN JEANS 9495 4A8 CLOC,39.99,16
000000694711,SHORT ROVITEX P.ROMA 616518 12A18,39.99,16
000000600095,CAMISA MX72 SARJ 20123 10A16 ML BOL,39.99,16
000000678612,CAMISA MX72 FLAME 22062 10A16 ML MA,39.99,16
000000709637,BERMUDA MAX DEN SARJA 8532 10A16 MA,39.99,16
000000709644,SHORT MAX DEN SARJA 9570 10A16 FEM,39.99,16
000000504225,CAMISA ARMANELLI FLANELA 10A16 MASC,39.99,16
000000678605,CAMISA MX72 FLAME 22062I 4A8 ML MAS,39.99,16
000000694698,CALCA ROVITEX CREPE 619502 12A18,39.99,16
000000706438,VESTIDO FAKINI COTTON 3156 4A10 MID,49.99,16
000000706926,CONJUNTO MARO MOL-PAETE 23538 6A10,39.99,16
000000707060,VESTIDO KELY KETY LAISE 50888 04A10,49.99,16
000000707824,CONJUNTO MARO MOLETINHO 23545 12A16,39.99,16
000000685627,VESTIDO KELY KETY VISCOSE 43977 4A8 LEGADO ZZ,39.99,16
000000507943,CALCA BEMAX JEANS 200 10A16 MASC,39.99,16
000000624312,CALCA BEMAX LYCRA 2024 JUV HOT PANT,39.99,16
000000684347,CAMISA MX72 FLANE 19103 JUV CPZ ML,39.99,16
000000685504,CONJUNTO KELY KETY MOL 43964 JUV FE,39.99,16
000000685511,CONJUNTO KELY KETY MOL 43974 4A10 F,29.99,16
000000698047,BERMUDA GANGSTER JEANS 37070139 JUV,39.99,16
000000698054,BERMUDA GANGSTER JEANS 37070138 JUV,39.99,16
000000698429,CALCA GANGSTER JEANS 73050165 4A8 M,49.99,16
000000698436,CALCA GANGSTER JEANS 73050168 4A8 M,49.99,16
000000707817,CONJUNTO MARO MOLETINHO 23544 06A10,39.99,16
000000707855,CONJUNTO MARO MOL PAETE 23522 06A10,39.99,16
000000708722,CONJUNTO KIKO ANARRUGA 11086 04A10,39.99,16
000000708777,CONJUNTO KIKO MM 11170 01A03,39.99,16
000000709538,BERMUDA MAX DEN SARJA 8520 04A08 MA,39.99,16
000000709569,BERMUDA MAX DEN JEANS 8514 04A08 MA,39.99,16
000000724296,BERMUDA BEMAX JEANS 241 10A16 MASC LEGADO ZZ,39.99,16
000000640350,CALCA M DENIM SARJA 8365 JOG MA JUV,39.99,16
000000684330,CAMISA MX72 FLANE 19103 4A8 CPZ ML,29.99,16
000000685481,CONJUNTO KELY KETY MOL 43380 4A8 FE,29.99,16
000000687157,CONJUNTO MALWEE MOL MM 109485 JUV M,29.99,16
000000689649,CONJUNTO KIKO MM 10167 4A10 MASC,29.99,16
000000690829,VESTIDO RECOLLETA CREPE 2200100 JUV,39.99,16
000000691017,MACAQUINHO RALAKIDS COT 3347 4A10 F,24.99,16
000000691055,CONJUNTO RALAKIDS MM 40299 4A10 MAS,29.99,16
000000692922,VESTIDO POKOTINHA LAISE 6864 3A4,29.99,16
000000698146,CAMISA GANGSTE MM 63650012 JUV POLO,39.99,16
000000698153,CAMISA GANGSTE MM 63410144 JUV POLO,39.99,16
000000698160,CAMISA GANGSTE MM 63560082 JUV POLO,39.99,16
000000706278,CONJUNTO TRICKNICK LESE 112904 4A10,39.99,16
000000706421,VESTIDO FAKINI COTTON 3107 1A3,29.99,16
000000708784,CONJUNTO KIKO MM 11201 04A10,29.99,16
000000714860,BERMUDA GANGSTER JEANS 95070107 INF,39.99,16
000000724265,BERMUDA BEMAX JEANS 264 265 10A16 M,29.99,16
000000694704,SHORT SAIA ROVITEX RIB 619505 12A18,24.99,16
000000696135,CONJUNTO KAPPES MM MOL 8015 JUV MAS,24.99,16
000000507936,CALCA BEMAX JEANS 075 04A08 MASC,29.99,16
000000573139,CALCA EVALIN JEANS 301 4A8 FEM JOGU,24.99,16
000000661348,CROPPED OH MY LOVE VISC 2928 JUV TU,24.99,16
000000685412,CONJUNTO KELY KETY MOL 45423 2A3 MA,24.99,16
000000685450,CONJUNTO KELY KETY MOL 45689 4A8 MA,24.99,16
000000685603,VESTIDO KELY KETY MOL 33160 JUV,24.99,16
000000689656,CONJUNTO KIKO MM 10171 4A10 MASC,24.99,16
000000689663,MACAQUINHO KIKO MOLECOT 10049 1A3,24.99,16
000000691628,SHORT BEMAX JEANS 7074 10A16 BARRA,29.99,16
000000691635,SHORT BEMAX JEANS 7075 10A16 BARRA,29.99,16
000000691642,SHORT BEMAX JEANS 5052 10A16 MEIA C,29.99,16
000000694629,CROPPED ROVITEX P.ROMA 616517 12A18,24.99,16
000000694643,BLUSA ROVITEX RIBANA 616594 12A18,24.99,16
000000694650,BLUSA ROVITEX CREPE 619501 12A18,24.99,16
000000695879,BLUSA FANIKITUS VISCOL 280723 12A16,24.99,16
000000695923,SAIA FANIKITUS TULE 280720 JUV,24.99,16
000000698061,BERMUDA GANGSTER MOL 95030086 4A8 C,29.99,16
000000698184,CAMISA GANGSTE MM 90410089 4A8 POLO,29.99,16
000000698191,CAMISA GANGSTE MM 90560069 4A8 POLO,29.99,16
000000698245,CAMISETA GANGSTER MM 31180688 JUV M,24.99,16
000000705288,VESTIDO FAKINI COTT 3239 4A10 MIDI,29.99,16
000000705295,VESTIDO FAKINI MALHA 3174 4A10 MIDI,29.99,16
000000705318,VESTIDO FAKINI MALHA 3223 4A10 MIDI,29.99,16
000000705332,CONJUNTO FAKINI MM 3070 PMG MASC,29.99,16
000000706322,CAMISA TRICKNICK POPEL 109584 04A10,29.99,16
000000706360,VESTIDO TRICKNICK MALHA 112823 4A10,29.99,16
000000707220,CONJUNTO REI REX MM 51356 01A03,29.99,16
000000707237,CONJUNTO REI REX MM 51363 01A03,29.99,16
000000707244,CONJUNTO REI REX MM 51758 04A10,29.99,16
000000708746,CONJUNTO KIKO MM 11143 PMG,24.99,16
000000724258,BERMUDA BEMAX JEANS 164 165 4A8 MAS,24.99,16
000000685436,CONJUNTO KELY KETY MOL 45428 2A3 MA,24.99,16
000000691079,CONJUNTO RALAKIDS MM B3003 4A10 FEM,19.99,16
000000691178,REGATA RALAKIDS COT 52301 JUV F NAD,19.99,16
000000724234,BERMUDA BEMAX JEANS 52 59 1A3 MASC,19.99,16
000000691611,SHORT BEMAX JEANS 5052 4A8 MEIA COX,24.99,16
000000683937,CAMISETA GANGSTER MM 30012754 10A16 LEGADO ZZ,19.99,16
000000691475,CROPPED FAKINI MALHA 2833 12A18 LEGADO ZZ,24.99,16
000000691529,CONJUNTO FORFUN MALHA 2314 4A8 FEM LEGADO ZZ,19.99,16
000000692519,CONJUNTO OLLELE COTTON 1772 4A8 FEM LEGADO ZZ,24.99,16
000000724241,CALCA BEMAX JEANS 11 1016 1A3 MAS LEGADO ZZ,24.99,16
000000724272,BERMUDA BEMAX JEANS 2052 2056 4A8 M LEGADO ZZ,29.99,16
000000573146,CALCA EVALIN JEANS 160 1A3 MASC JOG,19.99,16
000000631242,BERMUDA BEMAX LYCRA 10A16 MASC,24.99,16
000000640428,CALCA MAX DENIM JEANS 9415 FEM INF,24.99,16
000000677530,CALCA EVALIN BRIM 155 4A8 JOGGER F,24.99,16
000000683913,CAMISETA GANGSTER MM 30012785 10A16,19.99,16
000000683920,CAMISETA GANGSTER MM 30012784 10A16,19.99,16
000000685160,CONJUNTO FAKINI MM DIV 1A3 ML MAS,14.99,16
000000685177,CONJUNTO FAKINI MM DIV 4A10 MC MASC,14.99,16
000000685429,CONJUNTO KELY KETY MOL 45429 4A8 MA,19.99,16
000000685443,CONJUNTO KELY KETY MOL 45679 4A8 MA,19.99,16
000000685498,CONJUNTO KELY KETY MOL 43960 4A8 FE,19.99,16
000000685559,VESTIDO KELY KETY COTTON 43104 MGG,19.99,16
000000685573,VESTIDO KELY KETY COTTON 43368 4A8,19.99,16
000000685702,BLUSA KELY KETY COTTON 33151 JUV,19.99,16
000000685726,BLUSA KELY KETY COTTON 33148 JUV,19.99,16
000000685795,CAMISETA KELY KETY MALHA 33124 JUV,19.99,16
000000685801,CAMISETA KELY KETY MALHA 33125 JUV,19.99,16
000000689472,BLUSA KIKO MM 10070 4A10,19.99,16
000000689564,CONJUNTO KIKO COTTON 10011 PMG FEM,19.99,16
000000689588,CONJUNTO KIKO COTTON 10036 1A3 FEM,19.99,16
000000689618,CONJUNTO KIKO MM 10111 PMG MASC,19.99,16
000000689694,VESTIDO KIKO MM 10055 1A3,19.99,16
000000691222,BERMUDA RALAKIDS MOL 41110 4A10 MAS,19.99,16
000000691246,VESTIDO RALAKIDS COT 14192 1A3 3MAR,19.99,16
000000691512,CONJUNTO FORFUN MALHA 2303 1A3 FEM,19.99,16
000000691598,SHORT BEMAX JEANS 5056 4A8 FEM,24.99,16
000000691604,SHORT BEMAX JEANS 5057 4A8 FEM BARR,24.99,16
000000692014,BERMUDA EVALIN SARJA 185 10A16 MASC,24.99,16
000000692540,CONJUNTO OLLELE COTON 1780 10A14 FE,24.99,16
000000694209,CAMISETA GANGSTER MM 30012755 10A16,19.99,16
000000694247,CAMISETA GANGSTER MM 30012758 10A16,19.99,16
000000694636,BLUSA ROVITEX MALHA 616526 12A18,19.99,16
000000694681,BLUSA ROVITEX MALHA 616546 12A18,19.99,16
000000694728,VESTIDO ROVITEX P.ROMA 616599 12A18,24.99,16
000000695435,BERMUDA DK2 MOL 243068 10A16,19.99,16
000000695442,BERMUDA DK2 MOL 243085 10A16,19.99,16
000000695459,BERMUDA DK2 MOL 243069 10A16,19.99,16
000000695466,BERMUDA DK2 MOL 243075 10A16,19.99,16
000000695473,BERMUDA DK2 MOL 243074 10A16,19.99,16
000000695480,BERMUDA DK2 MOL 243073 10A16,19.99,16
000000696043,CONJUNTO KAPPES COTTON 9054 4A8 FEM,19.99,16
000000696128,CONJUNTO KAPPES MM MOL 10005 JUV MA,19.99,16
000000698221,CAMISETA GANGSTER MM 31240186 JUV M,24.99,16
000000698238,CAMISETA GANGSTER MM 31240217 JUV M,24.99,16
000000698252,CAMISETA GANGSTER MM 11060116 JUV M,24.99,16
000000704236,CONJUNTO MALWEE MALHA 113161 4A08 M,24.99,16
000000705257,VESTIDO FAKINI COTTON 3136 1A3 MIDI,24.99,16
000000706315,CAMISA TRICKNICK MM 109553 04A10,24.99,16
000000707169,CONJUNTO REI REX MM 51348 01A03 REG,24.99,16
000000707190,CONJUNTO REI REX COTTON 51097 BODY,24.99,16
000000708708,CONJUNTO KIKO COTTON 11021 PMG,19.99,16
000000708791,MACACAO KIKO COTTON 11040 01A03,19.99,16
000000708999,CAMISA POLO KIKO MM 11154 01A03,19.99,16
000000714600,CAMISETA GANGSTER MM 99160241 04A08,19.99,16
000000543521,BERMUDA ANEX SARJA 208 4A8 MASC,24.99,16
000000657174,BERMUDA GANGST MOLET 95030080 INF M,24.99,16
000000683951,CAMISETA GANGSTER MM 86010758 4A8,19.99,16
000000683982,CAMISETA GANGSTER MM 86010773 4A8,19.99,16
000000685672,BLUSA KELY KETY MALHA 43940 4A10,19.99,16
000000687089,CAMISETA MALWEE MALHA 109114 12A18,19.99,16
000000694087,SHORT SURF BOY ELAST 48403 JUV LISO,14.99,16
000000696036,CONJUNTO KAPPES COTTON 9051 1A3 FEM,14.99,16
000000696067,CONJUNTO KAPPES COT MOL 9075 JUV FE,19.99,16
000000708869,CAMISETA KIKO MM 11181 04A10,14.99,16
000000543514,BERMUDA ANEX SARJA 208 10A16 MASC,24.99,16
000000676717,CONJUNTO PITISKA M 2872 6A10 MASC,14.99,16
000000693233,BERMUDA LEAN JEANS DIV 4A8 MASC,14.99,16
000000655552,CONJUNTO GOOD BLESS MOL 539 JUV FEM LEGADO ZZ,24.99,16
000000691383,VESTIDO FORFUN MALHA 2310 4A8 LEGADO ZZ,14.99,16
000000691505,CONJUNTO FORFUN MALHA 2302 1A3 FEM LEGADO ZZ,19.99,16
000000691543,CONJUNTO FORFUN MALHA 2350 1A3 MASC LEGADO ZZ,19.99,16
000000691550,CONJUNTO FORFUN MALHA 2353 1A3 MASC LEGADO ZZ,19.99,16
000000695855,BLUSA FANIKITUS VISCOL 280702 12A16 LEGADO ZZ,19.99,16
000000724562,REGATA GANGSTER MM 33040162 10A16 LEGADO ZZ,19.99,16
000000724586,REGATA GANGSTER MM 33040197 10A16 LEGADO ZZ,19.99,16
000000566162,CAMISETA OVER MM 20555 10A16,14.99,16
000000598507,BERMUDA GANGSTER JEANS 37070039 JUV,19.99,16
000000598514,BERMUDA GANGSTER JEANS 95070051 4A8,19.99,16
000000627375,BERMUDA OPPING JEANS 2001 4A8 MASC,19.99,16
000000631266,BERMUDA BEMAX LYCRA 4A8 MASC,19.99,16
000000662192,CALCA OH MY LOVE MOL 2827 JUV ELAST,19.99,16
000000670142,MACACAO ROVITEX VISCOT 112474 4A8 P,19.99,16
000000676656,CONJUNTO PITISKA M 2874 80 JUV M SI,14.99,16
000000676663,CONJUNTO PITISKA M 2876 78 12A16 MA,14.99,16
000000676670,CONJUNTO PITISKA M 2877 JUV SILK MA,14.99,16
000000676687,CONJUNTO PITISKA M 2875 79 12A16 MA,14.99,16
000000676694,CONJUNTO PITISKA M 2857 61 63 2A4 M,14.99,16
000000676700,CONJUNTO PITISKA M 2867 69 6A10 MAS,14.99,16
000000676748,CONJUNTO PITISKA COTT 2852 12A16 FE,14.99,16
000000681162,CAMISETA REI REX MM 11106 10A16 MAS,14.99,16
000000683968,CAMISETA GANGSTER MM 99160230 4A8,19.99,16
000000683975,CAMISETA GANGSTER MM 86010772 4A8,14.99,16
000000684644,CONJUNTO FAKINI MM DIVERSOS 1A3 MAS,14.99,16
000000684651,CONJUNTO FAKINI MM DIVERSOS 4A10 MA,14.99,16
000000685474,CONJUNTO KELY KETY MOL 43384 2A3 FE,14.99,16
000000685566,VESTIDO KELY KETY COTTON 43368 2A3,14.99,16
000000685634,VESTIDO KELY KETY MALHA 43943 4A10,14.99,16
000000685658,BLUSA KELY KETY MALHA 43366 2A3,14.99,16
000000685689,CROPPED KELY KETY VISCOSE 33137 JUV,14.99,16
000000685696,BLUSA KELY KETY COTTON 33141 JUV,14.99,16
000000685771,SHORT KELY KETY MOL 43941 4A10 FEM,14.99,16
000000685825,REGATA KELY KETY MALHA 33119 JUV,14.99,16
000000689366,BLUSA OSTENTACAO VISCOL DIV 10A16,14.99,16
000000689397,BLUSA OSTENTACAO VISCOL DIV 04A08,14.99,16
000000689489,BLUSA KIKO MM 10080 4A10,14.99,16
000000689526,CAMISETA KIKO MM 10174 4A10,14.99,16
000000689724,BERMUDA KIKO MOLETOM 10194 4A10,14.99,16
000000690782,CROPPED RECOLLETA P.ROMA 1200181 JU,19.99,16
000000691123,BLUSA RALAKIDS COTTON B3217 4A10 FE,14.99,16
000000691154,REGATA RALAKIDS MALHA 32361 4A10 FE,14.99,16
000000691192,REGATA RALAKIDS MM 42192 4A10 MASC,14.99,16
000000691277,SHORT RALAKIDS COTTON 3198 4A10 FEM,14.99,16
000000691369,VESTIDO FORFUN MALHA 2301 1A3,14.99,16
000000691833,BERMUDA EVALIN BRIM 255 10A16 CARGO,19.99,16
000000691925,BERMUDA EVALIN JEANS 350 10A16 MASC,19.99,16
000000691994,BERMUDA EVALIN BRIM 335 10A16 FLORA,19.99,16
000000692427,CONJUNTO OLLELE COTTON 1741 PMG FEM,19.99,16
000000692458,CONJUNTO OLLELE MOLETIN 1791 PMG MA,19.99,16
000000692465,CONJUNTO OLLELE MOLETIN 1794 PMG MA,19.99,16
000000692472,CONJUNTO OLLELE MOLETIN 1792 PMG MA,19.99,16
000000692496,CONJUNTO OLLELE COTTON 1756 1A3 FEM,19.99,16
000000692502,CONJUNTO OLLELE COTTON 1773 4A8 FEM,19.99,16
000000692526,CONJUNTO OLLELE COTON 1767 4A8 SALO,19.99,16
000000692533,CONJUNTO OLLELE COTON 1787 10A14 FE,19.99,16
000000692557,CONJUNTO OLLELE MM 1801 1A3 MAS,19.99,16
000000692564,CONJUNTO OLLELE MM 1802 1A3 MAS,19.99,16
000000692588,CONJUNTO OLLELE MM 1806 1A3 MAS,19.99,16
000000692601,VESTIDO OLLELE MALHA 1742 PMG,19.99,16
000000692625,VESTIDO OLLELE MALHA 1750 1A3,14.99,16
000000692632,VESTIDO OLLELE MALHA 1761 1A3,19.99,16
000000692656,VESTIDO OLLELE MALHA 1766 4A8,19.99,16
000000692687,VESTIDO OLLELE MALHA 1774 4A8,19.99,16
000000692700,VESTIDO OLLELE COTTON 1782 10A14,19.99,16
000000692717,VESTIDO OLLELE COTTON 1786 10A14,19.99,16
000000693097,CONJUNTO CATOLELE MM 2244 46 4A8 MA,19.99,16
000000693103,CONJUNTO CATOLELE MM 2279 10A14 MAS,14.99,16
000000693110,CONJUNTO CATOLEL M 2268 70 10A14 MA,19.99,16
000000693165,CONJUNTO CATOLE COTT 2282 83 10A14,19.99,16
000000693257,BERMUDA LEAN SARJA 26 JUV MASC,14.99,16
000000694315,CAMISETA GANGSTER MM 86010748 4A8,14.99,16
000000694322,CAMISETA GANGSTER MM 86010764 4A8,14.99,16
000000694667,CROPPED ROVITEX MOL 616550 12A18,14.99,16
000000695725,BERMUDA GOOD BLESS MOL 633 JUV MASC,19.99,16
000000695749,BERMUDA GOOD BLESS MOL 639 JUV MASC,19.99,16
000000695862,BLUSA FANIKITUS VISCOL 280726 12A16,19.99,16
000000695961,MACAQUINHO KAPPES MM 791 1A3 FEM,14.99,16
000000695978,MACAQUINHO KAPPES MM 794 4A8 FEM,14.99,16
000000696104,CONJUNTO KAPPES MM MOL 10104 4A8 MA,14.99,16
000000696494,VESTIDO BUCHECHINH COTT 3213039 4A8,19.99,16
000000698078,REGATA GANGSTER MM 33050139 10A16 M,19.99,16
000000698085,REGATA GANGSTER MM 33040226 10A16 M,19.99,16
000000698092,REGATA GANGSTER MM 33050110 10A16 M,19.99,16
000000698108,REGATA GANGSTER MM 33050137 10A16 M,19.99,16
000000698207,CAMISETA GANGSTER MM 31180685 JUV M,19.99,16
000000698269,CAMISETA GANGSTER MM 31180694 JUV M,19.99,16
000000698283,CAMISETA GANGSTER MM 10163300 JUV M,19.99,16
000000698290,CAMISETA GANGSTER MM 30012818 JUV M,19.99,16
000000698313,CAMISETA GANGSTER MM 30012813 JUV M,19.99,16
000000698320,CAMISETA GANGSTER MM 10163301 JUV M,19.99,16
000000698344,CAMISETA GANGSTER MM 30012807 JUV M,19.99,16
000000698399,CAMISETA GANGSTER MM 86010782 4A8 M,19.99,16
000000704182,VESTIDO MALWEE MALHA 113016 04A08,19.99,16
000000704281,CAMISA MALWEE MALHA 11119 02A03 POL,14.99,16
000000704298,CAMISA MALWEE MALHA 11119 04A10 POL,19.99,16
000000705240,VESTIDO FAKINI MM 3176 4A10 CURTO,19.99,16
000000705677,SHORT LONGBONG ELAST 2004 12A16 MAS,14.99,16
000000705707,CONJUNTO GOOD BLESS MOL 713 4A8 FEM,19.99,16
000000706285,BLUSA TRICKNICK VISCOSE 112841 4A10,19.99,16
000000707206,MACAQUINHO REI REX MM 51092,19.99,16
000000708920,BERMUDA KIKO MOLETINHO 11131 PMG,14.99,16
000000709927,CAMISETA KIKO MM 11182 04A10,19.99,16
000000714143,REGATA GANGSTER MM 53040155 G1G3,19.99,16
000000714594,CAMISETA GANGSTER MM 99220144 04A08,19.99,16
000000714617,CAMISETA GANGSTER MM 86010794 04A08,19.99,16
000000714624,CAMISETA GANGSTER MM 86010797 04A08,19.99,16
000000676649,CONJUNTO PITISKA M 2873 81 13A16 MA LEGADO ZZ,14.99,16
000000691352,VESTIDO FORFUN MALHA 2300 1A3 LEGADO ZZ,14.99,16
000000696005,CONJUNTO KAPPES COT MOL 9064 4A8 FE LEGADO ZZ,14.99,16
000000698368,CAMISETA GANGSTER MM 99160235 4A8 M LEGADO ZZ,19.99,16
000000724593,REGATA GANGSTER MM 74060065 04A08 LEGADO ZZ,14.99,16
000000644822,CONJUNTO CATOLELE MM 1980 10A14 MAS,14.99,16
000000644839,CONJUNTO CATOLELE MM 1979 10A14 MAS,14.99,16
000000645584,CONJUNTO AQUARELA COTT 232412 4A8,14.99,16
000000660532,CONJUNTO OLLELE MALHA 1577 4A8 FEM,14.99,16
000000660563,CONJUNTO OLLELE MALHA 1588 4A8 FEM,14.99,16
000000660648,CONJUNTO OLLELE MALHA 1622 4A8 MASC,14.99,16
000000684613,BLUSA FAKINI MM DIVERSOS 4A10 FEM,14.99,16
000000684620,CAMISETA FAKINI MM DIVERSOS 1A3 MAS,14.99,16
000000684637,CAMISETA FAKINI MM DIVERSOS 4A10 MA,14.99,16
000000685382,REGATA KELY KETY MM 45666 4A10 MASC,14.99,16
000000685399,CAMISETA KELY KETY MM 45419 1A3,14.99,16
000000685665,BLUSA KELY KETY MALHA 43936 4A8,14.99,16
000000689519,CAMISETA KIKO FLAME 10139 1A3,14.99,16
000000689533,REGATA KIKO MM 10193 4A10,14.99,16
000000691130,CROPPED RALAKIDS COTTON 32365 4A10,14.99,16
000000691161,REGATA RALAKIDS COTTON B3216 4A10 F,14.99,16
000000691185,REGATA RALAKIDS MM 22178 1A3 MAS CP,14.99,16
000000691208,REGATA RALAKIDS MM B4211 4A10 MASC,14.99,16
000000691239,CAMISETA RALAKIDS PA 22179 1A3 MASC,14.99,16
000000692021,SHORT EVALIN BRIM 455 10A16 FEM,14.99,16
000000693028,CONJUNTO CATOLELE MM 2226 28 1A3 MA,14.99,16
000000693042,CONJUNTO CATOLEL M 2223 24 25 1A3 M,14.99,16
000000693059,CONJUNTO CATOLELE MM 2221 22 1A3 MA,14.99,16
000000693080,CONJUNTO CATOLELE MM 2251 52 4A8 MA,14.99,16
000000693158,CONJUNTO CATOLE COTT 2256 60 4A8 FE,14.99,16
000000694766,CROPPED MODALOKA P.ROMA 3549 10A16,14.99,16
000000695114,REGATA 1BIGO MOL 242043 4A8 MASC,14.99,16
000000695817,REGATA VITORIA MM 1021 10A16 MASC,14.99,16
000000695824,CAMISETA VITORIA MM 1019 10A16,14.99,16
000000696098,CONJUNTO KAPPES MM MOL 10001 1A3 MA,14.99,16
000000696227,MACAQUINHO KAPPES MM 2091 1A3 UNISS,14.99,16
000000704151,REGATA MALWEE RIBANA 11532 12A18 FE,14.99,16
000000706346,CAMISETA MINTY RIBANA M00053 12A18,14.99,16
000000706995,VESTIDO KELY KETY MM 50866 04A08,14.99,16
000000707046,VESTIDO KELY KETY MM 50386 01A03,14.99,16
000000707091,BLUSA KELY KETY MM 50820 04A10,14.99,16
000000707183,CAMISETA REI REX MM 51789 04A08,14.99,16
000000714792,REGATA GANGSTER MM 74060115 04A08 M,14.99,16
000000714808,REGATA GANGSTER MM 74070101 04A08 M,14.99,16
000000573191,BERMUDA EVALIN SARJA 102 2A3 LISTRA,9.99,16
000000576475,MACACAO BEIJINHO VISCOL 9194 4A8,9.99,16
000000602686,REGATA DUZIZO COTTON 6526 12A16 FEM,9.99,16
000000607414,BERMUDA EVALIN SARJA 333 2A3 FLORAL,9.99,16
000000607421,BERMUDA EVALIN SARJA 334 4A8 FLORAL,9.99,16
000000617895,CONJUNTO COSTAO MM 216010 6A12 FEM,9.99,16
000000636872,SHORT LEAN BRIM 46 JUV FEM CINTO,9.99,16
000000644860,CONJUNTO CATOLELE MM 1959 4A8 MASC,9.99,16
000000645126,CONJUNTO CATOLELE MM 1997 10A14 FEM,9.99,16
000000648301,BERMUDA DK2 MOL 233068 JUV,9.99,16
000000656467,CAMISETA GANGSTER MM 86010672 INF M,9.99,16
000000661416,REGATA OH MY LOVE VISC 2717 JUV PUX,9.99,16
000000662185,SHORT OH MY LOVE MOL 2812 JUV ELAST,9.99,16
000000669955,BLUSA ROVITEX MM 616250 JUV,9.99,16
000000676595,BLUSA PITISKA COT 2731 2733 12A16 F,9.99,16
000000676601,BLUSA PITISKA COT 2734 35 36 JUV FE,9.99,16
000000676632,REGATA PITISKA MM 2773 2774 12A16 M,9.99,16
000000685641,BLUSA KELY KETY MALHA 43367 2A3,9.99,16
000000689465,BLUSA KIKO COTTON 10038 1A3,9.99,16
000000689540,MACHAO KIKO MM 10161 1A3,9.99,16
000000691215,BERMUDA RALAKIDS MOL 21109 1A3 MASC,9.99,16
000000691284,SHORT RALAKIDS MOLECOT 31100 4A10 F,9.99,16
000000691659,BERMUDA EVALIN SARJA 253 1A3 CARG M,9.99,16
000000691666,BERMUDA EVALIN BRIM 405 4A8 MAS,9.99,16
000000691734,CROPPED GOOD BLESS MOL 611 JUV CPZ,9.99,16
000000692311,REGATA DESAYNER MM 19103018 10A16,9.99,16
000000692328,REGATA DESAYNER MM 19103017 10A16,9.99,16
000000692335,REGATA DESAYNER MM 19103019 10A16,9.99,16
000000692359,CAMISETA DESAYNER MM 19103001 10A16,9.99,16
000000692366,REGATA DESAYNER MM 19103022 10A16,9.99,16
000000692618,VESTIDO OLLELE COTTON 1747 PMG,9.99,16
000000692670,VESTIDO OLLELE COTTON 1768 4A8,9.99,16
000000692694,VESTIDO OLLELE MALHA 1781 10A14,9.99,16
000000693035,CONJUNTO CATOLELE MM 2229 31 1A3 MA,9.99,16
000000693134,CONJUNTO CATOLE COTT 2232 34 35 1A3,9.99,16
000000693202,VESTIDO CATOLELE COTTON 2357 4A8 FE,9.99,16
000000693493,CAMISETA DESAYNER MM 19103003 10A16,9.99,16
000000693516,CAMISETA DESAYNER MM 19103002 10A16,9.99,16
000000693523,CAMISETA DESAYNER MM 19103005 10A16,9.99,16
000000693530,CAMISETA DESAYNER MM 19103011 10A16,9.99,16
000000693547,CAMISETA DESAYNER MM 19103006 10A16,9.99,16
000000693554,CAMISETA DESAYNER MM 19103000 10A16,9.99,16
000000693561,CAMISETA DESAYNER MM 19103010 10A16,9.99,16
000000693578,CAMISETA DESAYNER MM 19103004 10A16,9.99,16
000000694919,CAMISETA 1BIGO MM 241021 1A3 SILK,9.99,16
000000694926,CAMISETA 1BIGO MM 241028 1A3 DINO,9.99,16
000000694995,CAMISETA 1BIGO MM 242030 4A8 BOLSO,9.99,16
000000695060,REGATA 1BIGO MOL 241046 1A3 CPZ MAS,9.99,16
000000695121,CAMISA 1BIGO MM 241032 1A3 POLO,9.99,16
000000695138,CAMISA 1BIGO MM 241033 1A3 POLO,9.99,16
000000695190,BERMUDA 1BIGO MOL 242070 4A8 MASC,9.99,16
000000695206,BERMUDA 1BIGO MOL 242062 4A8 MASC,9.99,16
000000695213,BERMUDA 1BIGO MOL 242064 4A8 MASC,9.99,16
000000695251,BERMUDA 1BIGO MOL 241055 1A3 CARGO,9.99,16
000000695343,CAMISETA DK2 MM 243044 10A16,9.99,16
000000695350,CAMISETA DK2 MM 243009 10A16,9.99,16
000000695374,CAMISETA DK2 MM 243038 10A16,9.99,16
000000695381,CAMISETA DK2 MM 243001 10A16,9.99,16
000000695404,CAMISETA DK2 MM 243039 10A16,9.99,16
000000695411,REGATA DK2 MM 243013 10A16,9.99,16
000000695428,REGATA DK2 MM 243014 10A16,9.99,16
000000696180,VESTIDO KAPPES COTTON 661 1A3 TRICO,9.99,16
000000696296,CONJUNTO BUCHECH MM MOL 2113016 1A3,9.99,16
000000696302,CONJUNTO BUCHECH MM MOL 2113024 1A3,9.99,16
000000696395,BODY BUCHECHINHA COTT 2213047 1A3,9.99,16
000000698375,CAMISETA GANGSTER MM 86010795 4A8 M,9.99,16
000000698382,CAMISETA GANGSTER MM 86010785 4A8 M,9.99,16
000000701822,CAMISETA ULTIMATO MM 31668 10A16,9.99,16
000000701846,CAMISETA ULTIMATO MM 31671 10A16,9.99,16
000000701860,CAMISETA ULTIMATO MM 31667 10A16 BA,9.99,16
000000705325,BLUSA FAKINI MALHA 3183 4A10,9.99,16
000000706292,BLUSA TRICKNICK MALHA 112711 04A10,9.99,16
000000707053,BLUSA KELY KETY MM 50384 04A08,9.99,16
000000707121,BLUSA KELY KETY MALHA 50813 04A08,9.99,16
000000707176,REGATA REI REX MM 51787 04A08,9.99,16
000000707213,CAMISETA REI REX MM 51342 01A03,9.99,16
000000707251,REGATA REI REX MM 51743 04A10,9.99,16
000000707268,REGATA REI REX MALHA JET 51744 04A8,9.99,16
000000707718,REGATA KELY KETY RIBANA 50815 4A10,9.99,16
000000707916,SHORT SAIA PHIZALIS POLIESTER 500 J,9.99,16
000000708807,BLUSA KIKO MM 11034 01A03,9.99,16
000000708814,CAMISETA KIKO MM 11129 PMG,9.99,16
000000708845,CAMISETA KIKO MM 11149 01A03,9.99,16
000000708852,CAMISETA KIKO MM 11152 01A03,9.99,16
000000708913,REGATA KIKO MM 11147 01A03,9.99,16
000000708937,BERMUDA KIKO MOLETINHO 11155 01A03,9.99,16
000000709002,BLUSA KIKO MM 11031 01A03,9.99,16
000000573580,CALCA AYLAHT SARJA 4080 JUV FEM BOT,9.99,16
000000607223,BERMUDA ANEX JEANS 007 10A16 MASC,9.99,16
000000687799,CAMISA BLUDSON MISTO DIV 10A16 MASC,9.99,16
000000545389,VESTIDO ROVITEX TRICOL 318645 2A3,9.99,16
000000567633,CALCA PARADOX LYCRA DIV JUV MASC LD,9.99,16
000000601269,CAMISETA GANGSTER MM 86010628 4A8,9.99,16
000000607483,BERMUDA EVALIN JEANS 080 4A8 COS,9.99,16
000000610858,CONJUNTO OLLELE MM 1401 4A8 FEM,9.99,16
000000610889,VESTIDO OLLELE NEOPRENE 1408 4A8,9.99,16
000000614801,BLUSA PITISKA COTTON DIV 12A16 SILK,9.99,16
000000614894,MACAQUINHO PITISKA COTTON 2456 4A8,9.99,16
000000617130,BLUSA LUANITA COTTON DIV 10A12,9.99,16
000000621311,REGATA OVER SURF MM MJ39041 10A16,9.99,16
000000636742,BERMUDA LEAN BRIM 27 10A16 MASC LIS,9.99,16
000000636759,BERMUDA LEAN BRIM 27 4A8 MASC LISA,9.99,16
000000641128,CAMISETA BELLER FILHO EX MAX004 JUV,9.99,16
000000644846,CONJUNTO CATOLELE MM 1964 4A8 MASC,9.99,16
000000645058,CONJUNTO CATOLELE MM 1945 1A3 FEM,9.99,16
000000645607,REGATA AQUARELA COTTON 233401 10A16,9.99,16
000000645799,JARDINEIRA MAFARI SARJA DIV 1A3 FEM,9.99,16
000000648615,CAMISETA 1BIGO MM 231029 1A3 TRICOL,9.99,16
000000648820,BERMUDA 1BIGO MOL 231070 1A3 SILK,9.99,16
000000648882,BERMUDA 1BIGO MOL 232066 4A8 LISTRA,9.99,16
000000648912,BERMUDA 1BIGO MOL 232080 4A8 SILK,9.99,16
000000652841,BODY BUCHECHI COTTON 2297008 1A3 F,9.99,16
000000652865,CONJUNTO BUCHECH COTT 2295005 INF F,9.99,16
000000663779,BLUSA RALAKIDS COTT 12184 1A3 BABAD,9.99,16
000000663786,BLUSA RALAKIDS MM 12186 1A3 AMARRAC,9.99,16
000000663861,REGATA RALAKIDS COTT 32348 4A10 FEM,9.99,16
000000685368,REGATA KELY KETY MM 45417 1A3 MASC,9.99,16
000000685733,BERMUDA KELY KETY COTT 10109 4A8 FE,9.99,16
000000693011,CAMISETA CATOLEL M 2316 17 18 10A14,9.99,16
000000693219,VESTIDO CATOLELE COTTON 2359 4A8 FE,9.99,16
000000693660,BLUSA CATOLELE COTT 2323 2324 JUV,9.99,16
000000694964,CAMISETA 1BIGO MM 242042 4A8 MARINH,9.99,16
000000695077,REGATA 1BIGO MM 242013 4A8 MASC,9.99,16
000000695084,REGATA 1BIGO MM 242016 4A8 MASC,9.99,16
000000695169,BERMUDA 1BIGO MOL 241067 1A3 DIVERT,9.99,16
000000695176,BERMUDA 1BIGO MOL 241058 1A3 DIVERT,9.99,16
000000695183,BERMUDA 1BIGO MOL 241074 1A3 MASC,9.99,16
000000695220,BERMUDA 1BIGO MOL 242083 4A8 PRETO,9.99,16
000000695237,BERMUDA 1BIGO MOL 242082 4A8 MARINH,9.99,16
000000695244,BERMUDA 1BIGO MOL 242081 4A8 MESCLA,9.99,16
000000696364,CAMISETA BUCHECHINHA MM 3113018 4A8,9.99,16
000000696418,CROPPED BUCHECHINHA MM 3213052 4A8,9.99,16
000000696470,BERMUDA BUCHECH COTT 4213025 JUV BR,9.99,16
000000696524,CROPPED BUCHECHINH COTT 4213032 JUV,9.99,16
000000698740,REGATA ELEMENTO ZERO MM 1011 2A8 MA,9.99,16
000000702034,MACHAO ULTIMATO MM 33227 10A16,9.99,16
000000702041,MACHAO ULTIMATO MM 33228 10A16,9.99,16
000000706988,BLUSA KELY KETY MM 50863 04A08,9.99,16
000000707107,BLUSA KELY KETY MM 50812 04A08,9.99,16
000000709040,SHORT DEFINITIVA TACTEL 05 10A14 MA,9.99,16
000000602969,MACAQUINHO DUZIZO MM 6481 4A10 ESTA,9.99,16
000000507790,SHORT BEBELO SARJA 628 VINHO F JUV,7.99,16
000000539890,BERMUDA BEMAX JEANS 4A8 MASC,7.99,16
000000392686,CONJUNTO HEBENEZER 438 MALHA MASC,7.99,16
000000509527,SHORT BEIJOKA COTTON 8413 10A14 FEM,7.99,16
000000535540,CAMISETA ECKO MM E578A JUV,7.99,16
000000585842,VESTIDO KELY KETY MM 26150 1A3,7.99,16
000000601238,CAMISETA GANGSTER MM 86010629 4A8,7.99,16
000000606103,REGATA DK2 MM 223140 10A16,7.99,16
000000614344,MACHAO GANGSTER MM 33050099 10A16,7.99,16
000000616799,BERMUDA ULTIMATO MOL 26072 4A8 MASC,7.99,16
000000616805,BERMUDA ULTIMATO MOL 26073 4A8 MASC,7.99,16
000000619752,CONJUNTO HEBENEZER MM 662 PMG FEM,7.99,16
000000622097,CAMISETA DK2 MM 213188 10A14 BASICA,7.99,16
000000623940,LEGGING PITISKA COTT JEANS 2459 JUV,7.99,16
000000645553,CONJUNTO AQUARELA COTT 231411 1A3,7.99,16
000000647663,CAMISETA ULTIMATO MM 31473 JUV CARE,7.99,16
000000648530,CAMISETA 1BIGO MM 232010 4A8 SILK,7.99,16
000000648547,CAMISETA 1BIGO MM 232013 4A8 SILK,7.99,16
000000648646,CAMISETA 1BIGO MM 231041 1A3 DIVERT,7.99,16
000000648714,REGATA 1BIGO MM 231049 1A3 DIVERTID,7.99,16
000000648868,BERMUDA 1BIGO MOL 232056 4A8 BASICA,7.99,16
000000652599,VESTIDO BUCHECHI COTTON 2295001 1A3,7.99,16
000000660914,VESTIDO OLLELE COTTON 1572 1A3 SILK,7.99,16
000000663199,LEGGING PITISKA COTT 2601 1A3 BRILH,7.99,16
000000663809,BLUSA RALAKIDS MM B1201 1A3 ESTAMPA,7.99,16
000000663878,REGATA RALAKIDS COTT B3202 4A10 FEM,7.99,16
000000663885,REGATA RALAKIDS COTT B3206 4A10 FEM,7.99,16
000000664028,SHORT RALAKIDS MOLETIN 3189 4A10 FE,7.99,16
000000669962,REGATA ROVITEX MM 313168 4A10 FEM,7.99,16
000000670746,CAMISETA RALALINDA POLI DIV JUV UV,7.99,16
000000305785,CALCA SDA JEANS DIVERSAS 04A08 FEM,7.99,16
000000472852,CALCA SDA SARJA DIVERSAS 04A08 FEM,7.99,16
000000578165,CONJUNTO FR POLY 20717 4A8 FEM,7.99,16
000000586207,BLUSA ROVITEX MM 312599 4A10,7.99,16
000000610810,CONJUNTO OLLELE MM 1417 PMG MASC,7.99,16
000000645263,VESTIDO CATOLELE MM 2060 4A8 FEM,7.99,16
000000372923,CONJUNTO VITORIA MALHA DIV 01A08,4.99,16
000000502313,CAMISETA LOCAL MM 17135 MASC 10A16,4.99,16
000000502320,CAMISETA LOCAL MM 17136 MASC 10A16,4.99,16
000000505529,CAMISETA POLO MM DIVERSAS 10A16,4.99,16
000000521178,CAMISETA LOCAL MM 17146 10A16 BASIC,4.99,16
000000534895,BLUSA TIFA VISCOLYCRA 6638 JUV,4.99,16
000000574877,VESTIDO PITISKA MALHA 2058 1A3,4.99,16
000000594059,LEGGING AQUARELA COTTON 212422 4A8,4.99,16
000000605397,BERMUDA CARLYLE MOLETIM 19002 4A8,4.99,16
000000605403,BERMUDA CARLYLE MOLETIM 17540 4A8,4.99,16
000000605472,BERMUDA CARLYLE MOLETIM 19003 10A14,4.99,16
000000606288,BLUSA AQUARELA COTTON 213702 10A14,4.99,16
000000606905,REGATA BUCHECHINHA MM 4115019 JUV,4.99,16
000000607537,SHORT EVALIN BRIM 050 10A14 LISO FE,4.99,16
000000607544,SHORT EVALIN BRIM 052 10A14 FLORAL,4.99,16
000000614795,BLUSA PITISKA COTTON DIV 6A10 SILK,4.99,16
000000614900,REGATA PITISKA MM 2425 10A16 BICOLO,4.99,16
000000622165,REGATA DK2 MM 213196 10A14,4.99,16
000000644754,CAMISETA CATOLELE MM 2003 1A3 MASC,4.99,16
000000644761,REGATA CATOLELE MM 2032 10A14 MASC,4.99,16
000000645225,BLUSA CATOLELE MM 2021 4A8 FEM,4.99,16
000000645249,BLUSA CATOLELE MM 2034 10A14 FEM,4.99,16
000000645256,VESTIDO CATOLELE MM 2057 1A3 FEM,4.99,16
000000648462,CAMISETA 1BIGO MM 241000 1A3 LISTRA,4.99,16
000000648585,CAMISETA 1BIGO MM 242000 4A8 LISTRA,4.99,16
000000648783,BERMUDA 1BIGO MOL 241050 1A3 BASICA,4.99,16
000000652537,CAMISETA BUCHECH MM 2196004 INF MAS,4.99,16
000000652551,MACAQUINHO BUCHECH MM 2292011 INF F,4.99,16
000000652568,MACAQUINHO BUCHECH SUPLEX 2295007 I,4.99,16
000000652704,BLUSA BUCHECHI COTTON 2295003 1A3 F,4.99,16
000000652728,BLUSA BUCHECHI COTTON 2297005 1A3 F,4.99,16
000000652834,BODY BUCHECHI COTTON 2295004 1A3 F,4.99,16
000000652858,BODY BUCHECHI COTTON 3293008 4A8 FE,4.99,16
000000652896,REGATA BUCHECH COTTON 2295006 INF F,4.99,16
000000652926,REGATA BUCHECH COTTON 3287002 INF F,4.99,16
000000652933,REGATA BUCHECH COTTON 3287006 INF F,4.99,16
000000652940,REGATA BUCHECH COTTON 3292022 INF F,4.99,16
000000652957,REGATA BUCHECH COTTON 4287012 JUV F,4.99,16
000000653312,REGATA BUCHECHINHA MM 4189002 JUV,4.99,16
000000687812,CAMISETE BLUDSON MISTO DIV 4A8 ML F,4.99,16
000000687829,CAMISETE BLUDSON MISTO DIV 2A8 MC F,4.99,16
000000687836,CAMISETE BLUDSON MISTO DIV JUV MC F,4.99,16
000000687843,CAMISETE BLUDSON MISTO DIV JUV ML F,4.99,16
000000692960,REGATA CATOLELE MM 2295 96 97 1A3 M,4.99,16
000000692991,CAMISETA CATOLELE M 2292 93 94 1A3,4.99,16
000000694872,CAMISETA 1BIGO MM 241002 1A3 RESPIN,4.99,16
000000694889,CAMISETA 1BIGO MM 241034 1A3 MESCLA,4.99,16
000000694933,CAMISETA 1BIGO MM 241010 1A3 SILK,4.99,16
000000695039,REGATA 1BIGO MM 241016 1A3 MASC,4.99,16
000000695046,REGATA 1BIGO MM 241014 1A3 MASC,4.99,16
000000696333,REGATA BUCHECHINHA MM 2113027 1A3 M,4.99,16
000000696456,BERMUDA BUCHECH COTT 3213047 4A8 BR,4.99,16
000000496223,SHORT SAIA ROVITEX DIVERSOS JUV,4.99,16
000000510134,BERMUDA ANEX 012 JEANS 04A08 MASC,4.99,16
000000543774,CALCA FAKINI MOLETIN 2096 4A10 PANT,4.99,16
000000573160,BERMUDA EVALIN SARJA 104 4A8 LISA,4.99,16
000000574013,BLUSA KELY KETY MM 66171 JUV FEM,4.99,16
000000574945,SHORT SAIA PITISKA MM 2080 4A8 ESTA,4.99,16
000000605755,BERMUDA 1BIGO MOL 222197 4A8 ESTAMP,4.99,16
000000606356,MACAQUINHO AQUARELA COTT 211530 1A3,4.99,16
000000606547,BODY BUCHECHINHA COTT 4245006 JUV,4.99,16
000000614825,VESTIDO PITISKA MOL 2443 1A3 JARDIN,4.99,16
000000614870,MACAQUINHO PITISKA COTTON 2070 1A3,4.99,16
000000614887,MACAQUINHO PITISKA COTTON 2455 1A3,4.99,16
000000617147,BERMUDA EVALIN SARJA 108 4A8,4.99,16
000000622479,BERMUDA 1BIGO MOL 212203 4A8 SILK,4.99,16
000000753760,CAMISA GANGSTER ALG 35150018 JUV,69.99,16
000000753715,CALCA GANGSTER JEANS 39280006 JUV,69.99,16
000000753722,CALCA GANGSTER SARJA 39010027 JUV,69.99,16
000000753777,CAMISA GANGSTER ALG 76140006 4A8,69.99,16
000000757904,VESTIDO POKOTINHA BORD 7354 06A10,59.99,16
000000711487,CALCA VILEJACK SARJ CJ0004 10A16 AR,59.99,16
000000757898,VESTIDO POKOTINHA LESE 7357 12A16,49.99,16
000000732031,SHORT ACTVITTA 40005425401 15745 MA,59.99,16
000000732048,SHORT ACTVITTA 40005425401 33300 MA,59.99,16
000000751162,VESTIDO BRINCAR ARTE MALHA 8831 INF,49.99,16
000000753692,BERMUDA GANGSTER LYCRA 37320001 JUV,59.99,16
000000757911,VESTIDO POKOTINHA AIR FLO 7342 6A10,49.99,16
000000773003,CALCA JEZZIAN JEANS 219796 JUV FEM,49.99,16
000000773010,CALCA JEZZIAN JEANS 220096 JUV FEM,49.99,16
000000749596,CONJUNTO MALWEE MOL 120054 04A08 MA,39.99,16
000000772952,CALCA JEZZIAN JEANS 220151 JUV MASC,49.99,16
000000772969,CALCA JEZZIAN JEANS 218446 JUV MASC,49.99,16
000000772976,CALCA JEZZIAN JEANS 218584 JUV MASC,49.99,16
000000682176,CALCA VILEJACK SARJ CJ0004 10A16 PR,59.99,16
000000709408,CALCA MAX DEN JEANS 9550 10A16 CINT,59.99,16
000000692786,CALCA MAX DENIN JEANS 9522 JUV FEM,59.99,16
000000707756,CONJUNTO MARO M VINIL 23528 06A10,49.99,16
000000707763,CONJUNTO MARO M VINIL 23529 12A16,59.99,16
000000753524,CAMISA GANGSTER MM 63560087 JUV POL,49.99,16
000000753531,CAMISA GANGSTER MM 63560110 JUV POL,39.99,16
000000753548,CAMISA GANGSTER MM 63560097 JUV POL,39.99,16
000000753630,BERMUDA GANGSTER MOL 37040136 JUV,49.99,16
000000753647,BERMUDA GANGSTER MOL 37040134 JUV,49.99,16
000000759021,VESTIDO ROVITEX 1196681 01A08,59.99,16
000000759038,CONJUNTO TRICK N MM 1096152 4A10 PO,59.99,16
000000759045,VESTIDO ROVITEX 1195132 04A08,59.99,16
000000759052,VESTIDO ROVITEX 1196651 01A08,59.99,16
000000759069,VESTIDO ROVITEX 1196641 01A08,59.99,16
000000763028,VESTIDO FAKINI COTTON 3166 04A10,39.99,16
000000743587,VESTIDO KELY KETY RIBANA 33327 JUV,39.99,16
000000663052,BERMUDA MAX DENIM JEANS 8333 JUV MA,49.99,16
000000709422,CALCA MAX DEN JEANS 9537 04A08 JOGG,49.99,16
000000709460,CALCA MAX DEN JEANS 8503 04A08 MASC,49.99,16
000000709620,BERMUDA MAX DEN JEANS 8530 10A16 M,49.99,16
000000678599,CAMISA MX72 SARJ 20123I 4A8 ML BOLS,49.99,16
000000678759,CAMISA MX72 MISTO 19100 JUV ML,49.99,16
000000692816,CALCA MAX DENIN JEANS 9528 4A8 WIDE,49.99,16
000000692823,CALCA MAX DENIN JEANS 8469 4A8 MASC,49.99,16
000000691956,BERMUDA ANEX JEANS 200 JUV MASC,39.99,16
000000707770,CONJUNTO MARO MOLECOTTON 23512 6A10,39.99,16
000000707787,CONJUNTO MARO MOLECOTTON 23513 12A1,39.99,16
000000707831,CONJUNTO MARO MOL PAETE 23540 06A10,39.99,16
000000707848,CONJUNTO MARO MOL PAETE 23541 12A16,39.99,16
000000709583,SHORT MAX DEN SARJA 9541 04A08 FEM,49.99,16
000000736459,CONJUNTO MARO MOLECOTON 23548 12A16,39.99,16
000000736466,CONJUNTO MARO MOLECOTON 23558 06A10,39.99,16
000000739450,CALCA BASIO JEANS 1035 10A16 FEM,39.99,16
000000739467,CALCA BASIO JEANS 4050 10A16 CARGO,39.99,16
000000739498,CALCA BASIO JEANS 5025 10A16 FEM,39.99,16
000000739504,CALCA BASIO JEANS 1525 04A08 FEM,39.99,16
000000739511,CALCA BASIO SARJA 4045 04A08 FEM,39.99,16
000000739801,CONJUNTO VINICAL 30410 06A12 LIZ,39.99,16
000000739849,CONJUNTO VINICAL 40404 06A10 FEM,39.99,16
000000739900,CONJUNTO VINICAL 30360 04A10 FEM,39.99,16
000000748865,CONJUNTO MALWEE MOLET 120479 01A03F,29.99,16
000000748919,CONJUNTO MALWEE COTTON 120134 04A08,29.99,16
000000748971,VESTIDO MALWEE COTTON 120098 04A08,29.99,16
000000751063,JARDINEIRA BRINCAR A MOL 8623 PMG M,39.99,16
000000753555,CAMISA GANGSTER MM 90560087 4A8 POL,39.99,16
000000757805,VESTIDO POKOTINHA GAZE 7267 M-G-1,39.99,16
000000757812,VESTIDO POKOTINHA TRIC 7261 M-G-1,39.99,16
000000757867,CONJUNTO POKOTINHA LESE 7328 02A04,39.99,16
000000759007,CONJUNTO ROVITEX 1095391 01A03 MASC,39.99,16
000000759168,VESTIDO STYLE CREPE 43195 10A16,39.99,16
000000759311,CONJUNTO ROVITEX 1096062 04A08 POLO,39.99,16
000000759328,CONJUNTO ROVITEX 1096002 04A10,39.99,16
000000763011,VESTIDO FAKINI MM 3156 04A10,39.99,16
000000763301,BLUSA FAKINI MM 3740 12A18,39.99,16
000000707800,CONJUNTO MARO MOLETOM 23555 12A16 LEGADO ZZ,49.99,16
000000739474,CALCA BASIO JEANS 4050 04A08 CARGO LEGADO ZZ,39.99,16
000000739481,CALCA BASIO SARJA 1022 10A16 FEM LEGADO ZZ,39.99,16
000000739788,CONJUNTO VINICAL 30407 06A12 LORENA LEGADO ZZ,39.99,16
000000739795,CONJUNTO VINICAL 30409 06A12 LUNA LEGADO ZZ,39.99,16
000000739856,MACAQUINHO VINICAL 60016 06A10 FEM LEGADO ZZ,39.99,16
000000751070,JARDINEIRA BRINCAR A MOL 8604 PMG M LEGADO ZZ,39.99,16
000000768399,CAMISA GANGSTER MM 63560099 JUV POL LEGADO ZZ,39.99,16
000000243483,BERMUDA FATAL BOARD SHORT F0502 JUV,39.99,16
000000743433,CAMISA REI REX MALHA 45472 04A08,39.99,16
000000743488,CONJUNTO KELY KETY MM 43404 04A08,39.99,16
000000751100,CONJUNTO BRINCAR ARTE MOL 8697 4A10,39.99,16
000000698030,BERMUDA GANGSTER MOL 37040130 JUV M,49.99,16
000000709507,BERMUDA MAX DEN SARJA 8512 04A08 MA,49.99,16
000000707794,CONJUNTO MARO MOLETOM 23554 06A10,39.99,16
000000736480,CONJUNTO MARO MM 22325 04A10 MASC,29.99,16
000000736497,CONJUNTO MARO MM 22326 04A10 MASC,29.99,16
000000737777,BERMUDA LG JEANS 10A16 MASC,29.99,16
000000739528,CALCA BASIO JEANS 1521 01A03 FEM,39.99,16
000000739535,CALCA BASIO JEANS 1026 01A03 CARG F,39.99,16
000000743334,CONJUNTO REI REX TACTEL 45730 04A08,39.99,16
000000743723,SHORT SAIA KELY KETY 33346 MOL JUV,39.99,16
000000743969,VESTIDO KELY KETY MM 43410 04A08,39.99,16
000000748995,VESTIDO MALWEE MM 120101 04A08 MARI,29.99,16
000000750721,CAMISA MALWE MM 111119 JUV POLO PR,29.99,16
000000750738,CAMISA MALWE MM 111119 JUV POLO VD,29.99,16
000000750745,CAMISA MALWE MM 111119 JUV POL VD A,29.99,16
000000750806,BERMUDA MALWEE MOL 85027 JUV MARROM,29.99,16
000000750813,BERMUDA MALWEE MOL 85027 JUV VERDE,29.99,16
000000751025,CONJUNTO BRINCAR ARTE MOL 8799 1A3,29.99,16
000000751049,CONJUNTO BRINCAR ARTE MOL 8621 PMG,29.99,16
000000751094,CONJUNTO BRINCAR ARTE MOL 8640 1A3,29.99,16
000000751155,VESTIDO BRINCAR ARTE MALHA 8835 INF,39.99,16
000000753739,SHORT GANGSTER MICRO 38040023 JUV,39.99,16
000000758987,VESTIDO ROVITEX 1196390 PMG,39.99,16
000000763288,BLUSA FAKINI MM 3735 04A10,39.99,16
000000739894,VESTIDO VINICAL 10404 06A10 FEM LEGADO ZZ,39.99,16
000000751056,CONJUNTO BRINCAR ARTE MOL 8612 PMG LEGADO ZZ,29.99,16
000000738378,CALCA ULY JEANS 083-1 02A03 MASC,29.99,16
000000738538,BERMUDA ULY JEANS 650-1 04A8 MASC,29.99,16
000000738569,BERMUDA ULY SARJA 687C 04A08 MASC,29.99,16
000000743303,CONJUNTO REI REX COTTON 45456 BODY,39.99,16
000000743310,CONJUNTO REI REX MOLETOM 45463 1A03,39.99,16
000000743457,CONJUNTO KELY KETY COTTON 43120 BOD,29.99,16
000000743464,CONJUNTO KELY KETY MM 43118 02A03,29.99,16
000000743495,CONJUNTO KELY KETY MM 46021 04A08,29.99,16
000000759137,SHORT STYLE CREPE 4429 10A16,29.99,16
000000504232,CAMISA ARMANELLI FLANELA 04A08 MASC,39.99,16
000000661782,VESTIDO OH MY LOVE VISC 2876 JUV,39.99,16
000000681872,CALCA LEAN JEANS 32 4A8 MASC BASICA,39.99,16
000000743860,VESTIDO AVAL MALHA 8407 10A16,29.99,16
000000719018,MACACAO 1BIGO MOLETOM 241365 SARUEL,29.99,16
000000734080,CAMISETA GANGSTER MM 31240246 10A16,29.99,16
000000734103,CAMISETA GANGSTER MM 31180708 10A16,24.99,16
000000734110,CAMISETA GANGSTER MM 31240245 10A16,29.99,16
000000734158,CAMISETA GANGSTER MM 31180699 10A16,24.99,16
000000734165,CAMISETA GANGSTER MM 31240241 10A16,29.99,16
000000734202,CAMISETA GANGSTER MM 99220174 04A08,24.99,16
000000734219,CAMISETA GANGSTER MM 99220175 04A08,24.99,16
000000734226,CAMISETA GANGSTER MM 99220167 04A08,24.99,16
000000736473,CONJUNTO MARO MM 12265 01 A 03 MASC,24.99,16
000000737746,CALCA LEAN JEANS 213 10A16 WIDE LEG,24.99,16
000000737760,BERMUDA LG JEANS 02A08 MASC,29.99,16
000000738408,BERMUDA ULY JEANS 703 02A03 MASC,24.99,16
000000738415,BERMUDA ULY JEANS 509 02A03 MASC,24.99,16
000000738446,BERMUDA ULY SARJA 1050C 02A03 MASC,24.99,16
000000739962,SHORT DERICK KIDS JEANS 10A16 FEM,29.99,16
000000739993,SHORT DERICK KIDS JEANS 01A03 FEM,29.99,16
000000741385,CALCA TESOURINHA JEANS 38 04A08 CAR,29.99,16
000000743341,CONJUNTO REI REX MOLETON 45441 4A08,29.99,16
000000743372,CONJUNTO REI REX MOLETON 45704 4A08,29.99,16
000000743532,VESTIDO KELY KETY MM 43406 02A03,29.99,16
000000743549,VESTIDO KELY KETY MM 43409 04A08,24.99,16
000000743556,VESTIDO KELY KETY MM 46033 04A08,29.99,16
000000743662,CONJUNTO KELY KETY COTTON 43119 BOD,29.99,16
000000748858,CONJUNTO MALWEE MOLET 124283 PMGG,24.99,16
000000748933,VESTIDO MALWEE COTTON 120338 01A03,24.99,16
000000748988,VESTIDO MALWEE MM 113015 04A08 SM,24.99,16
000000749534,CAMISETA MALWEE MM 121587 04A08 MAS,24.99,16
000000749541,CAMISETA MALWEE MM 120323 04A08 MAS,24.99,16
000000750905,SHORT SAIA BRINCAR ARTE MOL 8873 JU,24.99,16
000000753272,CAMISETA GANGSTER MM 31240237 JUV,29.99,16
000000753289,CAMISETA GANGSTER MM 31240250 JUV,29.99,16
000000753296,CAMISETA GANGSTER MM 31240341 JUV,24.99,16
000000753302,CAMISETA GANGSTER MM 31240285 JUV,24.99,16
000000753319,CAMISETA GANGSTER MM 31240283 JUV,24.99,16
000000753333,CAMISETA GANGSTER MM 31240332 JUV,29.99,16
000000758956,BLUSA ROVITEX 1130722 01A08,24.99,16
000000761703,CONJUNTO VILA FLOR MM V1093 04A10 F,24.99,16
000000763233,BLUSA FAKINI MM 3190 04A10,29.99,16
000000770606,CONJUNTO KELY KETY MM 50991 4A8 FEM,29.99,16
000000751261,BERMUDA BRINCAR ARTE MOL 8739 12A16 LEGADO ZZ,29.99,16
000000636711,CALCA LEAN JEANS 19 2A3 UNISSEX JOG,24.99,16
000000725323,VESTIDO GOOD BLESS MOL 2117 JUV CPZ,24.99,16
000000743501,CONJUNTO KELY KETY MM 43391 04A08,24.99,16
000000743570,VESTIDO KELY KETY RIBANA 33352 JUV,24.99,16
000000763158,CAMISETA FBR MALHA 12833 10A16,24.99,16
000000763097,CAMISETA FBR MALHA 12812 10A16 LEGADO ZZ,29.99,16
000000768368,CAMISETA GANGSTER MM 31240274 10A16 LEGADO ZZ,29.99,16
000000769310,CAMISETA GANGSTER MM 11243198 10A16 LEGADO ZZ,29.99,16
000000769372,CAMISETA GANGSTER MM 31180713 10A16 LEGADO ZZ,29.99,16
000000769396,CAMISETA GANGSTER MM 31240338 10A16 LEGADO ZZ,24.99,16
000000573153,CALCA EVALIN JEANS 165 4A8 MASC JOG,29.99,16
000000689595,CONJUNTO KIKO COTTON 10041 1A3 FEM,29.99,16
000000619592,VESTIDO HEBENEZER TRICOLINE 641 PMG,9.99,16
000000636889,CAMISA LEAN JEANS 28 2A3 MASC MC,19.99,16
000000685788,CAMISA REI REX MM 11107 1A3 POLO,19.99,16
000000689670,SHORT SAIA KIKO MOLETIN 10074 4A10,19.99,16
000000736510,CAMISA MARO MM 12266 01A03 POLO,19.99,16
000000736534,CAMISETA MARO MM 22329 04A10,19.99,16
000000736541,CAMISETA MARO MM 22331 04A10,14.99,16
000000736558,CAMISETA MARO MM 22334 04A10,14.99,16
000000736565,CAMISETA MARO MM 32243 12A16,19.99,16
000000736572,CAMISETA MARO MM 32244 12A16,19.99,16
000000736664,BERMUDA MARO MOLETOM 31351 12A16 MA,24.99,16
000000737708,SHORT LEAN JEANS DIVERSOS 04A08 FEM,19.99,16
000000737807,BERMUDA LEAN JEANS 101 04A08 MSC,24.99,16
000000737821,BERMUDA LEAN SARJA 031 04A08 MSC,24.99,16
000000737838,BERMUDA LEAN JEANS 094 04A08 ELAST,24.99,16
000000737883,CALCA LEAN JEANS 212 1A3 MASC,19.99,16
000000737913,SHORT LEAN BRIM DIV 04A08 FEM,19.99,16
000000737920,SHORT LEAN BRIM DIV 10A16 FEM,24.99,16
000000741200,CONJUNTO TESOURINHA VISCOSE 56 INF,24.99,16
000000742825,VESTIDO VILA FLOR MM V1031 04A10,24.99,16
000000743358,CONJUNTO REI REX MOLETON 45442 2A03,24.99,16
000000743365,CONJUNTO REI REX MOLETON 45700 4A08,19.99,16
000000743426,CAMISA REI REX MALHA 45470 03A03 PO,24.99,16
000000743518,VESTIDO KELY KETY MM 43125 02A03,19.99,16
000000743709,CROPPED KELY KETY MM 33348 10A18,24.99,16
000000743907,BERMUDA AVAL MOLETINHO 8454 JUV MAS,19.99,16
000000748841,CONJUNTO MALWEE COTTON 120350 01A03,19.99,16
000000748926,VESTIDO MALWEE MM 120336 01A03 SM,19.99,16
000000749466,CAMISA MALWE MM 111119 1A3 POLO,19.99,16
000000750622,CAMISETA MALWEE MM 86765 JUV PRETO,19.99,16
000000750639,CAMISETA MALWEE MM 86765 JUV VERDE,19.99,16
000000750646,CAMISETA MALWEE MM 86765 JUV AMAREL,19.99,16
000000750653,CAMISETA MALWE MM 86765 JUV VD AGUA,19.99,16
000000750660,CAMISETA MALWEE MM 86765 JUV AZUL,19.99,16
000000750677,CAMISETA MALWEE MM 86765 JUV VERMEL,19.99,16
000000750684,CAMISETA MALWEE MM 120018 JUV,19.99,16
000000750691,CAMISETA MALWEE MM 120018 JUV CINZA,19.99,16
000000750707,CAMISETA MALWEE MM 120018 JUV VERME,19.99,16
000000750714,CAMISETA MALWEE MM 69856B049 JUV ES,24.99,16
000000750790,REGATA MALWEE MM 120017 10A18 MARIN,19.99,16
000000750868,SHORT BRINCAR ARTE MOL 8838 4A10 FE,19.99,16
000000750998,BLUSA BRINCAR ARTE RIBANA 8830 4A10,19.99,16
000000751414,BERMUDA DK2 MOL 253486 10A16 CARGO,24.99,16
000000751421,BERMUDA DK2 MOL 253466 10A16 MASC,24.99,16
000000751438,BERMUDA DK2 MOL 253483 10A16 MASC,24.99,16
000000753234,CAMISETA GANGSTER MM 30012922 JUV,24.99,16
000000753258,CAMISETA GANGSTER MM 30012933 JUV,24.99,16
000000753265,CAMISETA GANGSTER MM 30012934 JUV,24.99,16
000000753326,CAMISETA GANGSTER MM 30012989 JUV,24.99,16
000000753357,CAMISETA GANGSTER MM 99220272 4A8,24.99,16
000000753418,REGATA GANGSTER MM 74060122 4A8,24.99,16
000000753586,REGATA GANGSTER MM 33050154 JUV,19.99,16
000000753609,REGATA GANGSTER MM 33050151 JUV,19.99,16
000000755733,BERMUDA ULY JEANS 687 02A03 MASC,24.99,16
000000756013,VESTIDO BUCHEC COTTON 3257041 04A08,29.99,16
000000756488,CONJUNTO BUCHEC COTTON 2208031 01A3,24.99,16
000000757744,CONJUNTO SPORT SUL MOL 1780 04A08 F,24.99,16
000000758765,CONJUNTO ROVITEX 3091622 04A08 MASC,19.99,16
000000758772,CONJUNTO ROVITEX 3091462 04A08 MASC,19.99,16
000000758789,CONJUNTO ROVITEX 3091482 04A08 MASC,19.99,16
000000758796,CONJUNTO ROVITEX 3091542 04A08 MASC,19.99,16
000000758888,BLUSA ROVITEX 1131002 04A08 FEM,24.99,16
000000758901,CAMISETA ROVITEX 1021472 04A08 MASC,24.99,16
000000758932,VESTIDO ROVITEX 3136450 PMG 01A08,24.99,16
000000758963,VESTIDO ROVITEX 1130360 PMG 01A08,24.99,16
000000762946,VESTIDO FAKINI MM 3100 01A03,24.99,16
000000763059,VESTIDO FAKINI MM 3001 PMG,24.99,16
000000763332,BLUSA FAKINI MM 3842 12A18,24.99,16
000000694674,BLUSA ROVITEX RIBANA 619504 12A18 LEGADO ZZ,29.99,16
000000696142,CONJUNTO KAPPES MM MOL 8014 4A8 MAS LEGADO ZZ,29.99,16
000000741392,CALCA TESOURINHA JEANS 88 02A08 ELA LEGADO ZZ,24.99,16
000000741439,BERMUDA TESOURINHA JEANS 76 10A16 M LEGADO ZZ,24.99,16
000000763172,MACHAO FBR MALHA 12801 10A16 LEGADO ZZ,19.99,16
000000768405,CAMISETA GANGSTER MM 30012917 JUV LEGADO ZZ,24.99,16
000000769556,REGATA GANGSTER MM 33060036 10A16 Sortida P,24.99,16
000000452434,BERMUDA TIFA DIVERSAS JUVENIL MASC,19.99,16
000000705714,CONJUNTO GOOD BLESS MOL 709 4A8 FEM,19.99,16
000000734172,CAMISETA GANGSTER MM 30012928 10A16,19.99,16
000000734189,CAMISETA GANGSTER MM 30012924 10A16,19.99,16
000000734196,CAMISETA GANGSTER MM 30012929 10A16,19.99,16
000000734233,CAMISETA GANGSTER MM 86010829 04A08,19.99,16
000000734240,CAMISETA GANGSTER MM 86010830 04A08,19.99,16
000000734257,CAMISETA GANGSTER MM 86010826 04A08,19.99,16
000000734264,CAMISETA GANGSTER MM 86010828 04A08,19.99,16
000000737944,BERMUDA LEAN JEANS 150 1A3 MASC,19.99,16
000000739832,SHORT VINICAL 206 06A12 ANTONIA,19.99,16
000000740876,BERMUDA NELLONDA MOL 9413 JUV ESTAM,19.99,16
000000740920,BERMUDA NELLONDA TACT 9433 JUV ESTA,19.99,16
000000741071,CALCA TESOURINHA VISCOSE 05 PANT IN,19.99,16
000000741095,BLUSA TESOURINHA VISCOSE 07 JUVENIL,19.99,16
000000741170,CONJUNTO TESOURINHA VISCOSE 25 8A12,19.99,16
000000741187,CONJUNTO TESOURINHA VISCOSE 61 INF,19.99,16
000000741194,CONJUNTO TESOURINHA VISCOSE 12 4A08,19.99,16
000000741217,CONJUNTO TESOURINHA RIBANA 62 INF,19.99,16
000000741224,CONJUNTO TESOURINHA CREPE 50 INF,19.99,16
000000741248,CONJUNTO TESOURINHA MM 08 INF,19.99,16
000000741255,VESTIDO TESOURINHA DUNA 13 INF DIV,19.99,16
000000741262,VESTIDO TESOURINHA RIBANA 31 INF,19.99,16
000000741279,VESTIDO TESOURINHA LIGANETE 01 INF,19.99,16
000000741316,SHORT TESOURINHA JEANS 46 02A06,19.99,16
000000741330,SHORT SAIA TESOURINHA JEANS 40 04A8,24.99,16
000000741347,SHORT TESOURINHA PT 27 PMG INF,19.99,16
000000741354,SHORT TESOURINHA BRIM 034 10A16,19.99,16
000000741422,BERMUDA TESOURINHA JEANS 75 01A03 M,24.99,16
000000741477,MACAQUINHO TESOURINHA RIBANA 48 INF,19.99,16
000000741484,MACAQUINHO TESOURINHA LIGANETE 3 IN,19.99,16
000000742399,BERMUDA ULTIMATO MOLETINHO 26000 IN,19.99,16
000000743617,BLUSA KELY KETY MALHA 43394 04A08,19.99,16
000000743808,BLUSA AVAL MALHA 4075 10A16,19.99,16
000000743853,VESTIDO AVAL COTTON 8380 4A8,19.99,16
000000745307,CONJUNTO CATOLELE MOL 2561 1A3 MASC,19.99,16
000000746274,CAMISA 1BIGO VENEZA 251428 1A3 POLO,19.99,16
000000749558,CAMISETA MALWEE MM 120498 04A08 MAS,19.99,16
000000749565,REGATA MALWEE MM 120497 04A08 MAS,14.99,16
000000749749,CAMISETA MALWEE MM 120018 4A8 02226,19.99,16
000000750233,SHORT TESOURINHA ALFAIATARIA 042 IN,19.99,16
000000750837,SHORT BRINCAR ARTE MOL 8757 PMG FEM,19.99,16
000000751315,REGATA BRINCAR ARTE MM 8693 04A10 M,19.99,16
000000753364,CAMISETA GANGSTER MM 86010882 4A8,19.99,16
000000753371,CAMISETA GANGSTER MM 86010846 4A8,19.99,16
000000753388,CAMISETA GANGSTER MM 86010923 4A8,19.99,16
000000753395,REGATA GANGSTER MM 33050152 JUV,19.99,16
000000753401,REGATA GANGSTER MM 74070115 4A8,19.99,16
000000755498,BERMUDA ULY LINHO 685L 02A03 MASC,19.99,16
000000755801,VESTIDO BUCHEC COTTON 2208026 01A03,24.99,16
000000770552,BLUSA KELLY KETTY COTTO 10115 10A16,19.99,16
000000741231,CONJUNTO TESOURINHA MM 10 INF LEGADO ZZ,19.99,16
000000741323,SHORT TESOURINHA JEANS 43 02A06 BOT LEGADO ZZ,19.99,16
000000741378,MACAQUINHO TESOURINHA JEANS 45 02A6 LEGADO ZZ,19.99,16
000000743921,CAMISETA AVAL MALHA 8447 JUV MASC LEGADO ZZ,19.99,16
000000739139,VESTIDO ANALI PRADA DIV 2A10,24.99,16
000000670685,CALCA OPPING JEANS 4A8 MASC TRAD,24.99,16
000000685184,CONJUNTO FAKINI MM DIV 1A3 MC FEM,19.99,16
000000689731,BERMUDA KIKO MOLETOM 10177 4A10,19.99,16
000000692007,BERMUDA EVALIN SARJA 290 10A16 MASC,24.99,16
000000707077,CONJUNTO KELY KETY MM 50901 04A10,24.99,16
000000743846,VESTIDO AVAL MALHA 4041 1A3,19.99,16
000000648974,CALCA 1BIGO HELANCA 232063 4A8 JOGG,14.99,16
000000705226,VESTIDO FAKINI MM 3115 1A3 CURTO,14.99,16
000000706339,CAMISETA TRICKNICK MM 302068 04A10,24.99,16
000000725330,CROPPED GOOD BLESS MOL 2115 JUV,19.99,16
000000725880,VESTIDO VALEEN KIDS MM DIV 04A10,14.99,16
000000736527,CAMISETA MARO MM 12267 01A03,14.99,16
000000736589,CAMISETA MARO MM 12268 01A03 CAPUZ,14.99,16
000000736596,CAMISETA MARO MM 11252 01A03 CAPUZ,14.99,16
000000736619,REGATA MARO MM 22335 04A10 MASC,14.99,16
000000736626,REGATA MARO MM 32251 12A16 MASC,14.99,16
000000736633,REGATA MARO MM 32252 12A16 MASC,14.99,16
000000736640,REGATA MARO MM 32253 12A16 MASC,19.99,16
000000736657,REGATA MARO MM 31350 12A16 MASC,19.99,16
000000737722,SHORT LEAN JEANS DIVERSOS 01A03 FEM,19.99,16
000000737937,BERMUDA LEAN BRIM 094 1A3 MASC,19.99,16
000000737951,CALCA LEAN LINHO 035 1A3 MASC,19.99,16
000000740784,CAMISETA NELLONDA MM 9400 JUV ESTAM,19.99,16
000000740791,CAMISETA NELLONDA MM 9406 JUV ESTAM,19.99,16
000000740807,CAMISETA NELLONDA MM 9412 JUV ESTAM,19.99,16
000000740814,CAMISETA NELLONDA MM 9414 JUV ESTAM,19.99,16
000000740821,CAMISETA NELLONDA MM 9416 JUV ESTAM,19.99,16
000000740838,CAMISETA NELLONDA MM 9420 JUV ESTAM,19.99,16
000000740869,REGATA NELLONDA MM 9428 JUV CPZ EST,19.99,16
000000740890,BERMUDA NELLONDA MOL 9427 JUV ESTAM,19.99,16
000000743402,REGATA REI REX MALHA 45716 04A08,19.99,16
000000743563,VESTIDO KELY KETY MM 43388 04A08,19.99,16
000000743594,BLUSA KELY KETY COTTON 43113 02A03,14.99,16
000000743624,BLUSA KELY KETY MALHA 43392 04A08,14.99,16
000000743938,CAMISETA AVAL MALHA 8431 4A8 MASC,14.99,16
000000746298,BERMUDA 1BIGO MOL 251458 01A03,14.99,16
000000746328,BERMUDA 1BIGO MOL 251477 01A03,19.99,16
000000746366,BERMUDA 1BIGO MOL 252462 04A08,19.99,16
000000747578,BLUSA GOOD BLESS MM 2530 10A16 FEM,19.99,16
000000750752,REGATA MALWEE MM 86766 12A18 PRETO,14.99,16
000000750769,REGATA MALWEE MM 86766 12A18 VERDE,14.99,16
000000750776,REGATA MALWEE MM 86766 12A18 AZUL,14.99,16
000000751537,CAMISETA DK2 MALHA 253431 10A16 MAS,19.99,16
000000751544,CAMISETA DK2 MALHA 253428 10A16 MAS,19.99,16
000000755795,CROPPED BUCHEC LAISE 2208018 01A03,14.99,16
000000755849,VESTIDO BUCHEC COTTON 2208034 01A03,24.99,16
000000756051,SAIA BUCHEC COTTON 3216029 04A08,19.99,16
000000757522,VESTIDO SPORT SUL MM LESIE 1740 PMG,19.99,16
000000757546,VESTIDO SPORT SUL MM LESE 1758 01A3,19.99,16
000000757553,VESTIDO SPORT SUL MM LESE 1786 04A8,19.99,16
000000757560,VESTIDO SPORT SUL MM 1802 10A16,19.99,16
000000757577,CONJUNTO SPORT SUL COTTON 1745 PMG,19.99,16
000000757584,CONJUNTO SPORT SUL COTTON 1741 PMG,19.99,16
000000757591,CONJUNTO SPORT SUL MOL 1746 PMG MAS,19.99,16
000000757607,CONJUNTO SPORT SUL MOL 1748 PMG MAS,19.99,16
000000757614,CONJUNTO SPORT SUL MM 1747 PMG MAS,19.99,16
000000757638,BLUSA SPORT SUL MM 1775 04A08,19.99,16
000000757652,CONJUNTO SPORT SUL MM 1767 01A03 MA,24.99,16
000000757669,CONJUNTO SPORT SUL MM 1766 01A03 MA,24.99,16
000000757690,CONJUNTO SPORT SUL MOL 1774 01A03 M,19.99,16
000000757706,CONJUNTO SPORT SUL MOL 1744 PMG FEM,19.99,16
000000757713,CONJUNTO SPORT SUL MOL 1742 PMG FEM,19.99,16
000000758802,REGATA ROVITEX 3023292 04A10 MASC,19.99,16
000000758819,REGATA ROVITEX 3022932 04A08 MASC,19.99,16
000000759298,BLUSA ROVITEX 1128412 04A10,19.99,16
000000759755,BERMUDA LEAN JEANS 28 2A3 MASC,19.99,16
000000696173,CONJUNTO KAPPES MM MOL 6901 1A3 UNI LEGADO ZZ,24.99,16
000000708760,CONJUNTO KIKO MM 11160 01A03 LEGADO ZZ,24.99,16
000000743778,CROPPED AVAL VISCOSE 4087 10A16 LEGADO ZZ,14.99,16
000000213806,BERMUDA FIDO DIDO FD2 JUVENIL,19.99,16
000000631259,BERMUDA BEMAX LYCRA 1A3 MASC,19.99,16
000000638012,BERMUDA VILEJACK LYC BP001 JUV LD,19.99,16
000000669832,CROPPED ROVITEX MM 616337 JUV,19.99,16
000000676724,CONJUNTO PITISKA COT 2847 12A16 FEM,19.99,16
000000684583,VESTIDO FAKINI MM DIVERSOS 1A3 FEM,19.99,16
000000691673,BERMUDA EVALIN BRIM 410 10A16 MAS,19.99,16
000000692571,CONJUNTO OLLELE MM 1805 1A3 MAS,19.99,16
000000693073,CONJUNTO CATOLELE MM 2247 49 4A8 MA,19.99,16
000000695732,BERMUDA GOOD BLESS MOL 636 JUV MASC,19.99,16
000000704229,CONJUNTO MALWEE MALHA 113041 4A08 M,19.99,16
000000708944,BERMUDA KIKO MOLETINHO 11187 04A010,19.99,16
000000743884,SHORT AVAL MOLETINHO 4060 4A8 FEM,14.99,16
000000743891,SHORT AVAL MOLETINHO 4090 JUV FEM,19.99,16
000000397292,LEGGING PITISKA COT 2006 10A16 LISA,14.99,16
000000564526,LEGGING PITISKA MOLECOT 2276-79 JUV,14.99,16
000000634069,CAMISETA TIFA MM DIVERSAS 10A16,14.99,16
000000705721,CONJUNTO GOOD BLESS MOL 708 4A8 FEM,19.99,16
000000727747,CONJUNTO VISTON MM 39150 39100 1A8,14.99,16
000000736602,REGATA MARO MM 12271 01A03 MASC,14.99,16
000000740845,REGATA NELLONDA MM 9430 JUV ESTAMPA,14.99,16
000000740852,REGATA NELLONDA MM 9434 JUV ESTAMPA,14.99,16
000000741408,BERMUDA TESOURINHA BRIM 87 04A08 MA,19.99,16
000000741989,CAMISETA ULTIMATO MM 31690 JUV,14.99,16
000000741996,CAMISETA ULTIMATO MM 31691 JUV,14.99,16
000000742009,CAMISETA ULTIMATO MM 31692 JUV,14.99,16
000000742016,CAMISETA ULTIMATO MM 31003 JUV,14.99,16
000000743396,REGATA REI REX MALHA 45714 04A08,14.99,16
000000743440,REGATA REI REX MALHA 45466 02A03,14.99,16
000000743747,CROPPED AVAL COTTON 8355 1A3,14.99,16
000000743754,CROPPED AVAL MALHA 4061 4A8,14.99,16
000000743785,CROPPED AVAL COTTON 4081 10A16,14.99,16
000000743792,CROPPED AVAL MALHA 8404 10A16,14.99,16
000000743822,BLUSA AVAL COTTON 4045 1A3 FEM,14.99,16
000000743839,BLUSA AVAL COTTON 8357 1A3 FEM,14.99,16
000000747400,BERMUDA DESAY MOL 5644 01A03,14.99,16
000000749657,REGATA MALWEE COTTON 05065 04A10 FE,14.99,16
000000749985,CROPPED ART B COTTON M0737 JUV SILK,14.99,16
000000755887,CROPPED BUCHEC MM 3216036 04A08,14.99,16
000000755924,CROPPED BUCHEC MM 4219014 10A16,14.99,16
000000755986,BLUSA BUCHEC COTTON 4219024 10A16,19.99,16
000000756464,REGATA BUCHEC MM 2107015 01A03 MASC,14.99,16
000000756518,CAMISETA BUCHEC MM 3120034 04A08 MA,14.99,16
000000756525,BERMUDA BUCHEC MOL 3135023 04A08 MA,19.99,16
000000756792,CAMISETA DASAYNER MM 5713 10A14,14.99,16
000000756822,CAMISETA DASAYNER MM 5716 10A14,14.99,16
000000756839,CAMISETA DASAYNER 5723 10A14,14.99,16
000000756846,CAMISETA DASAYNER 5722 10A14,14.99,16
000000675932,LEGGING OLLELE SUPLEX 1663 1A3 FEM LEGADO ZZ,14.99,16
000000747509,CONJUNTO LION KIDS 01A08 DIV MASC LEGADO ZZ,14.99,16
000000747592,CONJUNTO LION KIDS 01A08 DIV FEM LEGADO ZZ,14.99,16
000000747615,VESTIDO LION KIDS 01A08 3MARIAS LEGADO ZZ,19.99,16
000000679084,CAMISETA TIFA SUED SD3200 JUV ML MA,14.99,16
000000677820,CAMISETA THE LION POL 005 4A8 ML UV,14.99,16
000000684606,BLUSA FAKINI MM DIVERSOS 1A3 FEM,14.99,16
000000692489,CONJUNTO OLLELE MM 1745 PMG FEM,14.99,16
000000693585,BERMUDA DESAYNER MOL 19103028 10A16,14.99,16
000000693592,BERMUDA DESAYNER MOL 19103030 10A16,14.99,16
000000705684,SHORT LONGBONG 4CABOS 2001 04A10 MA,14.99,16
000000475471,BERMUDA FOCUS JEANS MASC SALDO JUV,14.99,16
000000550598,LEGGING PITISKA COTTON 2007 4A8 EST,14.99,16
000000570619,LEGGING AQUARELA COTTON DIV 1A8 SD,9.99,16
000000614771,LEGGING PITISKA COT 2004 1A3 ESTAMP,14.99,16
000000695015,CAMISETA 1BIGO MM 242025 4A8 SILK,14.99,16
000000695268,BERMUDA 1BIGO MOL 242058 4A8 CARGO,14.99,16
000000725385,BLUSA TIFA MALHA DIV 10A16 FEM,9.99,16
000000739719,CALCA TEXFIO COTTON DIV INF LEGGING,14.99,16
000000741156,REGATA TIFA MALHA DIVERSAS 10A16 MA,14.99,16
000000742252,MACHAO ULTIMATO MM 33230 JUV,14.99,16
000000742269,MACHAO ULTIMATO MM 33000 JUV,14.99,16
000000742351,CAMISETA ULTIMATO MM 21420 04A08 MC,14.99,16
000000742368,CAMISETA ULTIMATO MM 21421 04A08 MC,14.99,16
000000742375,CAMISETA ULTIMATO MM 21001 04A08 MC,14.99,16
000000742382,REGATA ULTIMATO MM 23168 04A08,9.99,16
000000743389,REGATA REI REX MALHA 45465 02A03,14.99,16
000000743945,REGATA AVAL MALHA 4107 1A3 MASC,14.99,16
000000745383,BERMUDA CATOLELE MOLETINHO 2617 4A8,14.99,16
000000745543,SHORT CATOLELE TACTEL 2618 JUV MASC,9.99,16
000000745666,VESTIDO CATOLELE COTTON 2682 1A3,9.99,16
000000755832,BLUSA BUCHEC COTTON 2208036 01A03,14.99,16
000000755856,BLUSA BUCHEC COTTON 3216018 04A08,14.99,16
000000755863,BLUSA BUCHEC COTTON 3216019 04A08,14.99,16
000000756495,SAIA BUCHEC TULE 2208032 01A03,14.99,16
000000757539,VESTIDO SPORT SUL MM 1752 01A03,14.99,16
000000757621,BLUSA SPORT SUL MM 1751 01A03,14.99,16
000000757645,BERMUDA SPORT SUL MOL 1768 01A03 MA,14.99,16
000000757683,CAMISETA SPORT SUL MM 1822 01A08 MA,14.99,16
000000757782,BERMUDA SPORT SUL MOL 1793 04A08 M,14.99,16
000000607032,VESTIDO BUCHECHINHA MM 3256022 4A8 LEGADO ZZ,14.99,16
000000656931,REGATA GANGSTER MM 33040172 JUV MAS LEGADO ZZ,14.99,16
000000743761,CROPPED AVAL RIBANA 4059 4A8 LEGADO ZZ,9.99,16
000000743877,BERMUDA AVAL COTTON 8369 1A3 GLITER LEGADO ZZ,9.99,16
000000215220,BLUSA T-SHIRT MALWEE LEGADO P,14.99,16
000000677912,CAMISETA CDKA MM 225 10A16 MAS BRAN,9.99,16
000000285148,CALCA LA ONDA JEANS DIV 4A8 MASC,9.99,16
000000550888,BERMUDA EVALIN SARJA 195 4A8 ANCORA,9.99,16
000000607407,BERMUDA EVALIN BRIM 095 2A3 ANCORA,9.99,16
000000623926,BERMUDA KAUAN JEANS 10A16 LYCRA,9.99,16
000000636810,SHORT LEAN JEANS 16 2A3 F BARRA VIR,9.99,16
000000645751,BERMUDA MAFARI SARJA DIVE 10A16 MAS,9.99,16
000000652889,CONJUNTO BUCHECH MM 3292021 INF FEM,9.99,16
000000676625,CAMISETA PITISKA MM DIVERSAS JUV M,9.99,16
000000685375,REGATA KELY KETY MM 45665 4A10 MASC,9.99,16
000000689700,BERMUDA KIKO MOLETOM 10127 PMG,9.99,16
000000691093,BLUSA RALAKIDS COTTON 32359 4A10 FE,9.99,16
000000691826,BERMUDA EVALIN SARJA 254 4A8 CARG M,9.99,16
000000693509,CAMISETA DESAYNER MM 19103007 10A16,9.99,16
000000695145,CAMISA 1BIGO MM 242037 4A8 POLO,9.99,16
000000695152,BERMUDA 1BIGO MOL 241062 1A3 CARGO,9.99,16
000000695398,CAMISETA DK2 MM 243040 10A16,9.99,16
000000696319,CONJUNTO BUCHECH COTTON 2213044 1A3,9.99,16
000000696487,MACAQUINHO BUCHEC SUPL 3213031 4A8,9.99,16
000000696548,BLUSA BUCHECHINHA COTT 4213034 JUV,9.99,16
000000701839,CAMISETA ULTIMATO MM 31669 10A16,9.99,16
000000701853,CAMISETA ULTIMATO MM 31673 10A16,9.99,16
000000586061,CAMISETA ROVITEX MM 301436 4A10,4.99,16
000000696432,SHORT BUCHECHINHA COTT 2213053 1A3,9.99,16
000000713115,REGATA AMANDA DRY 00045 PMGG MASC,9.99,16
000000713122,MACHAO AMANDA DRY 00048 PMGG MASC,9.99,16
000000738316,BERMUDA AQUARELA COTTON DIV 4A8 EST,9.99,16
000000745376,BERMUDA CATOLELE TACTEL 2616 4A8 MA,9.99,16
000000755818,BLUSA BUCHEC COTTON 2208027 01A03,9.99,16
000000755825,BLUSA BUCHEC COTTON 2208029 01A03,9.99,16
000000391344,JARDINEIRA ABU P AO 3 SALDO FEM LEGADO ZZ,9.99,16
000000641111,CAMISETA BELLER PLAYER 2 MAX005 JUV LEGADO ZZ,9.99,16
000000644853,CONJUNTO CATOLELE MM 1965 4A8 MASC LEGADO ZZ,9.99,16
000000474801,CALCA VILEJACK LYCRA 10A16 FEM DIV,9.99,16
000000589260,BERMUDA JEZZIAN JEANS DIV 4A8 MASC,9.99,16
000000236201,BERMUDA LA ONDA JEANS DIV 4A8 MASC,9.99,16
000000636797,BERMUDA LEAN TACTEL 02 JUV MASC EST,9.99,16
000000645379,BLUSA AQUARELA COTTON 233404 10A16,9.99,16
000000645478,VESTIDO AQUARELA COTT 231432 1A3,9.99,16
000000645744,BERMUDA MAFARI SARJA DIVER 4A10 MAS,9.99,16
000000648899,BERMUDA 1BIGO MOL 232077 4A8 SILK,9.99,16
000000648905,BERMUDA 1BIGO MOL 232081 4A8 SILK,9.99,16
000000648936,BERMUDA 1BIGO HELANCA 232059 4A8 BA,9.99,16
000000689151,BERMUDA ROTULO 4CABOS 07001 10A16,9.99,16
000000692984,REGATA CATOLEL M 2319 20 21 10A14 M,9.99,16
000000693653,BLUSA CATOLELE COTT 2310 11 12 4A8,9.99,16
000000694971,CAMISETA 1BIGO MM 242040 4A8 MESCLA,9.99,16
000000694988,CAMISETA 1BIGO MM 242039 4A8,9.99,16
000000695091,REGATA 1BIGO MM 242044 4A8 MASC,9.99,16
000000707152,REGATA REI REX MM 51784 01A03,9.99,16
000000644709,CAMISETA CATOLELE MALHA 2029 10A14 LEGADO ZZ,9.99,16
000000476768,CALCA MAX DENIM LYCRA 9079 08A16 F,4.99,16
000000574976,BERMUDA PITISKA MM 2809-10-11 JUV F,7.99,16
000000614924,CAMISETA PITISKA MM 2427 JUV LONGUE,7.99,16
000000624299,MACAQUINHO BUCHECH SUPL 4252008 JUV,7.99,16
000000632041,LEGGING PITISKA COTT 2602 4A8 BRILH,7.99,16
000000636766,BERMUDA LEAN BRIM 27 1A3 MASC FLORA,7.99,16
000000636773,BERMUDA LEAN BRIM 22 4A8 MASC FLORA,7.99,16
000000645409,SHORT AQUARELA MOLETIN 231419 1A3,7.99,16
000000645591,REGATA AQUARELA COTTON 233400 10A16,7.99,16
000000648011,MACHAO ULTIMATO MM 33189 JUV,7.99,16
000000648851,BERMUDA 1BIGO MOL 232060 4A8 LISTRA,7.99,16
000000652803,BLUSA BUCHECHI COTTON 4287009 JUV F,7.99,16
000000653251,CAMISETA BUCHECHINHA MM 4187005 JUV,7.99,16
000000663823,BLUSA RALAKIDS COTT B1203 1A3 ESTAM,7.99,16
000000236195,BERMUDA LA ONDA JEANS DIV 10A16 MAS,7.99,16
000000512947,SHORT MAX DENIM LYCRA FEM 10A16,7.99,16
000000576505,BERMUDA BEIJINHO COTTON 9293 16A20,7.99,16
000000614849,VESTIDO PITISKA MM 2451 4A8 SILK,7.99,16
000000696357,CAMISETA BUCHECHINHA MM 2113021 1A3,7.99,16
000000698726,SHORT VITORIA COTTON 1007 04A10 FEM,7.99,16
000000606233,BLUSA AQUARELA COTTON 212608 4A8 LEGADO ZZ,7.99,16
000000323352,BLUSA FAKINI MALHA 3452 04A10,4.99,16
000000363655,SHORT LUANITA TRICOLY DIV FEM 04A12,4.99,16
000000502283,CAMISETA LOCAL MM 19943 MASC 10A16,4.99,16
000000508308,BERMUDA DUZIZO MALHA 4886 1A3,4.99,16
000000510127,BERMUDA ANEX 07 36 JEANS 10A16,4.99,16
000000550833,BERMUDA EVALIN SARJA 181 2A3 CARGO,4.99,16
000000605380,BERMUDA CARLYLE MOL 17553 JUV CAMUF,4.99,16
000000605410,BERMUDA CARLYLE MOLETIM 17541 10A16,4.99,16
000000607520,SHORT EVALIN BRIM 062 10A14 LISO FE,4.99,16
000000652711,BLUSA BUCHECHI COTTON 2295013 1A3 F,4.99,16
000000652810,BLUSA BUCHECHI COTTON 4292013 JUV F,4.99,16
000000653114,REGATA BUCHECH MM 3196001 INF M SIL,4.99,16
000000653121,CAMISETA BUCHECH MM 3196002 4A8 MAS,4.99,16
000000663816,BLUSA RALAKIDS MM B1204 1A3 ESTAMPA,4.99,16
000000693004,CAMISETA CATOLELE M 2304 05 06 4A8,4.99,16
000000693615,REGATA CATOLELE COTT 2301 02 03 1A3,4.99,16
000000693646,BLUSA CATOLELE COT 2298 99 2300 1A3,4.99,16
000000694896,CAMISETA 1BIGO MM 241037 1A3 MARINH,4.99,16
000000694940,CAMISETA 1BIGO MM 241007 1A3 SILK,4.99,16
000000695022,REGATA 1BIGO MM 241013 1A3 MASC,4.99,16
000000696326,REGATA BUCHECHINHA MM 2113019 1A3 M,4.99,16
000000696340,REGATA BUCHECHINHA MM 3113028 4A8 M,4.99,16
000000696371,BLUSA BUCHECHINHA COTT 2213042 1A3,4.99,16
000000696388,BLUSA BUCHECHINHA COTT 2213058 1A3,4.99,16
000000696401,BLUSA BUCHECHINHA COTT 3213048 4A8,4.99,16
000000696449,BERMUDA BUCHECH COTT 3213043 4A8 ES,4.99,16
000000444620,BLUSA RALAKIDS MM 1298 01A03 FEM,4.99,16
000000574938,SHORT SAIA PITISKA MM 2076 4A8 LISA,4.99,16
000000607452,BERMUDA EVALIN BRIM 045 4A8 CARGO,4.99,16
000000616706,CAMISETA ULTIMATO MM 11175 1A3 SILK,4.99,16
000000617161,VESTIDO MARIA JUJUBA VISCOL DIV 2A8,4.99,16
000000624244,BLUSA BUCHECHINHA VISCO 4210006 JUV,4.99,16
000000521635,CAMISETA FBR MM 7709 10A16 MASC LEGADO ZZ,4.99,16
000000521734,CAMISETA FBR MM 7818 PMG MASC LEGADO ZZ,4.99,16
000000529549,BLUSA BEIJINHO VISCOLYCRA 8698 JUV LEGADO ZZ,4.99,16
000000575010,CONJUNTO PITISKA COTTON 2082 4A8 FE LEGADO ZZ,4.99,16
000000617475,CAMISETA ULTIMATO MM 31338 10A16 LEGADO ZZ,4.99,16
000000617482,CAMISETA ULTIMATO MM 31339 10A16 LEGADO ZZ,4.99,16
000000645195,REGATA CATOLELE MM 2036 10A14 FEM LEGADO ZZ,4.99,16
000000652797,BLUSA BUCHECHI MM 3293016 4A8 F SIL LEGADO ZZ,4.99,16
000000817158,SANDALIA VIZZAN 64281537286 35312 Off White LEGADO,129.99,16
000000818025,CAMISA GANGST POLIA 29060083 AD POL LEGADO ZZ,99.99,16
000000814362,CONJUNTO TRICK NI COT 1199382 4A8 F LEGADO P,99.99,16
000000777216,CALCA GANGSTER SARJ 73010019 4A8,99.99,16
000000777223,CALCA GANGSTE SARJ 73140011 4A8 JOG,99.99,16
000000806282,BERMUDA GANGS HIBR 37020652 JUV CAR Sortida P,79.99,16
000000806299,BERMUDA GANGST INTER 37320015 10A16 Sortida P,79.99,16
000000817561,CALCA MAX DENIM LINHO 12194 12195 Sortida P,99.99,16
000000709392,CALCA MAX DEN JEA 9554 9700 JUV WED,79.99,16
000000781978,CALCA MAX DENIM SARJA 9698 JUV WID,79.99,16
000000781985,CALCA MAX DENIM SARJA 9690 JUV WID,79.99,16
000000781992,CALCA MAX DENIM SARJA 9676 JUV WID,79.99,16
000000782005,CALCA MAX DENIM SARJ 9678 JUV CLOCH,79.99,16
000000806312,BERMUDA GANGST INTER 95300004 04A08 Sortida P,79.99,16
000000817554,BERMUDA MAX DENIM LINHO 12189 12190 Sortida P,79.99,16
000000782128,CALCA MAX DENIM SARJA 8664 4A8 MASC,69.99,16
000000783286,CONJUNTO ROVITEX MOL 1132703 1A3 FE,79.99,16
000000783293,CONJUNTO ROVITEX MOL 1132702 4A8 FE,69.99,16
000000789080,CONJUNTO ELIAN MM 241367 4A8 MASC,79.99,16
000000793162,CONJUNTO ROVITEX MOL M00428 JUV FEM,69.99,16
000000793179,CONJUNTO ROVITEX MOL M00424 JUV FEM,69.99,16
000000800013,VESTIDO MODALOKA RENDA 8504 PMGG CU LEGADO P,69.99,16
000000814348,CONJUNTO TRICK NI COT 1199401 1A3 F LEGADO P,79.99,16
000000817257,TENIS MOLEKINHA 274020129851 104206 Preto LEGADO,79.99,16
000000708579,JARDINEIRA MAX DEN JEANS 9567 INF,79.99,16
000000789127,CONJUNTO ELIAN MM 232119 4A8 FEM,69.99,16
000000800808,CONJUNTO FAKINI M FLAME 2257 4A10 F LEGADO ZZ,69.99,16
000000789042,CONJUNTO ELIAN MM 201290 2A3 MASC LEGADO ZZ,69.99,16
000000800006,VESTIDO MODALOKA SUPLEX 8187 PMGG C LEGADO P,59.99,16
000000772983,CALCA JEZZIAN JEANS 219308 JUV MASC LEGADO ZZ,59.99,16
000000806183,CAMISA GANGSTER MM 63560228 JUV POL LEGADO P,59.99,16
000000753517,CAMISA GANGSTER MM 63560195 JUV POL LEGADO ZZ,59.99,16
000000774611,BERMUDA GANGSTER MOL 95140157 4A8,69.99,16
000000774925,CAMISA GANGSTER MM 63560205 JUV POL LEGADO P,59.99,16
000000777209,BERMUDA GANGSTER MOL 95140146 4A8,69.99,16
000000779067,CONJUNTO MARO MOL 23621 12A16 FEM,59.99,16
000000789066,CONJUNTO ELIAN MM 241364 4A8 MASC,59.99,16
000000800693,CONJUNTO FAKINI MM 2180 4A10 FEM,59.99,16
000000806251,BERMUDA GANGSTER MOL 95140158 4A8,59.99,16
000000790093,CAMISA MX72 ALG 25401 04A08 ML Sortida P,59.99,16
000000779074,CONJUNTO MARO MOL 23622 6A10 FEM LEGADO ZZ,59.99,16
000000788182,CONJUNTO RAGAZZI MM RGZ055 2A3 MASC LEGADO ZZ,59.99,16
000000788199,CONJUNTO RAGAZZI MM RGZ056 4A8 MASC LEGADO ZZ,59.99,16
000000788205,CONJUNTO RAGAZZI MM RGZ057 JUV MASC LEGADO ZZ,59.99,16
000000763509,CONJUNTO FAKINI MOL 3417 01A03 MASC LEGADO P,59.99,16
000000763608,CONJUNTO FAKINI MM 3406 01A03 MASC  LEGADO P,59.99,16
000000795661,SAIA MODALOKA MM 4713 JUV LACO LEGADO P,59.99,16
000000813938,VESTIDO ROVITEX RIBANA 6173575 MIDI Sortida P,59.99,16
000000814331,CONJUNTO TRICK NI COT 1135221 1A3 F LEGADO P,59.99,16
000000814379,VESTIDO TRICK NI TRICOL 1199312 4A8 LEGADO P,59.99,16
000000814515,VESTIDO FAKINI COTTON 3145 01A03 LEGADO P,59.99,16
000000814522,VESTIDO FAKINI RIBANA 3141 01A03 LEGADO P,59.99,16
000000814553,CONJUNTO FAKINI MM 3109 01A03 FEM LEGADO P,59.99,16
000000814560,CONJUNTO FAKINI MM 3117 01A03 FEM LEGADO P,59.99,16
000000814614,BIQUINI FAKINI POLIE 3285 04A10 ML LEGADO P,59.99,16
000000814621,CONJ FAKINI 3539 INF CAM ML UV SUNG LEGADO P,59.99,16
000000779586,CONJUNTO MALWEE MM 127394 4A8 FEM,49.99,16
000000789103,CONJUNTO ELIAN MM 211577 2A3 FEM,59.99,16
000000789141,CONJUNTO ELIAN MM 251885 4A8 FEM,59.99,16
000000753579,CAMISA GANGSTER MM 90410096 4A8 POL,49.99,16
000000757843,VESTIDO POKOTINHA GAZE 7306 02A04,49.99,16
000000774949,CAMISA GANGSTER MM 63560211 JUV POL,59.99,16
000000774956,CAMISA GANGSTER MM 63560212 JUV POL,59.99,16
000000776738,CAMISA GANGSTE ALG 90560095 4A8 POL,49.99,16
000000776745,CAMISA GANGSTE ALG 63560098 JUV POL,59.99,16
000000776776,CAMISA GANGSTE ALG 63560189 JUV POL,59.99,16
000000779081,CONJUNTO MARO MM 23625 12A16 LACO,49.99,16
000000779104,CONJUNTO MARO MM 23628 6A10 FAVO,49.99,16
000000784115,SAIA MODA LOKA 4398 JUV,49.99,16
000000789073,CONJUNTO ELIAN MM 241365 4A8 MASC,49.99,16
000000790925,CAMISA MAC GIA ALG 8016I INF ML XAD,39.99,16
000000793209,SAIA ROVITEX MOLET M00406 JUV CARGO LEGADO ZZ,49.99,16
000000793605,CONJUNTO ROVITEX MM 314132 4A8 FEM,49.99,16
000000796194,CONJUNTO BASED CANELA 33518 12A18 F,49.99,16
000000796200,CONJUNTO BASED MALHA 33536 12A18 FE,49.99,16
000000796828,MACAQUINHO MALWEE COTTON 120454 4A8,39.99,16
000000797061,CONJUNTO MALWEE MM 130287 1A3 MASC,39.99,16
000000800853,CONJUNTO FAKINI MM 2449 1A3 MASC,49.99,16
000000801065,VESTIDO FAKINI MM 2181 4A10 LEGADO ZZ,49.99,16
000000806152,CAMISA GANGSTER MM 90560201 4A8 POL,49.99,16
000000796897,VESTIDO MALWEE MM 120097 10A18 FEM LEGADO P,49.99,16
000000795746,SAIA MODALOKA TULE 4750 JUV  LEGADO P,39.99,16
000000803229,CAMISETA OVERCORE MM 103208 PMGG Sortida P,49.99,16
000000814423,CONJUNTO TRICK NI COT 1025270 BB MA LEGADO P,59.99,16
000000818551,SHORT FATAL ELASTANO 30552 AD BEGE LEGADO ZZ,49.99,16
000000779555,CONJUNTO MALWEE MM 127397 1A3 FEM,49.99,16
000000780919,BERMUDA GW DRY OZN11B 12A16 MASC,39.99,16
000000740050,CALCA MAX DENIM JEANS INF JUV F LD Sortida P,29.99,16
000000740081,CALCA MAX DENIM JEANS INF JUV M LD,29.99,16
000000743471,CONJUNTO KELY KETY MM 43398 04A08,39.99,16
000000748964,VESTIDO MALWEE MM 120097 04A08,39.99,16
000000756211,SHORT MODALOKA 4049 10A16 FEM,39.99,16
000000779043,CONJUNTO MARO MOLECOTTON 23608 6A10,39.99,16
000000779050,VESTIDO MARO MOL 23617 12A16 SWEET,39.99,16
000000779098,VESTIDO MARO MM 23627 12A16 FAVO,39.99,16
000000779111,CONJUNTO MARO MM 21358 6A10 MATELAS,39.99,16
000000779128,CONJUNTO MARO MM 21362 6A10 JET MAS,39.99,16
000000779760,CONJUNTO MALWEE MM 127422 4A8 MASC,39.99,16
000000780124,CONJUNTO RALAKIDS CANEL 30335 4A8 F,39.99,16
000000780162,CONJUNTO RALAKIDS MM 40331 4A8 MASC,39.99,16
000000780704,BLUSA MALWEE MM 127768 10A16 STITCH LEGADO ZZ,39.99,16
000000789059,CONJUNTO ELIAN MM 221561 4A8 MASC,39.99,16
000000789110,CONJUNTO ELIAN MM 211579 2A3 FEM,39.99,16
000000789134,CONJUNTO ELIAN MM 251884 4A8 FEM,39.99,16
000000792448,CONJUNTO PIMENTINHA MM 7891 12A18 M,39.99,16
000000792592,CONJUNTO ROVITEX MM 314112 JUV FEM,39.99,16
000000793223,SHORT ROVITEX MALHA M00402 JUV,39.99,16
000000793612,CONJUNTO ROVITEX MM 314126 4A8 FEM,39.99,16
000000793636,CONJUNTO ROVITEX MM 314122 4A8 FEM LEGADO ZZ,39.99,16
000000793643,CONJUNTO ROVITEX MM 314120 4A8 FEM,39.99,16
000000793759,CONJUNTO ROVITEX MM 302576 4A8 MASC Sortida P,39.99,16
000000794763,VESTIDO ROVITEX MM 314127 4A8 CURTO LEGADO ZZ,39.99,16
000000795180,CONJUNTO ROVITEX MM 314147 4A8 FEM LEGADO ZZ,39.99,16
000000795821,CONJUNTO KELYKETY MM 46113 04A08 FE,49.99,16
000000795838,CONJUNTO KELYKETY MM 46107 04A08 FE,39.99,16
000000795845,CONJUNTO KELYKETY MM 46106 04A08 FE,49.99,16
000000795852,CONJUNTO KELYKETY COTT 46098 4A8 FE,39.99,16
000000795883,VESTIDO KELYKETY MM 46095 04A08 LEGADO ZZ,39.99,16
000000795975,CONJUNTO KELYKETY MM 46072 10A14 FE,39.99,16
000000796286,COLETE BASED VISCOSE 33531 12A18 FE,39.99,16
000000796606,CONJUNTO VILA FLOR MOL V1257 4A10 F,39.99,16
000000800631,CONJUNTO GOOD BLESS DIVERS MOL JUV LEGADO ZZ,39.99,16
000000800655,CONJUNTO FAKINI MM 2105 1A3 FEM,39.99,16
000000800839,CONJUNTO FAKINI MM 2443 1A3 MASC,39.99,16
000000800846,CONJUNTO FAKINI MM 2447 1A3 MASC LEGADO ZZ,39.99,16
000000814430,CONJUNTO TRICK NI COT 1025180 BB MA LEGADO P,49.99,16
000000815444,CONJUNTO REI REX MM 51148 PMGG MASC Sortida ZZ,49.99,16
000000811545,CAMISETE AGTON TRIC 015AB AD ML FEM LEGADO ZZ,49.99,16
000000795647,CROPPED MODA LOKA TULE 4749 JUV LEGADO P,29.99,16
000000795753,CROPPED MODALOKA MM 4711 JUV LACO LEGADO P,39.99,16
000000814607,MAIO FAKINI POLIE 3166 01A03 LEGADO P,39.99,16
000000801058,BLUSA FAKINI MM 2836 12A18 FEM LACO,39.99,16
000000681865,CALCA LEAN JEANS 32 10A16 MASC BASI LEGADO ZZ,39.99,16
000000687096,CAMISETA MALWEE MM 69856 10A16 EST,29.99,16
000000737784,SHORT LG JEANS 051-052-053 02A08 FE,39.99,16
000000756297,BLUSA MODALOKA 4114 10A16,39.99,16
000000774864,CAMISETA GANGSTER MM 31180816 JUV,39.99,16
000000774895,CAMISETA GANGSTER MM 31180809 JUV,39.99,16
000000779425,CONJUNTO RALAKIDS CAN 10378 1A3 FEM,29.99,16
000000779432,CONJUNTO RALAKIDS MM 10379 1A3 FEM,29.99,16
000000779630,VESTIDO MALWEE MM 127373 4A8,39.99,16
000000779647,BLUSA MALWEE MM 127246 10A18,39.99,16
000000779708,CONJUNTO MALWEE MM 127353 1A3 MASC,39.99,16
000000780070,CONJUNTO RALAKIDS MM 20380 1A3 MAS,29.99,16
000000780155,MACAQUINHO RALAKIDS MM 3353 4A8 FEM,29.99,16
000000780179,CONJUNTO RALAKIDS MM 40332 4A8 MASC,39.99,16
000000789097,CONJUNTO ELIAN MM 241373 4A8 MASC,29.99,16
000000791762,CONJUNTO PIMENTINHA MM 7868 12A18 F,29.99,16
000000792240,CONJUNTO PIMENTINHA MM 7856 1A3 FEM,29.99,16
000000792394,CONJUNTO PIMENTINHA MM 7862 4A10 FE,29.99,16
000000792424,CONJUNTO PIMENTINHA MM 7883 4A10 MA,29.99,16
000000792431,CONJUNTO PIMENTINHA MM 7887 4A10 MA,29.99,16
000000792561,CONJUNTO ROVITEX MM 314110 1A3 FEM,29.99,16
000000793124,T SHIRT ROVITEX MM M00425 JUV FEM,29.99,16
000000793131,T SHIRT ROVITEX MM M00390 JUV FEM,29.99,16
000000793148,T SHIRT ROVITEX MM M00400 JUV FEM,29.99,16
000000793193,T SHIRT ROVITEX MM M00412 JUV FEM,29.99,16
000000793506,CONJUNTO ROVITEX MM 314089 1A3 FEM,29.99,16
000000793513,CONJUNTO ROVITEX MM 314088 1A3 FEM LEGADO ZZ,29.99,16
000000793537,CONJUNTO ROVITEX MM 314108 1A3 FEM,29.99,16
000000793544,CONJUNTO ROVITEX MM 314134 1A3 FEM,29.99,16
000000793551,CONJUNTO ROVITEX MM 314139 1A3 FEM,29.99,16
000000793704,CONJUNTO ROVITEX MM 302538 1A3 MASC LEGADO ZZ,29.99,16
000000793711,CONJUNTO ROVITEX MM 302553 1A3 MASC LEGADO ZZ,29.99,16
000000794367,CAMISETA MALWEE MM 130518 12A18 EST,39.99,16
000000794381,CAMISETA MALWEE MM 124625 10A16,29.99,16
000000794756,VESTIDO ROVITEX VISC 314148 4A8 LEGADO ZZ,29.99,16
000000795791,VESTIDO KELYKETY MM 43431 01A03,29.99,16
000000796613,MACACAO/JARDINEIRA CURTO MAXSHOP LEGADO P,29.99,16
000000796866,BLUSA MALWEE RIBANA 130029 4A8 FEM,29.99,16
000000796873,BLUSA MALWEE MM 130027 4A8 FEM,29.99,16
000000796880,SHORT MALWEE COTTON 132997 4A8 FEM,29.99,16
000000796934,CONJUNTO MALWEE MM 130336 4A8 FEM,39.99,16
000000797238,BLUSA MALWEE COTTON 130028 4A8 FEM,29.99,16
000000799393,CONJUNTO CAMISETA/BERMUDA MAXSHOP LEGADO P,29.99,16
000000799430,CONJ CATOL MOL 2925 10A16 MASC CAM,29.99,16
000000800617,CONJ GATUTTY COTTON 679 12A16 FEM,29.99,16
000000800662,VESTIDO FAKINI MM 2106 1A3 FEM,29.99,16
000000800815,REGATA FAKINI MM 2248 4A10 LACO,39.99,16
000000800914,BLUSA FAKINI MM 2610 4A10 FEM MIN,39.99,16
000000800952,BLUSA FAKINI MM 2633 4A10 STITCH,39.99,16
000000803380,CAMISETA OVERCORE MM 30140009 JUV,39.99,16
000000803397,CAMISETA OVERCORE MM 30140010 JUV,39.99,16
000000803403,CAMISETA OVERCORE MM 31240456 JUV,39.99,16
000000803410,CAMISETA OVERCORE MM 31240420 JUV Sortida P,39.99,16
000000803458,CAMISETA OVERCORE MM 30130014 JUV,39.99,16
000000805964,CAMISETA GANGSTER MM 30013250 10A16 LEGADO P,29.99,16
000000805995,CAMISETA GANGSTER MM 31180815 10A16,39.99,16
000000806015,CAMISETA GANGSTER MM 31240371 10A16,39.99,16
000000810784,CAMISETA MALWEE MM 132389 12A18 MAS LEGADO UN,29.99,16
000000796903,VESTIDO MALWEE MM 122993 4A8 FEM Sortida P,39.99,16
000000799362,CONJUNTO REGATA/BERMUDA MAXSHOP LEGADO P,29.99,16
000000740067,BERMUDA MAX DEN JEANS INF JUV F LD Sortida P,29.99,16
000000788212,CONJUNTO KAPPES MOL 10505 JUV MASC LEGADO ZZ,29.99,16
000000803366,CAMISETA OVERCORE MM 30140018 JUV Sortida UNICO,39.99,16
000000803434,CAMISETA OVERCORE MM 31790004 JUV Sortida P,39.99,16
000000803441,CAMISETA OVERCORE MM 31520111 JUV Sortida P,39.99,16
000000806114,CAMISETA GANGSTER MM 99220361 04A08 LEGADO P,39.99,16
000000810326,CAMISETA MALWEE MM 132390 12A18 MAS LEGADO P,29.99,16
000000810449,CROPPED MALWEE MM 132424 12A18 FEM Sortida P,29.99,16
000000810753,CAMISETA MALWEE MM 132391 12A18 MAS LEGADO P,29.99,16
000000814317,BLUSA TRICK NICK MM 1134611 1A3 FEM LEGADO P,29.99,16
000000814324,REGATA TRICK NICK RIB 1135101 1A3 F LEGADO P,29.99,16
000000814546,CONJUNTO FAKINI MM 3106 01A03 FEM LEGADO P,29.99,16
000000814577,CONJUNTO FAKINI MM 3217 04A08 FEM LEGADO P,39.99,16
000000814584,BLUSA FAKINI MALHA 3275 04A10 FEM LEGADO P,39.99,16
000000814591,BLUSA FAKINI MALHA 3603 04A10 FEM LEGADO P,39.99,16
000000814638,SUNGA FAKINI POLIE 3454 01A03 LEGADO P,29.99,16
000000814652,SUNGA FAKINI POLIE 3537 12A16 LEGADO P,39.99,16
000000620000,SHORT SURF BOY ELAST 335 PMGG ESTAM,29.99,16
000000753340,CAMISETA GANGSTER MM 11243200 JUV,29.99,16
000000759151,SHORT SAIA STYLE CREPE 4430 10A16,29.99,16
000000774543,CAMISETA GANGSTER MM 99160350 4A8,29.99,16
000000774550,CAMISETA GANGSTER MM 99220294 4A8,29.99,16
000000774567,CAMISETA GANGSTER MM 99160351 4A8,29.99,16
000000774857,CAMISETA GANGSTER MM 30013086 JUV,29.99,16
000000774871,CAMISETA GANGSTER MM 30013117 JUV,29.99,16
000000776844,CAMISETA GANGSTER MM 11195565 10A16,29.99,16
000000776868,CAMISETA GANGSTER MM 11243203 10A16,29.99,16
000000776875,CAMISETA GANGSTER MM 31240279 10A16,29.99,16
000000776882,CAMISETA GANGSTER MM 31240333 10A16,39.99,16
000000776950,CAMISETA GANGSTER MM 99220201 4A8,29.99,16
000000779524,VESTIDO MALWEE MM 127375 4A8,29.99,16
000000779616,BLUSA MALWEE MM 127369 4A8,29.99,16
000000780940,CAMISETA GW DRY OZN02T 12A16 MASC LEGADO ZZ,24.99,16
000000793674,VESTIDO ROVITEX MM 314119 4A8 FEM,29.99,16
000000794770,VESTIDO ROVITEX MM 314129 4A8,29.99,16
000000796163,CONJUNTO CAMISETA/BERMUDA MAXSHOP LEGADO P,29.99,16
000000800297,CONJUNTO GATUTTY MM 483 480 4A10 MA,29.99,16
000000800488,CONJ GATUTTY COTTON 649 4A10 FEM,29.99,16
000000800600,CONJUNTO BLUSA/SHORT MAXSHOP LEGADO P,29.99,16
000000800709,BLUSA FAKINI MM 2185 4A10 FEM,29.99,16
000000800723,BLUSA FAKINI MM 2189 4A10 FEM LEGADO ZZ,29.99,16
000000800976,CAMISETA FAKINI MM 2650 2651 4A10 M,29.99,16
000000800983,CAMISETA FAKINI MM 2669 2672 4A10 M,29.99,16
000000801010,REGATA FAKINI MM 2673 4A10 SPIDER LEGADO ZZ,29.99,16
000000801027,CAMISETA FAKINI MM 2686 2687 4A10 M,29.99,16
000000801034,REGATA FAKINI MM 2689 4A10 MASC,29.99,16
000000806060,CAMISETA GANGSTER MM 99160352 04A08,29.99,16
000000800310,CONJUNTO REGATA-MACHAO/BERMUD MAXSHOP LEGADO P,29.99,16
000000687126,REGATA MALWEE MALHA 69864 10A16 MAS Sortida P,24.99,16
000000725811,CAMISETA SELENE POL 24000006 4A8 UV,29.99,16
000000734141,CAMISETA GANGSTER MM 30012884 10A16,29.99,16
000000750783,REGATA MALWEE MM 120017 10A18 MASC LEGADO ZZ,24.99,16
000000756341,BLUSA MODALOKA 4113 10A16,29.99,16
000000769341,CAMISETA GANGSTER MM 30012988 10A16,29.99,16
000000776790,CAMISETA GANGSTER MM 30013005 10A16,29.99,16
000000776806,CAMISETA GANGSTER MM 30012526 10A16,29.99,16
000000776820,CAMISETA GANGSTER MM 30012961 10A16,29.99,16
000000776837,CAMISETA GANGSTER MM 30012990 10A16,29.99,16
000000776936,CAMISETA GANGSTER MM 99220192 4A8,29.99,16
000000776943,CAMISETA GANGSTER MM 99220202 4A8,29.99,16
000000776967,CAMISETA GANGSTER MM 11243206 4A8,29.99,16
000000777001,MACHAO GANGSTER MM 74090009 4A8,29.99,16
000000779173,BERMUDA MARO MOL 31374 12A16 MASC,29.99,16
000000779418,CONJUNTO RALAKIDS MM 10376 1A3 FEM,29.99,16
000000779739,CAMISETA MALWEE MM 127414 4A8 MASC,29.99,16
000000779784,CAMISETA MALWEE MM 127174 4A8,24.99,16
000000780087,BERMUDA RALAKIDS MOL 21130 1A3 MAS,29.99,16
000000780223,CAMISETA RALAKIDS MM 42218 4A8 GOLA,24.99,16
000000780865,BLUSA MALWEE MM 126577 12A18 JUSTA,24.99,16
000000789950,BERMUDA DUKY MOLETON 2413007 10A16,29.99,16
000000789967,BERMUDA DUKY MOLETON 2413006 10A16,29.99,16
000000789974,BERMUDA DUKY MOLETON 2413005 10A16,29.99,16
000000792219,CONJUNTO PIMENTINHA MM 7860 4A10 FE,29.99,16
000000792226,CONJUNTO PIMENTINHA MM 7855 1A3 FEM,24.99,16
000000792417,CONJUNTO PIMENTINHA MM 7877 1A3 MAS,24.99,16
000000792455,CONJUNTO PIMENTINHA MM 7864 4A10 FE,29.99,16
000000793520,CONJUNTO ROVITEX MM 314109 1A3 FEM LEGADO ZZ,29.99,16
000000793568,VESTIDO ROVITEX MM 314085 1A3 FEM,29.99,16
000000793582,VESTIDO ROVITEX MM 314090 1A3,29.99,16
000000795784,VESTIDO KELYKETY MM 43144 01A03 LEGADO ZZ,24.99,16
000000796217,BLUSA T-SHIRT MAXSHOP LEGADO P,29.99,16
000000796224,CROPPED BASED COTTON 33519 12A18 FE,29.99,16
000000796231,CROPPED BASED COTTON 33517 12A18 FE,19.99,16
000000796248,CROPPED SEM BOJO MAXSHOP LEGADO P,24.99,16
000000796279,CROPPED BASED COTTON 33528 12A18 FE,29.99,16
000000796637,SHORT VILA FLOR MOLETOM V1253 4A10,29.99,16
000000799379,CONJUNTO REGATA/BERMUDA MAXSHOP LEGADO P,29.99,16
000000799386,CONJUNTO CAMISETA/BERMUDA MAXSHOP LEGADO P,29.99,16
000000799423,CONJUNTO CAMISETA/BERMUDA MAXSHOP LEGADO P,29.99,16
000000799447,CONJ CATOL TACT 2923 4A8 MASC REGAT,24.99,16
000000799454,CONJ CATOL MOL 2916 4A8 MASC REGAT,29.99,16
000000799461,CONJ CATOL TACT 2919 4A8 MASC CAMIS,24.99,16
000000799478,CONJ CATOL MOL 2914 4A8 MASC CAMIS,29.99,16
000000799485,CONJ CATOL MOL 2913 4A8 MASC CAMIS,29.99,16
000000799522,CONJ CATO MOL 2900 2901 1A3 MAS CAM,29.99,16
000000799706,CONJUNTO REGATA/SHORT MAXSHOP LEGADO P,24.99,16
000000799713,CONJUNTO BLUSA/SHORT MAXSHOP LEGADO P,24.99,16
000000799720,CONJ CATO MOL 2995 10A16 FEM,29.99,16
000000799812,CONJ CATOLEL COTT 2992 2994 JUV FEM,29.99,16
000000800068,CONJ CATOL MOL 2735 MASC 1A3 CAPUZ,29.99,16
000000800075,CONJ CATOL MOL 2736 MASC 1A3 CAPUZ,29.99,16
000000800495,CONJ GATUTTY COTTON 653 4A10 FEM,24.99,16
000000800501,CONJ GATUTTY COTTON 646 4A10 FEM,29.99,16
000000800778,BLUSA FAKINI COTTON 2245 4A10 FEM,29.99,16
000000800907,BLUSA FAKINI MM 2602 1A3 MINNIE,29.99,16
000000805858,CAMISETA GANGSTER MM 86011039 04A08,29.99,16
000000805865,CAMISETA GANGSTER MM 86011041 04A08,29.99,16
000000806220,MACHAO GANGSTER MM 74070209 04A08,29.99,16
000000797245,CROPPED MALWEE MM 123967 4A10 FEM Sortida ZZ,19.99,16
000000557795,CAMISA MX72 TRICOLINE 04A16 MC LD Sortida P,14.99,16
000000797269,SHORT MALWEE COTTON 46180 12A18 FEM,19.99,16
000000799416,CONJUNTO REGATA-MACHAO/BERMUD MAXSHOP LEGADO P,29.99,16
000000800754,VESTIDO CURTO MAXSHOP LEGADO P,24.99,16
000000787871,REGATA MALWEE MALHA 40358 JUV FEM LEGADO ZZ,29.99,16
000000788236,CONJUNTO KAPPES MOL 10504 4A8 MASC LEGADO ZZ,24.99,16
000000806213,MACHAO GANGSTER MM 74070221 04A08 LEGADO UN,29.99,16
000000810746,REGATA MALWEE MM 132398 12A18 MASC LEGADO P,29.99,16
000000814386,CAMISETA TRICK NICK MM 1026392 4A8 LEGADO P,29.99,16
000000814409,CAMISETA TRICK NICK MM 1026381 1A3 LEGADO P,29.99,16
000000814485,MACHAO FAKINI MM 3693 01A03 MASC LEGADO P,29.99,16
000000694308,CAMISETA GANGSTER MM 86010693 4A8,29.99,16
000000749428,CAMISETA MALWEE MM 69856 4A8,24.99,16
000000776905,CAMISETA GANGSTER MM 86010879 4A8,24.99,16
000000776981,CAMISETA GANGSTER MM 86010610 4A8,29.99,16
000000779159,BERMUDA MARO MOL 21376 6A10 MASC,24.99,16
000000779166,REGATA MARO MM 31367 12A16 MASC,19.99,16
000000780032,BLUSA RALAKIDS CANELADA 12216 1A3,24.99,16
000000780193,BERMUDA RALAKIDS MOL 41125 4A8 MASC,24.99,16
000000782999,CAMISETA ROVITEX MM TB1022601 1A3 M LEGADO ZZ,24.99,16
000000783019,BLUSA ROVITEX MM M00294 12A16 FEM,24.99,16
000000795869,BLUSA KELYKETY MALHA 46082 04A08,19.99,16
000000795913,BLUSA KELYKETY MALHA 46080 04A08,19.99,16
000000795937,VESTIDO KELYKETY MALHA 43417 04A08,24.99,16
000000795951,CONJUNTO KELYKETY MM 43420 01A03 FE,24.99,16
000000797122,CAMISETA MALWEE MM 130410 4A8 MASC,24.99,16
000000799409,CONJUNTO REGATA-MACHAO/BERMUD MAXSHOP LEGADO P,24.99,16
000000799539,CONJUNTO CAMISETA/BERMUDA MAXSHOP LEGADO P,24.99,16
000000799690,CONJ CATO 2966 2967 2968 1A3 FEM,24.99,16
000000799782,CONJ CATOLELE MOL 2965 1A3 FEM,24.99,16
000000799799,CONJ CATOLELE MOL 2970 1A3 FEM,24.99,16
000000799805,CONJ CATOLELE COTT 2962 1A3 FEM,24.99,16
000000800211,CONJUNTO GATUTTY MM 467 468 1A3 MAS,24.99,16
000000800235,CONJUNTO GATUTTY MM 464 1A3 MASC,24.99,16
000000800389,CONJUNTO GATUTTY COTT 616 1A3 FEM,24.99,16
000000800396,CONJUNTO GATUTTY COTT 619 1A3 FEM,24.99,16
000000800402,CONJUNTO GATUTTY COTT 623 1A3 FEM,24.99,16
000000800570,VESTIDO GATUTTY MM 666 4A10 3M,24.99,16
000000811231,CAMISA DESAYNER MM 5217 10A14 POLO,24.99,16
000000787864,REGATA MALWEE MALHA 40358 4A10 FEM LEGADO ZZ,24.99,16
000000806206,MACHAO GANGSTER MM 74070224 04A08 LEGADO P,29.99,16
000000814072,BERMUDA ROVITEX COT 916073 12A18 FE LEGADO P,24.99,16
000000624329,CALCA BEMAX LYCRA 2025 JUV HOT PANT,24.99,16
000000689571,CONJUNTO KIKO COTTON 10018 PMG FEM LEGADO ZZ,24.99,16
000000698306,CAMISETA GANGSTER MM 30012816 JUV M,24.99,16
000000725859,CONJUNTO VALEEN KIDS MM DIV 1A3 FEM,19.99,16
000000725866,CONJUNTO VALEEN KIDS MM DIV 4A10 FE,19.99,16
000000770514,SHORT ROVITEX MO0159 10A14 FEM,19.99,16
000000779135,CAMISETA MARO MM 21371 6A10 MASC,19.99,16
000000779746,CAMISETA MALWEE MM 127413 4A8 MASC,19.99,16
000000780094,BERMUDA RALAKIDS MOL 21129 1A3 MAS,19.99,16
000000780131,SHORT RALAKIDS MALHA 31115 4A8 FEM,19.99,16
000000780148,REGATA RALAKIDS CANEL 32382 4A8 FEM,19.99,16
000000780209,BERMUDA RALAKIDS MOL 41126 4A8 MASC,19.99,16
000000780216,CAMISETA RALAKIDS MM 42217 4A8 MASC,19.99,16
000000785020,SHORT FORCA DO MAR TACTEL 4A8 ESTAM,24.99,16
000000789912,CAMISETA DUKY MM 2413007 10A16,19.99,16
000000789929,CAMISETA DUKY MM 2413006 10A16,19.99,16
000000789936,CAMISETA DUKY MM 2413005 10A16,19.99,16
000000790635,CAMISETA OVER SURF MM EST 04A08 DIV,19.99,16
000000793599,BLUSA ROVITEX MM 314160 04A10 FEM,19.99,16
000000793681,BLUSA ROVITEX MM 314140 4A8 FEM LEGADO ZZ,19.99,16
000000793698,BLUSA ROVITEX MM 314159 4A8 FEM,19.99,16
000000793780,CAMISETA ROVITEX MM 302567 4A8 MASC LEGADO ZZ,19.99,16
000000795111,BLUSA ROVITEX MALHA 314131 4A8,19.99,16
000000795814,BLUSA KELYKETY COTTON 43423 01A03 LEGADO ZZ,19.99,16
000000795920,VESTIDO KELYKETY MALHA 43132 01A03 LEGADO ZZ,19.99,16
000000795944,VESTIDO KELYKETY MALHA 46071 04A08,19.99,16
000000796064,CAMISETA REIREX MM 47078 01A03 MAS,14.99,16
000000796071,MACHAO REIREX MM 47015 04A08 MAS,19.99,16
000000796095,CAMISETA GOLA CARECA MAXSHOP LEGADO P,19.99,16
000000796972,CAMISETA MALWEE MM 130240 1A3 MASC,19.99,16
000000797252,CROPPED MALWEE MM 123969 01A03,19.99,16
000000799492,CONJUNTO REGATA-MACHAO/BERMUD MAXSHOP LEGADO P,24.99,16
000000799515,CONJ CATO TAC 2909 2911 1A3 MAS REG,24.99,16
000000799751,VESTIDO CATOLELE COTT 3032 4A8 CM,19.99,16
000000800471,VESTIDO CURTO MAXSHOP LEGADO P,19.99,16
000000800556,VESTIDO CURTO MAXSHOP LEGADO P,19.99,16
000000811378,BERMUDA DESAYNER MOL 7762 10A14,24.99,16
000000811385,BERMUDA DESAYNER MOL 5221 10A14,24.99,16
000000811392,BERMUDA DESAYNER MOL 5223 10A14,24.99,16
000000796859,BLUSA MALWEE COTTON 84006 4A8 FEM,19.99,16
000000787857,REGATA MALWEE MALHA 40358 1A3 FEM LEGADO ZZ,19.99,16
000000788229,CONJUNTO KAPPES MOL 10501 1A3 MASC LEGADO ZZ,19.99,16
000000743631,BLUSA KELY KETY MALHA 46003 04A08 LEGADO ZZ,24.99,16
000000814416,MACHAO TRICK NICK COTON 1025521 1A3 LEGADO P,19.99,16
000000814539,VESTIDO FAKINI MALHA 3104 01A03 LEGADO P,19.99,16
000000115469,CONJUNTO ROVITEX DIVERSOS 01A16,9.99,16
000000677813,CAMISETA THE LION POL 005 JUV ML UV,19.99,16
000000727778,LEGGING ARTE BASICA COTTON M057 JUV,14.99,16
000000741972,CAMISETA ULTIMATO MM 31689 JUV LEGADO ZZ,14.99,16
000000743600,BLUSA KELY KETY COTTON 43112 MGG,14.99,16
000000779142,REGATA MARO MM 21374 6A10 MASC,14.99,16
000000779449,SHORT RALAKIDS MOLECOT 11110 1A3 FE,19.99,16
000000780025,REGATA RALAKIDS COTT 12215 1A3 NAD,19.99,16
000000780100,CAMISETA RALAKIDS MM 22197 1A3 MAS,14.99,16
000000780117,CAMISETA RALAKIDS MM 22199 1A3 MAS,19.99,16
000000780230,REGATA RALAKIDS MM 42219 4A8 MASC,19.99,16
000000795760,BLUSA KELYKETY MALHA 43137 01A03 LEGADO ZZ,19.99,16
000000795807,BLUSA KELYKETY MM 43422 01A03,19.99,16
000000796057,MACHAO REIREX MALHA 47016 01A03 MAS,14.99,16
000000799256,BLUSA SANGOS POLIES 9287 1A3 ML UV,14.99,16
000000799324,SHORT CATOLELE MOL 2959 10A16 MASC,14.99,16
000000799584,CAMISETA GOLA CARECA MAXSHOP LEGADO P,14.99,16
000000799591,REGATA CATO 2951 2952 2953 10A16 MA,14.99,16
000000799683,BLUSA CATO 3008 3009 3010 10A16 FEM,19.99,16
000000799744,VESTIDO CATOLELE COTT 3023 1A3 SM,14.99,16
000000799768,VESTIDO CATOLELE COTT 3031 4A8 CM,14.99,16
000000799775,VESTIDO CATOLELE COTT 3034 4A8 SM,19.99,16
000000800457,VESTIDO GATUTTY COTTON 633 635 1A3,14.99,16
000000800525,REGATA GATUTTY COT 662 60 59 4A10 F,14.99,16
000000800648,BLUSA T-SHIRT MAXSHOP LEGADO P,19.99,16
000000811248,CAMISETA DESAYNER MM 7736 10A14 Sortida P,19.99,16
000000811255,CAMISETA DESAYNER MM 7734 10A14 Sortida P,19.99,16
000000811262,CAMISETA DESAYNER MM 7737 10A14 Sortida P,19.99,16
000000811279,CAMISETA DESAYNER MM 7733 10A14 Sortida P,19.99,16
000000811286,CAMISETA DESAYNER MM 7732 10A14 Sortida P,19.99,16
000000811316,CAMISETA DESAYNER MM 7731 10A14,19.99,16
000000811323,MACHAO DESAYNER MM 7751 10A14,14.99,16
000000811347,MACHAO DESAYNER MM 7754 10A14 Sortida P,14.99,16
000000811354,MACHAO DESAYNER MM 7748 10A14,14.99,16
000000811330,REGATA DESAYNER MM 5219 10A14 Sortida P,14.99,16
000000788168,CAMISETA GRZ MM DIV JUV LEGADO ZZ,14.99,16
000000790260,SHORT SAIA AVAL MM 40621 4A8 LEGADO ZZ,14.99,16
000000790277,SHORT SAIA AVAL MM 40792 JUV LEGADO ZZ,14.99,16
000000790284,BERMUDA AVAL MM 84092 JUV LEGADO ZZ,9.99,16
000000790291,CROPPED AVAL MM 40691 JUV LEGADO ZZ,14.99,16
000000790314,CROPPED AVAL MM 40812 JUV LEGADO ZZ,14.99,16
000000790321,CROPPED AVAL MM 40872 JUV LEGADO ZZ,14.99,16
000000790338,CROPPED AVAL MM 40892 JUV LEGADO ZZ,14.99,16
000000790376,REGATA AVAL MM 40782 JUV FEM LEGADO ZZ,14.99,16
000000790437,REGATA AVAL MM 41151 4A8 MASC LEGADO ZZ,14.99,16
000000790444,REGATA AVAL MM 84371 4A8 MASC LEGADO ZZ,14.99,16
000000790468,CAMISETA AVAL MM 41111 4A8 LEGADO ZZ,14.99,16
000000790475,CAMISETA AVAL MM 41191 4A8 LEGADO ZZ,14.99,16
000000790499,CAMISETA AVAL MM 84311 4A8 LEGADO ZZ,14.99,16
000000790543,BLUSA AVAL MM 83962 JUV LEGADO ZZ,14.99,16
000000280235,BLUSA T-SHIRT MAXSHOP LEGADO P,14.99,16
000000607490,BERMUDA EVALIN JEANS 130 4A8 ELASTI LEGADO ZZ,14.99,16
000000692649,VESTIDO OLLELE COTTON 1755 1A3 LEGADO ZZ,14.99,16
000000694605,CAMISETA SANGOS POLI 9286 4A8 ML UV,14.99,16
000000707893,LEGGING PHIZALIS SUPLEX 100 10A16,14.99,16
000000727754,LEGGING ARTE BASICA COTTON M039 2A3,9.99,16
000000799300,SHORT CATOLELE MOL 2955 1A3 MASC,14.99,16
000000799355,SHORT CATOL TACTEL 2958 10A16 MASC,9.99,16
000000799553,CAMISETA CATO 2936 2938 2937 1A3 M,9.99,16
000000799577,CAMISETA CATO 2942 2943 2944 4A8 M LEGADO P,14.99,16
000000799638,REGATA CATO 3000 3001 1A3 FEM,14.99,16
000000799645,BLUSA CATO COTT 2996 2997 2998 1A3,14.99,16
000000799737,VESTIDO CATOLELE COTT 3020 1A3 CM,14.99,16
000000800242,REGATA/MACHAO REGATA MAXSHOP LEGADO P,9.99,16
000000800266,CAMISETA GOLA CARECA MAXSHOP LEGADO P,14.99,16
000000800419,REGATA GATUTTY COTT 630 631 1A3 FEM,9.99,16
000000800433,BLUSA T-SHIRT MAXSHOP LEGADO P,9.99,16
000000799348,SHORT TRADICIONAL MAXSHOP LEGADO P,9.99,16
000000799652,REGATA TRADICIONAL MAXSHOP LEGADO P,14.99,16
000000788151,CAMISETA GRZ MM DIV 4A8 LEGADO ZZ,14.99,16
000000790178,BLUSA AVAL MM 40361 1A3 FEM LEGADO ZZ,14.99,16
000000790185,BLUSA AVAL MM 40371 1A3 FEM LEGADO ZZ,9.99,16
000000790192,BLUSA AVAL MM 40381 1A3 FEM LEGADO ZZ,14.99,16
000000790208,BLUSA AVAL MM 40401 1A3 FEM LEGADO ZZ,14.99,16
000000790215,REGATA AVAL MM 40421 1A3 FEM LEGADO ZZ,14.99,16
000000790222,CROPPED AVAL MM 40511 1A3 LEGADO ZZ,14.99,16
000000790239,CROPPED AVAL MM 40591 4A8 LEGADO ZZ,9.99,16
000000790246,SHORT SAIA AVAL MM 40431 1A3 LEGADO ZZ,14.99,16
000000790253,SHORT AVAL MM 40491 1A3 FEM LEGADO ZZ,9.99,16
000000790390,REGATA AVAL MM 41001 1A3 MASC LEGADO ZZ,9.99,16
000000790413,REGATA AVAL MM 41071 1A3 MASC LEGADO ZZ,9.99,16
000000790505,BERMUDA AVAL MM 41031 1A3 MASC LEGADO ZZ,14.99,16
000000790512,BERMUDA AVAL MM 41061 1A3 MASC LEGADO ZZ,14.99,16
000000790628,SHORT AVAL MOLETOM 40671 04A08 FEM LEGADO ZZ,14.99,16
000000676618,REGATA PITISKA COT 2737 38 39 JUV F LEGADO ZZ,9.99,16
000000741897,BLUSA LABELLA LINHA 06-07-08 AD,9.99,16
000000799331,SHORT CATOLELE TACTEL 2954 1A3 MASC,9.99,16
000000660860,MACACAO OLLELE COTT 1602 PMG M CURT LEGADO ZZ,9.99,16
000000402682,CALCA SDA SARJA 1765 10A16 COLLOR F LEGADO ZZ,4.99,16
000000496193,CONJUTO CATOLELE COTTON 04A08 MASC,4.99,16
000000555203,REGATA ROVITEX MM 601817 10A16 LEGADO ZZ,4.99,16
000000611596,REGATA CLEOMARA MM 98 10A16 MASC LEGADO ZZ,4.99,16
000000390040,CALCA LEGGIN ROVITEX L465 01A14 DIV,4.99,16
000000468619,REGATA TRICKNICK MALHA 612574 12A18,4.99,16
000000779180,CALCA BEMAX JEANS 2059 4A8 FEM,4.99,16
000000665360,CAMISETA NELLONDA 4A8 MOSTRUARIO,4.99,16
000000667821,CAMISETA ELEMENTO ZERO MM 20060 AD LEGADO,24.99,16
000000682732,CAMISA PLANE MM PL2007 PMGG POLO LEGADO,24.99,16
000000766685,CAMISA DIXIE POLIA 29060056 AD POLO LEGADO,99.99,16
000000753661,BERMUDA GANGSTER ALF 57030063 PLUS LEGADO,109.99,16
000000764933,CALCA CONSCIENCI JEANS 23077 MASC LEGADO,119.99,16
000000764940,CALCA CONSCIENCI JEANS 23913 MASC LEGADO,119.99,16
000000764964,CALCA CONSCIENCI JEANS 23852 MASC LEGADO,119.99,16
000000764971,CALCA CONSCIENCI JEANS 23851 MASC LEGADO,119.99,16
000000764995,BERMUDA CONSCIENC JEANS 23920 MASC LEGADO,109.99,16
000000654807,CAMISA DIXIE ALG 15370075 PMGG ML LEGADO,99.99,16
000000733250,CAMISA MX72 FIO50 24093 AD XADRE ML LEGADO,89.99,16
000000744164,CAMISA USTOP ALG 780 2A5 ML LISA LEGADO,79.99,16
000000752862,CALCA GANGSTER JEANS 19380375 38A48 LEGADO,99.99,16
000000677202,CAMISA MX72 MISTO 23040 AD XADRE ML LEGADO,69.99,16
000000733236,CAMISA MX72 MISTO 24080 AD XADRE ML LEGADO,69.99,16
000000733267,CAMISA MX72 ALG 24105 AD ML LEGADO,79.99,16
000000752886,BERMUDA GANGSTER JEANS 17960072 38A LEGADO,79.99,16
000000761864,CALCA MAX DENIM JEANS 11873 48A56 M LEGADO,79.99,16
000000764148,CALCA MURANO JEANS 81098L 38A48 MAS LEGADO,79.99,16
000000764155,CALCA MURANO JEANS 80763 38A48 MAS LEGADO,79.99,16
000000764162,CALCA MURANO JEANS 80846GT 38A48 MA LEGADO,79.99,16
000000764179,CALCA MURANO JEANS 80805 38A48 MASC LEGADO,79.99,16
000000728874,BERMUDA VILEJ SARJA VMBS1007 AD CIN LEGADO,79.99,16
000000738880,CALCA MAX DENIM JEANS 11697 MASC SK LEGADO,69.99,16
000000535939,CAMISA MX72 FIO50 19035 AD ML XADRE LEGADO,69.99,16
000000752183,CAMISA DIXIE TOUCH 29081231 PMGG PO LEGADO,59.99,16
000000759847,CAMISA WE RE ALG 211412C AD BOLSO LEGADO,59.99,16
000000761123,BERMUDA MAX DEN. SARJ 11867 AD VERD LEGADO,69.99,16
000000765473,CALCA ELCHAI MICRO 1127 38A50 CINZA LEGADO,59.99,16
000000765480,CALCA ELCHAI MICRO 1127 38A50 AZUL LEGADO,59.99,16
000000765503,CALCA ELCHAI MICRO 1126 38A50 MARIN LEGADO,59.99,16
000000766135,BERMUDA WRANGLER LYC 38A50 MASC SAL LEGADO,79.99,16
000000766142,BERMUDA WRANGLER SARJA 38A50 M SALD LEGADO,79.99,16
000000366045,CALCA VILEJACK SARJ VMCB0001 AD MUS LEGADO,59.99,16
000000678858,CAMISA MX72 MISTO 23043 XADRE ML AD LEGADO,69.99,16
000000711128,CALCA MAX DEN.JEANS 11563 AD JOGG M LEGADO,69.99,16
000000711920,CALCA VILEJ LYC VMCL012 CONFORT AD LEGADO,59.99,16
000000716192,BERMUDA VILEJ SARJA VMBS1007 AD PRE LEGADO,69.99,16
000000736411,CALCA ECXO SARJA 909234 AD SPORT KA LEGADO,69.99,16
000000738767,CALCA ELCHAI JEANS 3205 38A50 MASC LEGADO,69.99,16
000000752961,CALCA KADORY POLY VISC DIV AD SLIN LEGADO,49.99,16
000000752978,CALCA KADORY POLY 1192-1230 AD TRAD LEGADO,49.99,16
000000759854,CAMISA WE RE ALG 211414A AD BOLSO LEGADO,49.99,16
000000759861,CAMISA WE RE ALG 210152A AD BOLSO LEGADO,49.99,16
000000759878,CAMISA WE RE ALG 210462B AD BOLSO LEGADO,49.99,16
000000770910,CAMISA POLO WEAR DIV 17440 G1G3 MC LEGADO,49.99,16
000000464130,CALCA KADORY MICRO 1130 AD TRAD LEGADO,49.99,16
000000681957,CALCA VILEJ MICR VMCS1001 MARINH SO LEGADO,49.99,16
000000712002,BERMUDA VILEJ SARJ BS0108 SPORTW PR LEGADO,59.99,16
000000713894,CAMISA WE RE ALG 210462A AD BOLSO LEGADO,59.99,16
000000717106,CAMISA VILE JACK TRICOLI DIV AD MC LEGADO,59.99,16
000000733298,CAMISA MX72 ALG 24003 AD MC BOLSO LEGADO,49.99,16
000000752206,CAMISA DIXIE TOUCH 29060032 PMGG PO LEGADO,49.99,16
000000761208,CALCA DYJORIS JEANS DJ30204 AD MASC LEGADO,69.99,16
000000761222,CALCA DYJORIS JEANS DJ30207 AD MASC LEGADO,69.99,16
000000761246,CALCA DYJORIS JEANS DJ30199 AD PR M LEGADO,69.99,16
000000761253,CALCA DYJORIS JEANS DJ30200 AD PR M LEGADO,69.99,16
000000762656,CAMISA MAC GIANT MM 6156 G1G3 POLO LEGADO,49.99,16
000000766005,CAMISA MX72 CAMBRAIA 23504 MC BOLSO LEGADO,49.99,16
000000439565,CALCA KADORY OXFORD 500 36A50 TRAD LEGADO,39.99,16
000000681537,CALCA PARADOX JEANS 9394 38A48 MASC LEGADO,59.99,16
000000681544,CALCA PARADOX JEANS 10403 38A48 MAS LEGADO,59.99,16
000000682596,CAMISA ARMANELLI MM 6116 PMGG POLO LEGADO,39.99,16
000000682633,CAMISA ARMANELLI DIV 9957 PMGG ML LEGADO,49.99,16
000000746472,CAMISETA ECKO MM J957A PMGG PRETO LEGADO,39.99,16
000000753173,CAMISETA GANGSTER MM 51240358 PLUS LEGADO,39.99,16
000000762588,CAMISA MAC GIANT MM 6142 PMGG POLO LEGADO,39.99,16
000000768139,SHORT GANGSTER MICRO 68100318 PMGG LEGADO,59.99,16
000000769143,SHORT GANGSTER MICRO 68110340 PMGG LEGADO,59.99,16
000000539548,CALCA MAX DEN. LYCR DIV AD MAS SLIN LEGADO,49.99,16
000000585101,CALCA VILEJACK SARJA CG020 50A62 PR LEGADO,49.99,16
000000612241,BERMUDA NINE EIG DRY 57300023 G1G4 LEGADO,39.99,16
000000636292,CAMISA MX72 MISTO 22081 PMGG ML BAM LEGADO,49.99,16
000000676137,CAMISA VILEJACK DIVER G1G3 POLO LI LEGADO,39.99,16
000000681070,CAMISETA DRAZZO MM DIV PMGG LEGADO,39.99,16
000000713825,CAMISA WE RE VISC 210373EV434 PLUS LEGADO,39.99,16
000000713832,CAMISA WE RE VISC 210373EV438 PLUS LEGADO,39.99,16
000000713849,CAMISA WE RE VISC 210373EV441 PLUS LEGADO,39.99,16
000000713948,CAMISA WE RE ALG 214229 B PLUS LEGADO,49.99,16
000000744218,CAMISETA USTOP MM 529 PMGG LEGADO,29.99,16
000000744225,CAMISETA USTOP MM 535 PMGG LEGADO,29.99,16
000000744232,CAMISETA USTOP MM 510 PMGG LEGADO,29.99,16
000000746731,CAMISETA ECKO MM J904A PMGG PRETO LEGADO,29.99,16
000000746762,CAMISETA ECKO MM J904A PMGG BRANCO LEGADO,29.99,16
000000752510,CAMISETA GANGSTER MM 11195556 PMGG LEGADO,29.99,16
000000752572,CAMISETA GANGSTER MM 11243021 PMGG LEGADO,29.99,16
000000752596,CAMISETA GANGSTER MM 11195560 PMGG LEGADO,29.99,16
000000752626,CAMISETA GANGSTER MM 11242370 PMGG LEGADO,29.99,16
000000752657,CAMISETA GANGSTER MM 11243425 PMGG LEGADO,29.99,16
000000753135,CAMISETA GANGSTER MM 50011963 PLUS LEGADO,29.99,16
000000753203,CAMISETA GANGSTER MM 50110033 PLUS LEGADO,29.99,16
000000754231,BERMUDA NINE DRY 17500374 PMGGG LEGADO,39.99,16
000000764582,SHORT POINT BREAK POLY ASTHIPCL AD LEGADO,39.99,16
000000604154,CAMISA D O MOUL PL049 050 PMGG POLO LEGADO,39.99,16
000000604482,SHORT VEST SURF ELAS PMGG MASC ESTA LEGADO,29.99,16
000000604864,CAMISETA PODIUM ALG EGIPICIO AD MAS LEGADO,39.99,16
000000623063,CAMISA MATOSO POLY DIV PMGG ML BOLS LEGADO,39.99,16
000000644341,CAMISA ARMANELLI MOLINE 6102P G4G5  LEGADO,39.99,16
000000682121,CALCA DYJORIS JEAN DJ30160 36A48 MA LEGADO,39.99,16
000000713979,SHORT WE RE TACTEL 210376EV438 PLUS LEGADO,39.99,16
000000740388,CAMISETA OVER SURF MM 124211046 PMG LEGADO,29.99,16
000000747134,CAMISETA FATAL MM 29606 PMGG ESTAMP LEGADO,29.99,16
000000747172,CAMISETA FATAL MM 29609 PMGG ESTAMP LEGADO,29.99,16
000000748032,CAMISETA SILK SCREEN ALG 201768 AD LEGADO,39.99,16
000000752503,CAMISETA GANGSTER MM 11243020 PMGG LEGADO,29.99,16
000000752763,REGATA GANGSTER MM 13090021 PMGG LEGADO,29.99,16
000000753982,CAMISETA NINE EIG DRY 11820540 AD LEGADO,29.99,16
000000754033,CAMISETA NINE EIG DRY 10140697 AD LEGADO,29.99,16
000000764902,CAMISA CDKA MALHA 758 G1AG3 POLO LEGADO,29.99,16
000000754026,CAMISETA NINE EIG DRY 11820598 AD LEGADO,29.99,16
000000761444,MACHAO LONGWAY DRY 3376P G1G3 MASC LEGADO,29.99,16
000000761451,MACHAO LONGWAY DRY 3377P G1G3 MASC LEGADO,29.99,16
000000761468,MACHAO LONGWAY DRY 3372P G1G3 MASC LEGADO,29.99,16
000000598316,CAMISETA AERODRY MM 23397 PMGG LEGADO,14.99,16
000000604499,SHORT VEST SURF ELAS PMGG MASC LISO LEGADO,24.99,16
000000626989,CALCA TNG COLOMBO SARJA DIV AD SOCI LEGADO,29.99,16
000000629928,CALCA DK2 HELANCA 224453 PMGG MASC LEGADO,29.99,16
000000644693,CALCA AGATHOS HELANCA 2909061 PMGG LEGADO,29.99,16
000000653510,CAMISA JEZZIAN VISC EK1605A AD ML M LEGADO,29.99,16
000000657631,CAMISETA BATMAN MM BWM020424 AD MAS LEGADO,19.99,16
000000657792,CAMISETA FLASH MM WM020250 AD MAS LEGADO,19.99,16
000000657952,CAMISETA OVERCORE MM 12020228 BRASI LEGADO,24.99,16
000000658300,CAMISA NIVEL II PA DIVERSAS AD MC LEGADO,29.99,16
000000667722,CAMISETA ELEMENTO ZERO MM 20048 AD LEGADO,29.99,16
000000667753,CAMISETA ELEMENTO ZERO MM 20017 AD LEGADO,29.99,16
000000698948,CAMISA WE RE VISCOS 210537S19 AD MC LEGADO,29.99,16
000000699020,SHORT WE RE VISCOSE 210535S19 AD MA LEGADO,24.99,16
000000700559,CAMISETA NINE EIG DRY 11820568 PMGG LEGADO,29.99,16
000000746779,CAMISETA FATAL MM 29705 PMGG ARGILA LEGADO,24.99,16
000000746892,CAMISETA FATAL MM 29634 AD VD DUBAI LEGADO,24.99,16
000000746922,CAMISETA FATAL MM 29555 PMGG AREIA,24.99,16
000000746946,CAMISETA FATAL MM 29599 PMGG LEGADO,24.99,16
000000746960,CAMISETA FATAL MM 29711 PMGG ARGILA LEGADO,24.99,16
000000746984,CAMISETA FATAL MM 29709 PMGG PRETO LEGADO,24.99,16
000000747004,CAMISETA FATAL MM 29564 AD PR MESCL LEGADO,24.99,16
000000747011,CAMISETA FATAL MM 29576 PMGG ESTAMP LEGADO,24.99,16
000000747035,CAMISETA FATAL MM 29706 AD VERMELHO LEGADO,24.99,16
000000747042,CAMISETA FATAL MM 29706 AD AMARELO LEGADO,24.99,16
000000747059,CAMISETA FATAL MM 29579 PMGG ESTAMP LEGADO,24.99,16
000000747097,CAMISETA FATAL MM 29584 PMGG ESTAMP LEGADO,24.99,16
000000747196,CAMISETA FATAL MM 29627 PMGG PRETO LEGADO,24.99,16
000000747202,CAMISETA FATAL MM 29627 PMGG BRANCO LEGADO,24.99,16
000000747219,REGATA FATAL MM 29750 PMGG BRANCO LEGADO,24.99,16
000000747264,REGATA FATAL MM 29756 PMGG VD DARK LEGADO,24.99,16
000000747394,CAMISETA FATAL MM 29566 PMGG PRATA LEGADO,24.99,16
000000751612,CAMISETA GANGSTER MM 10163900 PMGG LEGADO,24.99,16
000000754361,CAMISETA FSJ MM DIV PMGG ESTAMPADA LEGADO,24.99,16
000000761307,CAMISETA LONGWAY DRY 11623A PMGG M LEGADO,24.99,16
000000761345,CAMISETA LONGWAY DRY 11551A PMGG M LEGADO,24.99,16
000000761352,CAMISETA LONGWAY DRY 11641A PMGG M LEGADO,24.99,16
000000761475,MACHAO LONGWAY DRY 3369A PMGG MASC LEGADO,24.99,16
000000761505,MACHAO LONGWAY DRY 3371A PMGG MASC LEGADO,24.99,16
000000761512,MACHAO LONGWAY DRY 3366A PMGG MASC LEGADO,24.99,16
000000761543,MACHAO LONGWAY DRY 2149A PMGG MASC LEGADO,24.99,16
000000761574,BERMUDA LONGWAY DRY 91529A PMGG MAS LEGADO,24.99,16
000000761581,BERMUDA LONGWAY DRY 91522A PMGG MAS LEGADO,24.99,16
000000761628,BERMUDA LONGWAY DRY 91528A PMGG MAS LEGADO,24.99,16
000000761659,BERMUDA LONGWAY DRY 91525A PMGG MAS LEGADO,24.99,16
000000388191,CALCA MURANO SARJA 80123 80080 MASC LEGADO,24.99,16
000000600132,BERMUDA VEST SURF TACTEL DIV 4A12 LEGADO,14.99,16
000000610612,BERMUDA TEEZZ LYCRA DIV 36A48 SALDO LEGADO,24.99,16
000000620871,CAMISETA ELEMENTO ZERO MM 30050 PMG LEGADO,24.99,16
000000640725,CAMISETA FATAL 26146 PMGG LEGADO,24.99,16
000000640732,CAMISETA FATAL 26205 PMGG LEGADO,24.99,16
000000657501,CAMISETA RESERVA MM 6000 AD GOLA C LEGADO,24.99,16
000000661201,CAMISETA GANGST MM 10162229 AD MAS LEGADO,24.99,16
000000667807,CAMISETA ELEMENTO ZERO MM 20061 AD LEGADO,24.99,16
000000682794,CAMISETA EAGLE MM DIV PMGG ESTAMPAD LEGADO,24.99,16
000000682824,CAMISETA D O MALHA PL193 194 AD BAS LEGADO,24.99,16
000000683579,CAMISETA GANGSTER MM 10162719 PMGG LEGADO,24.99,16
000000683654,CAMISETA GANGSTER MM 10162706 PMGG LEGADO,24.99,16
000000693318,CAMISETA NELLONDA MM DIV PMGG BASIC LEGADO,24.99,16
000000704625,CAMISETA OVER SURF MM DIV PMGG LEGADO,24.99,16
000000709187,CAMISETA HERING MALHA 299 PMGGG LEGADO,24.99,16
000000715799,CAMISETA NINE EIG DRY 11820604 AD LEGADO,24.99,16
000000770125,CAMISETA DIAMETRO MM DIVERSAS AD MA LEGADO,24.99,16
000000770392,REGATA SUPREMA CANELADA PMGG MASC LEGADO,14.99,16
000000640527,CAMISETA LOCAL 29143 MM PMGG LEGADO,19.99,16
000000640541,CAMISETA LOCAL 29194 MM PMGG LEGADO,19.99,16
000000640619,CAMISETA LOCAL 29272 MM PMGG LEGADO,19.99,16
000000643900,CAMISA VILEJACK MM DIV PMGG POLO LI LEGADO,19.99,16
000000643917,CAMISA VILEJACK MM DIV PMGG POLO TR LEGADO,19.99,16
000000644600,BERMUDA AGATHOS MOL 2908064 PMGG MA LEGADO,19.99,16
000000647519,CAMISA ULTIMATO MM 540608 PMGG POLO LEGADO,19.99,16
000000647557,CAMISA ULTIMATO MM 64291 G1G3 POLO LEGADO,19.99,16
000000654623,CAMISETA DIXIE MM 11194008 PMGG MAS LEGADO,19.99,16
000000657464,CAMISETA RESERVA DIV 4101 AD SILK LEGADO,19.99,16
000000658614,CAMISETA LOCAL MM 29351 PMGG MAS LEGADO,19.99,16
000000668019,CAMISA ULTIMATO MM 540684 AD POLO B LEGADO,19.99,16
000000693332,CAMISETA NELLONDA MALHA 9446 PMGG LEGADO,19.99,16
000000697576,REGATA GANGSTER MM 13060816 AD MA LEGADO,19.99,16
000000699662,CAMISETA LOCAL MM 10719 PMGG MAS LEGADO,19.99,16
000000701532,CAMISA DESAYNER MM 20104005 AD POLO LEGADO,19.99,16
000000701549,CAMISA DESAYNER MM 20104006 AD POLO LEGADO,19.99,16
000000701884,CAMISETA ULTIMATO MM 61592 G1G3 EST LEGADO,19.99,16
000000702072,REGATA FSJ MM DIV PMGG MASC LEGADO,14.99,16
000000709217,CAMISETA HERING MALHA N2KS PMGGG LEGADO,19.99,16
000000733168,REGATA EAGLE BRAZIL DIV PMGG MASC LEGADO,14.99,16
000000742337,REGATA ULTIMATO MM 530223 PMGGG LEGADO,14.99,16
000000764339,CAMISETA DAZE MM 9363 PMGG BASICA LEGADO,14.99,16
000000403603,BERMUDA VILEJACK LYCRA BC00 MASC DI LEGADO,14.99,16
000000626934,REGATA TIFA MM DIV PMGG LEGADO,14.99,16
000000633765,CAMISETA COCOFREE MM DIV PMGG LISA LEGADO,14.99,16
000000642644,CAMISETA TURN ON MALHA DIVERSAS AD LEGADO,14.99,16
000000644440,CAMISETA AGATHOS MM 290106306 PMGG LEGADO,14.99,16
000000684293,REGATA TIGS MM 1405 PMGG MACHAO LEGADO,14.99,16
000000700672,CAMISETA ROVITEX MALHA DIV PMGG LEGADO,14.99,16
000000700740,CAMISETA GOOD BLESS MM 677 PMGG LEGADO,14.99,16
000000742139,CAMISETA ULTIMATO MM 512530 PMGGG LEGADO,14.99,16
000000274043,CAMISETA GOLA CARECA MAXSHOP LEGADO,9.99,16
000000463058,CAMISETA MELHOR STILO PV MASC AD MC,9.99,16
000000567626,CALCA PARADOX LYCRA DIV AD MASC LD LEGADO,9.99,16
000000600149,BERMUDA VEST SURF ELAST 36A48 COS LEGADO,9.99,16
000000614382,CAMISETA VITORIA MM 7719 PMGG PERSO LEGADO,9.99,16
000000615037,CAMISETA LOCAL MM 29134 PMGG LEGADO,9.99,16
000000641050,CAMISETA BELLER PAICAMARA MAX004 AD LEGADO,9.99,16
000000642118,CAMISETA CDKA MM DIVER ESTAMP PMGG LEGADO,9.99,16
000000644419,CAMISETA AGATHOS MM 290106305 PMGG LEGADO,9.99,16
000000668026,CAMISETA CDKA MM DIV PMGG BRASIL LEGADO,9.99,16
000000682695,CAMISETA TIGS MM DIV PMGG LEGADO,9.99,16
000000701952,CAMISETA ULTIMATO MM 512182 PMGG LEGADO,9.99,16
000000701969,CAMISETA ULTIMATO MM 512186 PMGG LEGADO,9.99,16
000000701983,CAMISETA ULTIMATO MM 512188 PMGG LEGADO,9.99,16
000000538824,BERMUDA CARLYLE TACTEL G1G4 ESTAMPA LEGADO,9.99,16
000000610223,BERMUDA LUCKYS ELAST 130 PMGG MASC LEGADO,9.99,16
000000616904,CAMISETA DIXIE MM 11193679 PMGG LEGADO,9.99,16
000000278973,CAMISA POLO SEM BOLSO ROVITEX LEGADO,4.99,16
000000421775,BERMUDA CARLYLE TACTEL LISA AD MASC LEGADO,4.99,16
000000615167,CAMISETA LOCAL MM 10341 PMGG LEGADO,4.99,16
000000174015,CAMISA M CURTA SEM BOLSO CAEDU LEGADO,4.99,16
000000272315,BERMUDA TRADICIONAL MAXSHOP LEGADO,4.99,16
000000348294,CAMISA GANGSTER ALG 15060280 PMGG LEGADO,4.99,16
000000473460,CAMISETA MOMENTUS MM 58466 AD MASC LEGADO,4.99,16
000000502450,CAMISETA LOCAL MM 13562 MASC PMG LEGADO,4.99,16
000000518284,BERMUDA Q DE ESTILO SARJA 995120 AD LEGADO,4.99,16
000000631129,CALCA SOCIAL RADICAL DIV PMGG LD LEGADO,4.99,16
000000710558,TERNO ELCHAI MICRO 6000 42A56 SLIM LEGADO,379.99,16
000000779401,TERNO ELCHAI MICRO 60026 AD FIO TIN,379.99,16
000000777995,BLAZER DIXIE OXFORD 82090115 PMGG LEGADO,199.99,16
000000779234,CALCA WRANGLER SARJ DIV 38A50 MASC,129.99,16
000000768108,BERMUDA GANGST SARJ 57090122 PLUS J LEGADO,129.99,16
000000777353,CALCA ECKO JEANS EK178 38A48 LEGADO,129.99,16
000000812320,CALCA BLACK JEANS 503966 36A46 MASC,129.99,16
000000812436,CALCA BLACK JEANS 504165 36A46 MASC,129.99,16
000000440783,CALCA VILEJACK LYC VMCG0252 50A62 M LEGADO,129.99,16
000000765947,CAMISA MX72 MODAL MISTO 24542 ML,129.99,16
000000772488,CALCA USTOP JEANS 251 38A50 SLIM LEGADO,129.99,16
000000772556,CALCA USTOP SARJA 301 38A50 KAQUI LEGADO,129.99,16
000000778152,CALCA NINE EIG DRY 19070110 PMGG LEGADO,129.99,16
000000808576,CALCA TRADICIONAL MAXSHOP LEGADO,129.99,16
000000733281,CAMISA MX72 JEANS 24108 AD ML LEGADO,99.99,16
000000764254,CALCA VILEJ LYC CG0012 CONFORT PLUS LEGADO,99.99,16
000000778862,CALCA FATAL JEANS 30100 38A48 MASC LEGADO,99.99,16
000000778886,CALCA FATAL JEANS 30103 38A48 MASC LEGADO,99.99,16
000000778893,CALCA FATAL JEANS 30102 38A48 MASC LEGADO,99.99,16
000000782555,CALCA MAX DEN.SARJA 11969 PLUS AREI LEGADO,99.99,16
000000794718,BERMUDA ENFIM POLIA 126883 PMXGG MA LEGADO,99.99,16
000000812269,CALCA BLACK SARJA 501364 36A46 CINZ,99.99,16
000000701297,CAMISA MX72 VISCOL 23542 PMGG ML LEGADO,99.99,16
000000774499,CAMISA GANGST MM 64560247 PLUS POLO LEGADO,99.99,16
000000782432,CALCA MAX DEN.SARJ 11979 AD CHUMBO LEGADO,99.99,16
000000790048,CAMISA MX72 ALG 25050 PMGG ML LEGADO,99.99,16
000000808583,BERMUDA TRADICIONAL MAXSHOP LEGADO,99.99,16
000000812368,BERMUDA BLACK SARJ 501363 MASC CINZ,99.99,16
000000640152,CALCA MAX DEN SARJ 11180 CARG AD PR LEGADO,99.99,16
000000738798,CALCA ELCHAI JEANS 3104 38A50 MASC LEGADO,99.99,16
000000738804,CALCA ELCHAI JEANS 3101 38A50 MASC LEGADO,99.99,16
000000761116,BERMUDA MAX DEN. SARJ 11866 AD CAQU LEGADO,99.99,16
000000762687,CAMISA MAC GIANT FLAME 8051 PMGG ML LEGADO,99.99,16
000000764667,CAMISA VILEJ TRIC VMTL0130 AD AZ CL LEGADO,99.99,16
000000764674,CAMISA VILEJ TRIC VMTL0130 AD AZ ES LEGADO,99.99,16
000000764681,CAMISA VILEJ TRIC VMTL0110 AD ROSA LEGADO,99.99,16
000000764698,CAMISA VILEJ TRIC VMTL0110 AD PRETO LEGADO,99.99,16
000000764704,CAMISA VILEJ TRIC VMTL0110 AD BRANC LEGADO,99.99,16
000000765534,CALCA MAX DENIM JEANS 11808 36A46 M LEGADO,99.99,16
000000765541,CALCA MAX DENIM JEANS 11800 36A48 M LEGADO,99.99,16
000000765565,CALCA MAX DENIM JEANS 11792 36A48 M LEGADO,99.99,16
000000765572,CALCA MAX DENIM JEANS 11805 36A48 M LEGADO,99.99,16
000000766043,CAMISA MX72 ALGODAO 24580 09A10 MC LEGADO,99.99,16
000000776721,CAMISA GANGST ALG 64560232 PLUS POL LEGADO,99.99,16
000000778855,CALCA FATAL JEANS 30527 38A48 MASC LEGADO,99.99,16
000000782517,BERMUDA MAX DEN. JEANS 11987 AD MAS LEGADO,99.99,16
000000732932,CAMISA MAC GIAN VERANO 9950 AD ML B LEGADO,79.99,16
000000733274,CAMISA MX72 ALG 19033 AD ML FLANELA LEGADO,79.99,16
000000738866,BERMUDA ELCHAI VISCOLINH 2019 38A50 LEGADO,79.99,16
000000747325,CAMISA FATAL LINHO 29764 PMGG MC LEGADO,79.99,16
000000747349,CAMISA FATAL LINHO 29763 AD MC OLIV LEGADO,79.99,16
000000747363,CAMISA FATAL LINHO 29763 AD MC BRAN LEGADO,79.99,16
000000762663,CAMISA MAC GIANT LINHO 9948 AD ML B LEGADO,79.99,16
000000762694,CAMISA MAC GIANT FLAME 8044 PMGG ML LEGADO,79.99,16
000000762755,CAMISA MAC GIANT JEANS 8063 AD MC B LEGADO,79.99,16
000000765466,CALCA ELCHAI MICRO 1012 35A50 CINZA LEGADO,79.99,16
000000765497,CALCA ELCHAI MICRO 1127 38A50 PRETO LEGADO,79.99,16
000000776035,BERMUDA GANGSTER MOL 17870694 PMGG LEGADO,79.99,16
000000790116,CAMISA MX72 ALG 24111 AD ML XADREZ LEGADO,79.99,16
000000790123,CAMISA MX72 ALG 25067 AD ML XADREZ LEGADO,79.99,16
000000794404,CAMISETA ENFIM POLIA 100242 PMXGG LEGADO,69.99,16
000000808590,BERMUDA TRADICIONAL MAXSHOP LEGADO,79.99,16
000000812450,CALCA BLACK JEANS 300077 36A46 MASC,79.99,16
000000366021,CALCA VILEJACK SARJ VMCB0001 AD ARE LEGADO,79.99,16
000000701518,CAMISA MX72 CHAMBRAY 23502 PMGG MC LEGADO,79.99,16
000000732765,CAMISA MX72 CAMBRAI 23560 PLUS MC B LEGADO,79.99,16
000000738774,CALCA ELCHAI JEANS 3202 38A50 MASC LEGADO,79.99,16
000000752817,CAMISA GANGSTER MM 29081321 PMGG PO LEGADO,69.99,16
000000756716,BERMUDA JEANS.COM BRIM JCM0198 KA LEGADO,69.99,16
000000762632,CAMISA MAC GIAN MM 6156 G4G5 POLO B LEGADO,69.99,16
000000762700,CAMISA MAC GIANT ALG 9947 AD MC BOL LEGADO,69.99,16
000000762748,CAMISA MAC GIANT ALG 8030 PMGG MC LEGADO,69.99,16
000000765985,CAMISA MX72 VISCOSE 24524 MC ESTAMP LEGADO,79.99,16
000000765992,CAMISA MX72 FLAME 24515 MC LEGADO,79.99,16
000000766739,CAMISA DIXIE TOUCH 29060046 AD POLO LEGADO,79.99,16
000000778978,CAMISA GANGSTER MM 29081465 AD POLO LEGADO,69.99,16
000000788359,CALCA ELCHAI MELANGE 503 38A50 CINZA,79.99,16
000000788373,CALCA ELCHAI GABARD 1130 38A50 CHUMBO,79.99,16
000000798051,CALCA ELCHAI MELANGE 503 38A50 KAKI,79.99,16
000000803908,CAMISA DIXIE MM 29081588 PMGG POLO,69.99,16
000000806817,CALCA TRADICIONAL MAXSHOP LEGADO,79.99,16
000000681896,CAMISA VILEJACK DIV PMGG ML BOLSO,59.99,16
000000685856,CAMISA MALWE MALHA 4430 PMGGXGG POL LEGADO,49.99,16
000000703994,CAMISETA MALWEE MALHA 98663 G1G5 LEGADO,69.99,16
000000756600,BERMUDA VILEJ SARJ VMBS0003 AD PR LEGADO,69.99,16
000000758536,CAMISA DRAZZO DIVERSAS AD M LONGA LEGADO,69.99,16
000000761192,CALCA DYJORIS JEANS DJ30214 AD MASC LEGADO,69.99,16
000000764216,CAMISA VIDE BULA POLIA VBMGP001 POL LEGADO,69.99,16
000000765961,CAMISA MX72 ALGODAO 24503 MC BOLSO,69.99,16
000000766012,CAMISA MX72 MISTO 24513 MC LISTRADO LEGADO,69.99,16
000000780902,BERMUDA GW DRY OZN04P G1G3 MASC LEGADO,59.99,16
000000790949,CAMISA MAC GIANT MALH 6187 G1G3 POL LEGADO,69.99,16
000000808910,CALCA TRADICIONAL MAXSHOP LEGADO,69.99,16
000000808965,CALCA TRADICIONAL MAXSHOP LEGADO,69.99,16
000000570282,CALCA TEEZZ LYC DIV 36A50 MASC SALD LEGADO,59.99,16
000000682602,CAMISA ARMANELLI MALH 6120 PMGG POL LEGADO,59.99,16
000000726955,CAMISETA THE LIO UV 1032 G1G3 ML MA LEGADO,59.99,16
000000732888,CAMISA MAC GIANT PIQUET 6151 AD POL LEGADO,59.99,16
000000747295,SHORT FATAL LINHO 29768 PMGG AREIA LEGADO,49.99,16
000000747318,SHORT FATAL LINHO 29769 PMGG LEGADO,49.99,16
000000748636,CAMISETA FBR MM 13800G G1G3 AZUL DE LEGADO,59.99,16
000000754279,SHORT NINE DRY 68090213 PMGG LEGADO,49.99,16
000000762533,CAMISA MAC GIANT MM 6147 PMGG POLO LEGADO,59.99,16
000000762557,CAMISA MAC GIANT MM 6162 PMGG POLO LEGADO,59.99,16
000000762601,CAMISA MAC GIANT MM 6171 AD POLO BO LEGADO,59.99,16
000000762618,CAMISA MAC GIANT MM 6158 AD POLO BO LEGADO,59.99,16
000000764575,SHORT POINT BREAK SARJA ABEBRMTT AD LEGADO,59.99,16
000000765510,BERMUDA ELCHAI MICRO 2001 AD PRETO,59.99,16
000000765527,BERMUDA ELCHAI MICRO 2011 AD AZUL LEGADO,59.99,16
000000766623,SHORT NINE EIG DRY 68090204 AD MASC LEGADO,49.99,16
000000769082,CAMISA GANGST MM 29081285 PMGG POLO LEGADO,59.99,16
000000769662,SHORT NINE EIG MICRO 68090200 AD MA LEGADO,49.99,16
000000776455,CAMISETA GANGSTER MM 51240405 PLUS LEGADO,59.99,16
000000776462,CAMISETA GANGSTER MM 51240431 PLUS LEGADO,59.99,16
000000777285,CAMISETA ECKO MM EK160 PMGG MARROM LEGADO,59.99,16
000000778305,SHORT NINE EIG MICRO 68090217 PMGG LEGADO,49.99,16
000000780896,BERMUDA GW DRY OZN04 PMGG MASC LEGADO,59.99,16
000000783200,CAMISA ROVITEX 1098192 4A8 BOTAO MA LEGADO,49.99,16
000000787758,CAMISETA ALPHA DRY C488802 PMGG LEGADO,39.99,16
000000787765,CAMISETA ALPHA DRY C488803 PMGG LEGADO,39.99,16
000000760843,SHORT FORCA DO MAR LINHO 474 PLUS M LEGADO,49.99,16
000000536752,CAMISA ARMANELLI PIQUET 1140 AD POL LEGADO,49.99,16
000000669238,CAMISETA MALWEE MM 87847 G1G5 LEGADO,49.99,16
000000684507,CAMISA ARMANEL OXF 2500 2509 ML BOL LEGADO,49.99,16
000000686068,CAMISETA MALWEE MM 68860 PMXGG SLIM LEGADO,49.99,16
000000690546,CAMISETA THE LIO POLIA 001P AD ML M LEGADO,49.99,16
000000703987,CAMISETA MALWE MM 87848 G1G5 GOLA V LEGADO,49.99,16
000000732963,CAMISA MAC GIANT POLIE 2508 MC BOLS LEGADO,49.99,16
000000746632,CAMISETA ECKO MM J907A PMGG CARAMEL LEGADO,49.99,16
000000746700,CAMISETA ECKO MM J903A PMGG MARROM LEGADO,49.99,16
000000746717,CAMISETA ECKO MM J903A PMGG AREIA LEGADO,49.99,16
000000746724,CAMISETA ECKO MM J903A PMGG AMARELO LEGADO,49.99,16
000000746748,CAMISETA ECKO MM J904A PMGG LARANJA LEGADO,49.99,16
000000746755,CAMISETA ECKO MM J904A PMGG VERMELH LEGADO,49.99,16
000000748421,CAMISETA FBR MALHA 13810 PMGG LEGADO,49.99,16
000000748568,CAMISETA FBR MM 13803 PMGG MARFIM LEGADO,49.99,16
000000748599,CAMISETA FBR MM 13800 PMGG AZUL DEN LEGADO,49.99,16
000000748605,CAMISETA FBR MM 13800 PMGG VD FLORE LEGADO,49.99,16
000000752046,CAMISETA DIXIE MM 11242348 PMGG LEGADO,39.99,16
000000754217,BERMUDA NINE DRY 17500375 PMGGG LEGADO,49.99,16
000000755030,SHORT CAMELBAK DRY CMBE0001 PMGG LEGADO,39.99,16
000000764568,SHORT POINT BREAK LINHO ABELINCL AD LEGADO,49.99,16
000000764599,SHORT POINT BREAK POLY ASTFLXWR AD LEGADO,49.99,16
000000766081,CAMISETA VIDE BULA MM VBMCM001 PMGG LEGADO,49.99,16
000000766791,BERMUDA NINE DRY 17500379 PMGG LEGADO,49.99,16
000000767095,CAMISETA DIXIE MM 11243137 PMGG LEGADO,49.99,16
000000768832,CAMISETA GANGSTER MM 11270026 PMGG LEGADO,49.99,16
000000768955,CAMISETA GANGSTER MM 50012014 PLUS LEGADO,49.99,16
000000769006,CAMISETA GANGSTER MM 51180850 PLUS LEGADO,49.99,16
000000774420,CAMISETA GANGSTER MM 50012084 PLUS LEGADO,49.99,16
000000776431,CAMISETA GANGSTER MM 50110022 PLUS LEGADO,49.99,16
000000777247,CAMISETA ECKO MM EK154 PMGG VM LEGADO,49.99,16
000000777254,CAMISETA ECKO MM EK150 PMGG MARROM LEGADO,49.99,16
000000777292,CAMISETA ECKO MM EK083 PMGG PRETO LEGADO,49.99,16
000000777315,CAMISETA ECKO MM EK101 PMGG PRETO LEGADO,49.99,16
000000778169,CAMISETA NINE DRY 10260006 PMGG ML LEGADO,49.99,16
000000778350,CAMISETA ECKO MM EK150 PMGG PRETO,49.99,16
000000778909,CAMISETA FATAL MM 30224 G1G3 MARINH LEGADO,49.99,16
000000778916,CAMISETA FATAL MM 30224 G1G3 PRETO LEGADO,49.99,16
000000780889,SHORT POINT BREAK POLY ASTFLX-ML ME LEGADO,49.99,16
000000783620,CAMISETA ECKO MM EK150 PMGG CARAMEL LEGADO,49.99,16
000000786140,CAMISA MAX DEN TRIC AD ML MASC SALD LEGADO,49.99,16
000000790789,CAMISETA MAC GIANT MALHA 6164 PMGG LEGADO,49.99,16
000000792547,CAMISETA SEA SURF POLIES 9009112 AD,49.99,16
000000797986,CAMISETA USTOP MM USTM560 PMGG BASI LEGADO,49.99,16
000000539609,SHORT FORCA DO MAR ELAST ESTAMP G1G3,49.99,16
000000685962,REGATA MALWEE MALHA 87846 G1G5 LEGADO,39.99,16
000000775120,CAMISETA GANGSTER MM 10164466 PMGG LEGADO,49.99,16
000000778244,CAMISETA NINE DRY 10141160 PMGG BA LEGADO,49.99,16
000000525794,SHORT FORCA DO MAR ELASTANO,39.99,16
000000669542,SHORT SCANNER SARJA SMSH PMGG MASC LEGADO,39.99,16
000000722827,CAMISETA SCANNER MM SMCM2000 G1G3 LEGADO,39.99,16
000000731669,CAMISETA NINE EI 10080045 ML FORRAD LEGADO,39.99,16
000000741491,BERMUDA TEEZZ LYC DIV AD SALDO 2024 LEGADO,39.99,16
000000756754,BERMUDA VALENTHY JEANS 40A50 MASC LEGADO,39.99,16
000000758543,BERMUDA DRAZZO DIVERSAS AD MASC LEGADO,39.99,16
000000758550,SHORT DRAZZO DIVERSAS AD MASC LEGADO,39.99,16
000000766531,CAMISETA NINE EIG DRY 10140987 AD,39.99,16
000000767354,CAMISETA DIXIE MM 11242819 PMGG LEGADO,39.99,16
000000768184,CAMISETA GANGSTER MM 11243154 PMGG,39.99,16
000000768641,CAMISETA GANGSTER MM 10163739 PMGG LEGADO,39.99,16
000000768658,CAMISETA GANGSTER MM 10164070 PMGG LEGADO,39.99,16
000000768672,CAMISETA GANGSTER MM 10164134 PMGG LEGADO,39.99,16
000000770255,CAMISA POLO WEAR DIV 17440 PMGG MC LEGADO,39.99,16
000000778275,CAMISETA NINE DRY 10141156 PMGG BAS LEGADO,39.99,16
000000790024,SHORT DUBLACK LINHO MGG MASC,39.99,16
000000794152,CAMISETA LONGWAY DRY 11701P G1G3 LEGADO,39.99,16
000000794435,CAMISETA POLO WEAR MM 04074528 PMGG,39.99,16
000000794442,CAMISETA POLO WEAR MM 04074537 PMGG LEGADO,39.99,16
000000794459,CAMISETA POLO WEAR MM 04074531 PMGG,39.99,16
000000794466,CAMISETA POLO WEAR MM 04074530 PMGG LEGADO,39.99,16
000000794688,CAMISETA POLO WEAR MM 04074535 PMGG,39.99,16
000000795401,CAMISETA NINE POLIAMI 10141203 PMGG LEGADO,39.99,16
000000795418,CAMISETA NINE POLIAMI 10141238 PMGG LEGADO,39.99,16
000000804455,CAMISETA NINETY DRY 10141240 PMGG,39.99,16
000000807906,CALCA TRADICIONAL MAXSHOP LEGADO,39.99,16
000000808279,CAMISETA M LONGA MAXSHOP LEGADO,39.99,16
000000808552,CAMISETA GOLA CARECA MAXSHOP LEGADO,39.99,16
000000653237,SHORT DUBLACK ELAST 212 G1G3 M ESTA LEGADO,39.99,16
000000653244,SHORT DUBLACK ELAST 212 PMGG M ESTA,39.99,16
000000761413,CAMISETA LONGWAY DRY 11643P G1G3 M LEGADO,39.99,16
000000762267,SHORT LONGBONG ELAST 2112 G1G3 EST LEGADO,39.99,16
000000766470,CAMISETA NINE EIG DRY 10140734 AD LEGADO,39.99,16
000000778688,CAMISETA FATAL MM 30062 PMGG MARINH LEGADO,39.99,16
000000794107,CAMISETA LONGWAY DRY 11565A PMGG LEGADO,39.99,16
000000808095,CAMISETA GOLA CARECA MAXSHOP LEGADO,29.99,16
000000808101,CAMISETA GOLA CARECA MAXSHOP LEGADO,29.99,16
000000808118,CAMISETA GOLA CARECA MAXSHOP LEGADO,29.99,16
000000746786,CAMISETA FATAL MM 29705 PMGG VERMEL LEGADO,29.99,16
000000746793,CAMISETA FATAL MM 29705 PMGG VD SAG LEGADO,29.99,16
000000746809,CAMISETA FATAL MM 29705 PMGG AZUL LEGADO,29.99,16
000000746816,CAMISETA FATAL MM 29705 AZEIT MESCL LEGADO,29.99,16
000000746823,CAMISETA FATAL MM 29705 MOST MESCLA LEGADO,29.99,16
000000746830,CAMISETA FATAL MM 29705 AD CORAL ME LEGADO,29.99,16
000000746861,CAMISETA FATAL MM 29973 PMGG BRANCO LEGADO,29.99,16
000000746878,CAMISETA FATAL MM 29973 PMGG VERMEL LEGADO,29.99,16
000000746915,CAMISETA FATAL MM 29634 PMGG PRETO LEGADO,29.99,16
000000746939,CAMISETA FATAL MM 29555 PMGG PRETO LEGADO,29.99,16
000000746991,CAMISETA FATAL MM 29564 PMGG MARINH LEGADO,29.99,16
000000747066,CAMISETA FATAL MM 29590 PMGG ESTAMP LEGADO,29.99,16
000000747073,CAMISETA FATAL MM 29667 PMGG ESTAMP LEGADO,29.99,16
000000747110,CAMISETA FATAL MM 29588 PMGG ESTAMP LEGADO,29.99,16
000000747226,REGATA FATAL MM 29750 PMGG PRETO LEGADO,29.99,16
000000747271,REGATA FATAL MM 29756 PMGG PR MESCL LEGADO,29.99,16
000000758512,CAMISETA DRAZZO DIVERSAS AD LEGADO,29.99,16
000000761529,MACHAO LONGWAY DRY 3373A PMGG MASC LEGADO,29.99,16
000000761666,BERMUDA LONGWAY DRY 91534P G1G3 MAS LEGADO,29.99,16
000000761680,BERMUDA LONGWAY DRY 91535P G1G3 MAS LEGADO,29.99,16
000000761697,BERMUDA LONGWAY DRY 91523P G1G3 MAS LEGADO,29.99,16
000000764346,CAMISETA FSJ MM DIVERSAS G1G3 ESTAM LEGADO,29.99,16
000000764889,CAMISA CDKA MALHA 2998 PMGGG POLO LEGADO,29.99,16
000000773768,CAMISETA OVER SURF BASICA G1G2G3 LEGADO,29.99,16
000000778299,CAMISETA NINE DRY 10141131 PMGG BAS LEGADO,29.99,16
000000792530,CAMISETA SEA SURF POLIES 9009107 AD,29.99,16
000000692847,SHORT DUBLACK ELASTANO 118 PMGG MAS,29.99,16
000000761567,BERMUDA LONGWAY DRY 91521A PMGG MAS LEGADO,29.99,16
000000761635,BERMUDA LONGWAY DRY 91527A PMGG MAS LEGADO,29.99,16
000000761642,BERMUDA LONGWAY DRY 91524A PMGG MAS LEGADO,29.99,16
000000764353,MACHAO FSJ MM DIVERSAS G1G3 BASICA LEGADO,29.99,16
000000744393,CAMISETA BROOK STHIL MM PMGG SORTID LEGADO,24.99,16
000000754347,REGATA FSJ RIBANA 954 PMGG SLIN LIS LEGADO,24.99,16
000000755016,SHORT CAMELBAK DRY CBBE0001 CBBE0002 AD LEGADO,24.99,16
000000762731,CAMISA SCANNER POLY SMGP1000 AD POL LEGADO,24.99,16
000000764896,CAMISA CDKA PIQUET 1500 PMGGG POLO LEGADO,24.99,16
000000770361,CAMISETA POLO WEAR COTT 40596 PMGG LEGADO,24.99,16
000000785112,CAMISETA OVER SURF MM EST PMGG DIV LEGADO,24.99,16
000000607155,CAMISETA DUBLACK COCOFREE AD ESTAMP LEGADO,19.99,16
000000722810,CAMISETA SCANNER MM SMCM1000 PMGG LEGADO,19.99,16
000000773744,CAMISETA OVER SURF M7020 PMGG BASIC LEGADO,19.99,16
000000452403,CAMISETA TIFA MM DIVERSAS PMGG LEGADO,14.99,16
000000646277,BERMUDA MAFARI SARJA JEANS DIV 38A6 LEGADO,14.99,16
000000741064,SHORT CARLYLE TACT 22104 16319 PMGG LEGADO,14.99,16
000000786003,CALCA CARLYLE TACTEL PMGG MASC LEGADO,14.99,16
000000788175,CAMISETA GRZ PV 9050 PMGG LEGADO,14.99,16
000000626842,CAMISETA CDKA MM PMGG BRANCA,9.99,16
000000277549,BERMUDA CSA TACTEL PMGGG LEGADO,4.99,16
000000787772,CAMISETA ALPHA DRY C488804 PMGG,39.99,16
000000787789,CAMISETA ALPHA DRY C488805 PMGG,39.99,16
000000710572,BLAZER ELCHAI SARJA 62002 42A56,299.99,16
000000524667,CAMISETA ELLAND POLIA UV ML AD MASC LEGADO ZZ,19.99,16
000000754958,CAMISA CAMELBAK DRY CBGP0001 AD POL,14.99,16
000000754927,CAMISETA CAMELBAK DRY CBCM1101 CBCM1102 LEGADO P,14.99,16
000000748520,CAMISETA FBR MALHA 13914 PMGG,49.99,16
000000682046,BERMUDA BONNO JEANS AD MASC,29.99,16
000000640114,CALCA M DENIM JEANS 11281 JOG AD M LEGADO ZZ,49.99,16
000000753845,CAMISETA NINE EIG POLI 10141023 AD,39.99,16
000000753906,CAMISETA NINE EIG POLI 10141025 AD,29.99,16
000000775663,CAMISETA DIXIE MM 11243470 PMGG,29.99,16
000000775670,CAMISETA DIXIE MM 11243473 PMGG,29.99,16
000000775700,CAMISETA DIXIE MM 11243442 PMGG,29.99,16
000000775755,CAMISETA DIXIE MM 11195456 PMGG,29.99,16
000000776554,CAMISETA GANGSTER MM 10210238 PMGG,29.99,16
000000776608,CAMISETA GANGSTER MM 11243156 PMGG,29.99,16
000000795395,CAMISETA NINE POLIAMI 10141242 PMGG,29.99,16
000000804448,CAMISETA NINETY DRY 10141241 PMGG,29.99,16
000000804462,CAMISETA NINETY DRY 10141208 PMGG,29.99,16
000000804516,CAMISETA NINETY DRY 11820795 PMGG,29.99,16
000000636902,BERMUDA B2 JEANS ELAST 1002 AD MASC LEGADO ZZ,29.99,16
000000528849,BERMUDA DYJORIS JEANS DIV MASC SALD LEGADO P,29.99,16
000000747189,CAMISETA FATAL MM 29650 PMGG,29.99,16
000000778718,CAMISETA FATAL MM 30085 PMGG,29.99,16
000000778725,CAMISETA FATAL MM 30075 PMGG,29.99,16
000000778732,CAMISETA FATAL MM 30003 PMGG,29.99,16
000000778749,CAMISETA FATAL MM 30066 PMGG LEGADO ZZ,29.99,16
000000778756,CAMISETA FATAL MM 30076 PMGG,29.99,16
000000807159,CAMISETA FATAL MM 30354 AD VERM TIJ,29.99,16
000000803281,CAMISETA OVERCORE MM 11420207 PMGG,39.99,16
000000803533,CAMISETA GANGSTER MM 51240477 PLUS LEGADO LEGADO,39.99,16
000000803618,CAMISETA GANGSTER MM 51240502 PLUS,39.99,16
000000803632,CAMISETA GANGSTER MM 51240536 PLUS,39.99,16
000000807296,CAMISETA FATAL MM 30290 AD MARROM C LEGADO P,29.99,16
000000807302,CAMISETA FATAL MM 30384 PMGG SORTID LEGADO P,29.99,16
000000776486,CAMISETA GANGSTER MM 10163307 PMGG,29.99,16
000000776523,CAMISETA GANGSTER MM 10164131 PMGG,29.99,16
000000776530,CAMISETA GANGSTER MM 10164146 PMGG,29.99,16
000000805735,MACHAO GANGSTER MM 13070510 PMGG LEGADO P,29.99,16
000000783323,PIJAMA ROVITEX MM 3024972 4A8 MASC,29.99,16
000000813877,CAMISETA DIAMETRO ALGO DB0037 PMGGG Sortida P,29.99,16
000000776547,CAMISETA GANGSTER MM 10164073 PMGG,29.99,16
000000803236,CAMISETA OVERCORE MM 10310002 PMGG,39.99,16
000000696685,CAMISA DRAZZO FLAME 330885 PMGG ML,69.99,16
000000748414,CAMISETA FBR MALHA 13917 PMGG,49.99,16
000000748452,CAMISETA FBR MALHA 13828 PMGG,49.99,16
000000748629,CAMISETA FBR MALHA 13819 PMGG,49.99,16
000000748643,CAMISETA FBR MM 13800G G1G3 VERDE,39.99,16
000000773126,CAMISETA FBR MM 13800G G1G3 BRANCA,39.99,16
000000818895,CAMISETA ECKO MM EK516 PMGG VERMELHO Vermelho P,39.99,16
000000818896,CAMISETA ECKO MM EK516 PMGG PRETO Sortida P,39.99,16
000000818897,CAMISETA ECKO MM EK516 PMGG GELO Sortida P,39.99,16
000000818902,CAMISETA ECKO MM EK505 PMGG PRETO Preto P,39.99,16
000000819028,CAMISETA ECKO MM EK540 PMGG PR LEGADO P,39.99,16
000000819029,CAMISETA ECKO MM EK540 PMGG BRANCO LEGADO P,39.99,16
000000819030,CAMISETA ECKO MM EK540 PMGG AREIA LEGADO P,39.99,16
000000734974,CAMISETA NINE EIG DRY 10140843 AD,29.99,16
000000735162,CAMISETA NINE EIG DRY 11820586 AD,29.99,16
000000795364,CAMISETA NINE DRY 10141204 PMGG Sortida P,29.99,16
000000804479,CAMISETA NINETY DRY 10141348 PMGG,29.99,16
000000804486,CAMISETA NINETY DRY 11820999 PMGG Sortida P,29.99,16
000000804974,CAMISETA GANGSTER MM 10164963 PMGG LEGADO P,29.99,16
000000805049,CAMISETA GANGSTER MM 10165108 PMGG LEGADO P,29.99,16
000000805674,MACHAO GANGSTER MM 13061155 PMGG,29.99,16
000000805681,MACHAO GANGSTER MM 13061151 PMGG,29.99,16
000000805704,MACHAO GANGSTER MM 13061146 PMGG,29.99,16
000000804493,CAMISETA NINETY DRY 11820965 PMGG Sortida P,29.99,16
000000805025,CAMISETA GANGSTER MM 10165089 PMGG LEGADO P,29.99,16
000000700511,CAMISETA NINE EIG DRY 11820573 PMGG,29.99,16
000000790161,CAMISA MX72 ALG 25004 AD MC XADREZ,49.99,16
000000690744,SHORT SURF BOY ELAST 33501 G1G3 EST,29.99,16
000000778558,CAMISETA FATAL MM 30063 PMGG PRETO LEGADO P,29.99,16
000000778565,CAMISETA FATAL MM 30063 PMGG MARROM LEGADO P,29.99,16
000000778572,CAMISETA FATAL MM 30063 PMGG VERMEL,29.99,16
000000807081,CAMISETA FATAL MM 30063 PMGG AMAREL,29.99,16
000000807104,CAMISETA FATAL MM 30063 AD VERD SAG,29.99,16
000000807111,CAMISETA FATAL MM 30063 AD AZUL MIN,29.99,16
000000807128,CAMISETA FATAL MM 30063 AD VERM TIJ,29.99,16
000000807135,CAMISETA FATAL MM 30063 PMGG AREIA LEGADO P,29.99,16
000000807142,CAMISETA FATAL MM 30063 PMGG BRANCO LEGADO ZZ,29.99,16
000000807173,CAMISETA FATAL MM 30293 AD MARROM C,29.99,16
000000807180,CAMISETA FATAL MM 30293 AD BEGE CLA,29.99,16
000000807197,CAMISETA FATAL MM 30303 PMGG AREIA LEGADO P,29.99,16
000000807203,CAMISETA FATAL MM 30313 PMGG AREIA LEGADO P,29.99,16
000000807210,CAMISETA FATAL MM 30313 AD MARROM C LEGADO P,29.99,16
000000807227,CAMISETA FATAL MM 30313 PMGG PRETO LEGADO P,29.99,16
000000807234,CAMISETA FATAL MM 30080 AD MARROM C LEGADO P,29.99,16
000000807241,CAMISETA FATAL MM 30080 PMGG AREIA LEGADO P,29.99,16
000000807265,CAMISETA FATAL MM 30339 PMGG SORTID LEGADO P,29.99,16
000000807289,CAMISETA FATAL MM 30347 PMGG AREIA LEGADO P,29.99,16
000000807388,CAMISETA FATAL MM 30350 AD MARROM C,29.99,16
000000812863,CAMISETA FATAL MM 30303 PMGG BEGE,29.99,16
000000812962,CAMISETA FATAL MM 30080 AD BRANCA,29.99,16
000000817578,CAMISETA GOLA CARECA MAXSHOP LEGADO P,29.99,16
000000778589,CAMISETA FATAL MM 30080 PMGG PRETO LEGADO ZZ,29.99,16
000000807098,CAMISETA FATAL MM 30063 AD VERD DAR LEGADO P,29.99,16
000000807319,CAMISETA FATAL MM 30299 PMGG SORTID LEGADO P,29.99,16
000000818890,CAMISETA FATAL MM 30303 PMGG BRANCO LEGADO P,29.99,16
000000818891,CAMISETA FATAL MM 30293 PMGG VERMELHO TIJ Vermelho P,29.99,16
000000818892,CAMISETA FATAL MM 30293 PMGG CARAMELO Sortida P,29.99,16
000000752138,CAMISETA DIXIE MM 11243129 PMGG,39.99,16
000000803175,CAMISETA OVERCORE MM 103204 PMGG,39.99,16
000000803472,CAMISETA OVERCORE MM 11244059 PMGG,39.99,16
000000803731,MACHAO GANGSTER MM 53050365 PLUS,39.99,16
000000776448,CAMISETA GANGSTER MM 51180851 PLUS,39.99,16
000000744119,CAMISA USTOP ALG 700 2A5 ML XADREZ Sortida LEGADO,79.99,16
000000744133,CAMISA USTOP ALG 781MA 2A5 ML LISA Sortida LEGADO,79.99,16
000000682534,CALCA MAX DEN JEANS DIV 36A48 SLIM LEGADO ZZ,69.99,16
000000778084,CAMISETA OVER MM 11420181 PMGG RAGL,39.99,16
000000794145,CAMISETA LONGWAY DRY 11709P G1G3,29.99,16
000000794169,CAMISETA LONGWAY DRY 11706P G1G3,29.99,16
000000794176,CAMISETA LONGWAY DRY 11590P G1G3,29.99,16
000000818894,CAMISETA ECKO MM EK526 PMGG AREIA Sortida P,39.99,16
000000754248,BERMUDA NINE DRY 17500384 PMGGG,39.99,16
000000775533,BERMUDA NINE EIG DRY 17500204 AD,39.99,16
000000803335,CAMISETA OVERCORE MM 10250175 PMGG Sortida P,39.99,16
000000803557,CAMISETA GANGSTER MM 51180950 PLUS LEGADO LEGADO,39.99,16
000000804073,CAMISETA DIXIE ALG 10210463 PMGG LEGADO P,39.99,16
000000804080,CAMISETA DIXIE ALG 10200311 PMGG,39.99,16
000000804097,CAMISETA DIXIE ALG 10200312 PMGG,39.99,16
000000805261,CAMISETA GANGSTER MM 11244222 PMGG LEGADO P,39.99,16
000000804196,CAMISETA DIXIE ALG 11244068 PMGG Sortida P,39.99,16
000000715768,CAMISETA NINE EIG DRY 11820609 AD,29.99,16
000000776561,CAMISETA GANGSTER MM 10164187 PMGG,29.99,16
000000776578,CAMISETA GANGSTER MM 10164162 PMGG,29.99,16
000000778206,CAMISETA NINE DRY 10141143 PMGG BAS,29.99,16
000000804424,CAMISETA NINETY DRY 10141149 PMGG,29.99,16
000000811811,CAMISETA POLO WER MM 04074534 PMGG,29.99,16
000000811828,CAMISETA POLO WER PIQ 04074527 PMG,29.99,16
000000627979,CALCA CARLYLE XIMPA PMGG JOGGER MAS LEGADO ZZ,29.99,16
000000790031,SHORT DUBLACK LINHO G1G3 MASC,29.99,16
000000761437,CAMISETA LONGWAY DRY 11589P G1G3 M,29.99,16
000000777278,CAMISETA ECKO MM EK160 OVER PMGG AR,49.99,16
000000777339,CAMISETA ECKO MM EK060 PMGG PRETO,49.99,16
000000777346,CAMISETA ECKO MM EK165 PMGG MARROM,49.99,16
000000778312,CAMISETA ECKO MM EK160 PMGG PRETO,49.99,16
000000813280,CAMISETA GOLA CARECA MAXSHOP LEGADO P,29.99,16
000000779678,BLUSA MALWEE MM 127247 10A18,29.99,16
000000804028,CAMISETA DIXIE POLIA 11032273 PMGG Sortida P,79.99,16
000000804035,CAMISETA DIXIE POLIA 11032275 PMGG Sortida P,79.99,16
000000806497,CAMISETA SELENE 30123 INF MASC ML,39.99,16
000000794190,MACHAO LONGWAY DRY 3414P G1G3,29.99,16
000000794206,MACHAO LONGWAY DRY 3418P G1G3,29.99,16
000000794213,MACHAO LONGWAY DRY 3415P G1G3,29.99,16
000000812726,MACHAO LONGWAY POLIEST 3454P G1AG3 LEGADO P,29.99,16
000000812764,MACHAO LONGWAY POLIEST 3453P G1AG3 LEGADO P,29.99,16
000000812825,MACHAO LONGWAY POLIEST 3439P G1AG3 LEGADO P,29.99,16
000000812801,MACHAO LONGWAY POLIES 3451P G1AG3 LEGADO P,29.99,16
000000807333,CAMISETA FATAL MM 30498 OVERSIZE PR LEGADO P,39.99,16
000000809849,CAMISETA MAC GIANT MALHA 6218 PMGGG,39.99,16
000000807326,CAMISETA FATAL MM 30498 OVERSI MARR LEGADO P,39.99,16
000000790130,CAMISA MX72 ALG 25073 AD ML XADREZ,79.99,16
000000777438,CAMISETA DIXIE MM 11243677 PMGG,39.99,16
000000777452,CAMISETA DIXIE MM 11243675 PMGG,39.99,16
000000803274,CAMISETA OVERCORE MM 11243910 PMGG,39.99,16
000000803496,CAMISETA GANGSTER MM 50012188 PLUS LEGADO LEGADO,39.99,16
000000805131,CAMISETA GANGSTER MM 11244002 PMGG LEGADO P,39.99,16
000000805254,CAMISETA GANGSTER MM 11244194 PMGG,39.99,16
000000803779,MACHAO GANGSTER MM 53050374 PLUS LEGADO P,39.99,16
000000805094,CAMISETA GANGSTER MM 11243934 PMGG LEGADO P,39.99,16
000000736831,CAMISETA HERING MM 4F8714EEN PMGG LEGADO ZZ,29.99,16
000000748476,CAMISETA FBR MALHA 13909 PMGG,39.99,16
000000748506,CAMISETA FBR MALHA 13867 PMGG,39.99,16
000000738354,CAMISA MX72 ALG LD PLUS ML Sortida LEGADO,24.99,16
000000754125,CAMISETA NINE EIG DRY 11820699 AD,29.99,16
000000777056,MACHAO GANGSTER MM 13060955 PMGG,29.99,16
000000777070,MACHAO GANGSTER MM 13060995 PMGG,29.99,16
000000777087,MACHAO GANGSTER MM 13011163 PMGG,29.99,16
000000777100,MACHAO GANGSTER MM 13061025 PMGG,29.99,16
000000778282,CAMISETA NINE DRY 10141153 PMGG BAS,29.99,16
000000753968,REGATA NINE EIG DRY 13760484 AD,29.99,16
000000796088,CONJUNTO REIREX MM 47025 01A03 MASC,39.99,16
000000807463,CAMISETA FATAL MM 30673 XXG MARROM LEGADO P,39.99,16
000000807470,CAMISETA FATAL MM 30673 XXG BEGE CL LEGADO P,39.99,16
000000818575,CAMISETA FATAL MM 30673 XXG BRANCO LEGADO P,39.99,16
000000818582,CAMISETA FATAL MM 30673 XXG PRETO Preto P,39.99,16
000000777513,CAMISETA DIXIE MM 11243705 PMGG,49.99,16
000000778091,CAMISETA OVER MM 11890165 PMGG ESP LEGADO ZZ,49.99,16
000000778114,CAMISETA OVER MM 11890151 PMGG BAS,49.99,16
000000803182,CAMISETA OVERCORE MM 11890198 PMGG,49.99,16
000000803595,CAMISETA GANGSTER MM 51240489 PLUS LEGADO LEGADO,49.99,16
000000805063,CAMISETA GANGSTER MM 11243862 PMGG LEGADO P,49.99,16
000000790147,CAMISA MX72 ALG 25058 AD MC XADREZ,69.99,16
000000796002,CONJUNTO REIREX MM 45491 PMGG MASC,39.99,16
000000807395,CAMISETA FATAL MM 30501 PMGG BRANCO LEGADO P,39.99,16
000000807401,CAMISETA FATAL MM 30501 PMGG VERMEL LEGADO P,39.99,16
000000807418,CAMISETA FATAL MM 30501 PMGG PRETO,39.99,16
000000818889,CAMISETA FATAL MM 30501 PMGG MARINHO Sortida P,39.99,16
000000748537,CAMISETA FBR MALHA 13907 PMGG,39.99,16
000000753098,CAMISETA GANGSTER MM 50011962 PLUS,39.99,16
000000753111,CAMISETA GANGSTER MM 50012007 PLUS,39.99,16
000000775304,CAMISETA GANGSTER MM 11243699 PMGG,39.99,16
000000776424,CAMISETA GANGSTER MM 50011960 PLUS,39.99,16
000000776585,CAMISETA GANGSTER MM 11270031 PMGG,39.99,16
000000777261,CAMISETA ECKO MM EK151 PMGG PRETO,39.99,16
000000777322,CAMISETA ECKO MM EK101 PMGG MARINHO,39.99,16
000000777520,CAMISETA DIXIE MM 11243718 PMGG,39.99,16
000000777537,CAMISETA DIXIE MM 11243848 PMGG,39.99,16
000000778329,CAMISETA ECKO MM EK151 PMGG CARAMEL,39.99,16
000000778336,CAMISETA ECKO MM EK151 PMGG VERDE R,39.99,16
000000778343,CAMISETA ECKO MM EK150 PMGG VERMELH,39.99,16
000000803489,CAMISETA GANGSTER MM 50012184 PLUS,39.99,16
000000803519,CAMISETA GANGSTER MM 50012208 PLUS LEGADO P,39.99,16
000000804066,CAMISETA DIXIE ALG 10210455 PMGG,39.99,16
000000804103,CAMISETA DIXIE ALG 10200321 PMGG LEGADO P,39.99,16
000000804264,CAMISETA DIXIE ALG 11244248 PMGG,39.99,16
000000805148,CAMISETA GANGSTER MM 11243968 PMGG LEGADO P,39.99,16
000000805186,CAMISETA GANGSTER MM 11243982 PMGG,39.99,16
000000805193,CAMISETA GANGSTER MM 11243984 PMGG LEGADO P,39.99,16
000000803526,CAMISETA GANGSTER MM 50012218 PLUS LEGADO P,39.99,16
000000804257,CAMISETA DIXIE ALG 11244324 PMGG Sortida P,39.99,16
000000744195,CAMISA USTOP ALG 622 PMGG XADREZ Sortida LEGADO,79.99,16
000000744249,CAMISETA USTOP MM 508 PMGG LEGADO ZZ,39.99,16
000000744256,CAMISETA USTOP MM 520 PMGG,39.99,16
000000809832,CAMISA MAC GIANT MALHA 6207 AD POLO Rosa seco P,49.99,16
000000809900,CAMISA MAC GIANT MALHA 6196 AD POLO Marrom P,49.99,16
000000775595,CAMISA MX72 DIVERSAS AD MC 2025 LEGADO ZZ,49.99,16
000000793728,CONJUNTO ROVITEX MM 302544 4A8 MASC,39.99,16
000000753197,CAMISETA GANGSTER MM 51240403 PLUS,49.99,16
000000774475,CAMISETA GANGSTER MM 51240467 PLUS,49.99,16
000000803748,MACHAO GANGSTER MM 53070117 PLUS LEGADO P,49.99,16
000000803762,MACHAO GANGSTER MM 53070119 PLUS LEGADO LEGADO,49.99,16
000000752299,CAMISA DIXIE JACQ 15350328 PMGG,109.99,16
000000752305,CAMISA DIXIE JACQ 15350330 PMGG,109.99,16
000000775809,CAMISA DIXIE ALG 29081345 PMGG POLO,59.99,16
000000775878,CAMISA DIXIE ALG 29081258 PMGG POLO,59.99,16
000000804738,BERMUDA GANGSTER MICRO 17660457 AD LEGADO P,59.99,16
000000735186,CAMISETA NINE EIG DRY 10140737 AD,29.99,16
000000775472,CAMISETA NINE EIG DRY 10140760 AD,29.99,16
000000775489,CAMISETA NINE EIG DRY 11820580 AD,29.99,16
000000775496,CAMISETA NINE EIG DRY 10140931 AD,29.99,16
000000775502,CAMISETA NINE EIG DRY 10141005 AD,29.99,16
000000775519,CAMISETA NINE EIG DRY 10140959 AD,29.99,16
000000804646,REGATA NINETY DRY 13760526 PMGG Sortida P,29.99,16
000000796958,CONJ MALWEE MM 130152 12A24M MASC,29.99,16
000000746564,CAMISETA ECKO MM J939A PMGG AREIA,39.99,16
000000746649,CAMISETA ECKO MM J907A PMGG VERMELH,39.99,16
000000746656,CAMISETA ECKO MM J907A PMGG PRETO,39.99,16
000000746663,CAMISETA ECKO MM J930A PMGG CZ MESC,39.99,16
000000804806,CALCA GANGSTER JEANS 19400152 38A48,99.99,16
000000804813,CALCA GANGSTER JEANS 19420147 38A48,99.99,16
000000690737,SHORT SURF BOY ELAST 445 PMGG FLUOR,29.99,16
000000794084,CAMISETA LONGWAY DRY 11707A PMGG,29.99,16
000000794114,CAMISETA LONGWAY DRY 11705A PMGG,29.99,16
000000794121,CAMISETA LONGWAY DRY 11681A PMGG,29.99,16
000000794138,CAMISETA LONGWAY DRY 11708A PMGG,29.99,16
000000812689,CAMISETA LONGWAY POLIES 11760A PMGG LEGADO P,29.99,16
000000761369,CAMISETA LONGWAY DRY 11468A PMGG M,29.99,16
000000778770,CAMISETA FATAL MM 30122 PMGG,39.99,16
000000790888,CAMISETA MAC GIANT MALHA 6159 PMGG,39.99,16
000000778763,CAMISETA FATAL ALG 30116 PMGG LEGADO ZZ,39.99,16
000000739146,BERMUDA OPTIMIST JEANS DIV 36A46 MA LEGADO ZZ,49.99,16
000000812276,CALCA BLACK SARJA 501364 36A46 AREI,99.99,16
000000812283,CALCA BLACK SARJA 501364 36A46 GELO,99.99,16
000000812313,CALCA BLACK JEANS 503992 36A46 MASC,99.99,16
000000812405,BERMUDA BLACK LINHO 503819 36A46,99.99,16
000000752541,CAMISETA GANGSTER MM 11243402 PMGG,39.99,16
000000752589,CAMISETA GANGSTER MM 11243429 PMGG,39.99,16
000000774437,CAMISETA GANGSTER MM 50012061 PLUS,39.99,16
000000775281,CAMISETA GANGSTER MM 11243707 PMGG LEGADO ZZ,39.99,16
000000775298,CAMISETA GANGSTER MM 11243727 PMGG,39.99,16
000000775694,CAMISETA DIXIE MM 11242344 PMGG,39.99,16
000000775717,CAMISETA DIXIE MM 11242877 PMGG,39.99,16
000000775748,CAMISETA DIXIE MM 11243081 PMGG,39.99,16
000000775762,CAMISETA DIXIE MM 11242871 PMGG,39.99,16
000000776417,CAMISETA GANGSTER MM 50011971 PLUS,39.99,16
000000776615,CAMISETA GANGSTER MM 11243301 PMGG,39.99,16
000000777391,CAMISETA DIXIE MM 11243671 PMGG,39.99,16
000000777407,CAMISETA DIXIE MM 11243673 PMGG,39.99,16
000000777421,CAMISETA DIXIE MM 11243851 PMGG,39.99,16
000000777568,CAMISETA DIXIE MM 10210420 PMGG,39.99,16
000000803328,CAMISETA OVERCORE MM 10290003 PMGG Sortida P,39.99,16
000000804059,CAMISETA DIXIE ALG 10210476 PMGG LEGADO P,39.99,16
000000804110,CAMISETA DIXIE ALG 10200351 PMGG,39.99,16
000000804134,CAMISETA DIXIE ALG 10200350 PMGG Sortida P,39.99,16
000000804233,CAMISETA DIXIE ALG 11244245 PMGG,39.99,16
000000804509,CAMISETA NINETY DRY 10200386 PMGG Sortida P,39.99,16
000000804042,CAMISETA DIXIE ALG 10210465 PMGG LEGADO P,39.99,16
000000805421,CAMISETA GANGSTER MM 11244206 PMGG LEGADO P,39.99,16
000000775151,CAMISETA GANGSTER MM 11243737 PMGG,39.99,16
000000775168,CAMISETA GANGSTER MM 11243713 PMGG,39.99,16
000000775212,CAMISETA GANGSTER MM 11243764 PMGG,39.99,16
000000778237,CAMISETA NINE DRY 10141127 PMGG BAS,39.99,16
000000778428,CAMISETA FATAL MM 30057 PMGG MARINH,29.99,16
000000778435,CAMISETA FATAL MM 30037 PMGG,29.99,16
000000778473,CAMISETA FATAL MM 30079 PMGG PRETO,29.99,16
000000778480,CAMISETA FATAL MM 30079 PMGG MARINH,29.99,16
000000778503,CAMISETA FATAL MM 30012 PMGG,29.99,16
000000778510,CAMISETA FATAL MM 30070 PMGG MARROM,29.99,16
000000778534,CAMISETA FATAL MM 30070 PMGG PRETO,29.99,16
000000778596,CAMISETA FATAL MM 30035 PMGG,29.99,16
000000778602,CAMISETA FATAL MM 30036 PMGG,29.99,16
000000778619,CAMISETA FATAL MM 30061 PMGG MARROM,29.99,16
000000778626,CAMISETA FATAL MM 30061 PMGG PRETO,29.99,16
000000778633,CAMISETA FATAL MM 29563 AD MESCL VD,29.99,16
000000778657,CAMISETA FATAL MM 29563 AD AZUL ESC,29.99,16
000000778664,CAMISETA FATAL MM 30015 PMGG,29.99,16
000000778671,CAMISETA FATAL MM 30028 PMGG,29.99,16
000000778695,CAMISETA FATAL MM 30062 PMGG VERMEL,29.99,16
000000792387,CAMISETA FATAL MM 29563 PMGG PRETO,29.99,16
000000792523,CAMISETA FATAL MM 30016 PMGG LEGADO ZZ,29.99,16
000000746847,CAMISETA FATAL MM 29973 PMGG AREIA,29.99,16
000000746854,CAMISETA FATAL MM 29973 PMGG MARROM,29.99,16
000000746885,CAMISETA FATAL MM 29973 PMGG PRETO,29.99,16
000000746908,CAMISETA FATAL MM 29634 AD VD MESCL,29.99,16
000000746953,CAMISETA FATAL MM 29711 PMGG MARROM,29.99,16
000000746977,CAMISETA FATAL MM 29709 PMGG ARGILA,29.99,16
000000747028,CAMISETA FATAL MM 29706 AD AREIA ES,29.99,16
000000747080,CAMISETA FATAL MM 29580 PMGG ESTAMP,29.99,16
000000747233,REGATA FATAL MM 29750 PMGG MOSTARDA,29.99,16
000000747257,REGATA FATAL MM 29756 PMGG VERMELHO,29.99,16
000000747370,CAMISETA FATAL MM 29646 PMGG SORTID,29.99,16
000000794503,CAMISETA MALWEE MM 129612 AD ESTAMP,39.99,16
000000794510,CAMISETA MALWEE MM 129609 AD ESTAMP,39.99,16
000000810890,CAMISETA MALWEE MM 133348 PMGXGG LEGADO P,39.99,16
000000810906,CAMISETA MALWEE MM 133382 PMGXGG LEGADO P,39.99,16
000000810913,CAMISETA MALWEE MM 133349 PMGXGG LEGADO P,39.99,16
000000810920,CAMISETA MALWEE MM 133381 PMGXGG LEGADO P,39.99,16
000000790154,CAMISA MX72 ALG 25070 AD MC XADREZ,79.99,16
000000770040,CAMISA GANGSTER ALG 29970006 POLO A,89.99,16
000000776646,CAMISA GANGSTER ALG 29970010 AD POL,89.99,16
000000776653,CAMISA GANGSTER ALG 29970011 AD POL,89.99,16
000000776660,CAMISA GANGSTER ALG 29970012 AD POL,89.99,16
000000776677,CAMISA GANGSTER ALG 29970013 AD POL,89.99,16
000000697811,BERMUDA GANGST SARJ 17540110 AD CAR,99.99,16
000000794244,MACHAO LONGWAY DRY 3416A PMGG LEGADO ZZ,29.99,16
000000794343,BERMUDA LONGWAY DRY 91560P G1G3 LEGADO ZZ,29.99,16
000000794350,BERMUDA LONGWAY DRY 91559P G1G3,29.99,16
000000795005,REGATA SECRET RIBANA SB01613 G1G4,29.99,16
000000794251,MACHAO LONGWAY DRY 3417A PMGG LEGADO ZZ,29.99,16
000000812733,BERMUDA LONGWAY POLIES 91582P G1AG3 LEGADO P,29.99,16
000000812832,BERMUDA LONGWAY POLIES 91584P G1AG3 LEGADO P,29.99,16
000000812795,BERMUDA LONGWAY POLIES 91594P G1AG3 LEGADO P,29.99,16
000000813839,MACHAO DIAMETRO MM DB0011 PMGGG Sortida P,29.99,16
000000795142,CONJUNTO ROVITEX MM 302537 1A3 MASC,29.99,16
000000796156,CONJUNTO REIREX MM 47000 01A03 MASC,29.99,16
000000795135,CONJUNTO ROVITEX MM 302541 1A3 MASC,29.99,16
000000795999,CONJUNTO REIREX MM 45494 01A03 MASC,29.99,16
000000777797,BERMUDA CONSCIENCIA,99.99,16
000000777810,BERMUDA CONSCIEN SARJ 11100 AD CINZ,99.99,16
000000782807,BERMUDA CONSCIENC SARJ 11100 AD CAQ Sortida P,99.99,16
000000782814,BERMUDA CONSCIENC SARJ 11100 AD ARE,99.99,16
000000782821,BERMUDA CONSCIENC SARJ 11100 AD CIN,99.99,16
000000767866,CALCA DIXIE POLIA 19550118 AD ALFAI Sortida P,149.99,16
000000775946,CALCA DIXIE POLIA 19550116 AD ALFAI,149.99,16
000000775960,CALCA DIXIE POLIA 19550115 AD ALFAI,149.99,16
000000775823,CAMISA DIXIE ALG 29081357 PMGG POLO,59.99,16
000000774413,CAMISETA GANGSTER MM 51240471 PLUS,49.99,16
000000774444,CAMISETA GANGSTER MM 51240475 PLUS,49.99,16
000000774451,CAMISETA GANGSTER MM 51240476 PLUS,49.99,16
000000774482,CAMISETA GANGSTER MM 51240473 PLUS LEGADO ZZ,49.99,16
000000803564,CAMISETA GANGSTER MM 51180944 PLUS LEGADO P,49.99,16
000000751988,CAMISETA DIXIE MM 11243079 PMGG,39.99,16
000000778107,CAMISETA OVER MM 10250111 PMGG BAS,39.99,16
000000803250,CAMISETA OVERCORE MM 10210397 PMGG,39.99,16
000000803304,CAMISETA OVERCORE MM 10210405 PMGG,39.99,16
000000804981,CAMISETA GANGSTER MM 10164983 PMGG,39.99,16
000000805001,CAMISETA GANGSTER MM 10165028 PMGG LEGADO P,39.99,16
000000775083,CAMISETA GANGSTER MM 10200275 PMGG,39.99,16
000000778251,CAMISETA NINE DRY 10141158 PMGG BAS LEGADO ZZ,39.99,16
000000778268,CAMISETA NINE DRY 10141157 PMGG BAS,39.99,16
000000778213,CAMISETA NINE DRY 10141120 PMGG BAS LEGADO ZZ,29.99,16
000000804677,REGATA NINETY DRY 13760546 PMGG Sortida P,29.99,16
000000804653,REGATA NINETY DRY 13760547 PMGG Sortida P,29.99,16
000000776400,REGATA DK2 MM DIVERSAS PMGG SALDO,19.99,16
000000797788,BERMUDA DIAMETRO MOL DIVER PLUS M,39.99,16
000000807340,CAMISETA FATAL MM 30078 PMGG BEGE LEGADO P,39.99,16
000000807357,CAMISETA FATAL MM 30078 PMGG CARAME LEGADO P,39.99,16
000000778411,CAMISETA FATAL MM 30024 PMGG,39.99,16
000000748551,CAMISETA FBR MM 13803 PMGG PESSEGO,39.99,16
000000748575,CAMISETA FBR MM 13803 PMGG AZUL,39.99,16
000000748582,CAMISETA FBR MM 13803 PMGG GELO,39.99,16
000000773225,CAMISETA FBR MM 13803 PMGG AMARELO,39.99,16
000000773232,CAMISETA FBR MM 13803 PMGG VD LIMA,39.99,16
000000712095,BERMUDA VILEJ LYCRA VMBP0039 36A50 LEGADO ZZ,69.99,16
000000778879,CALCA FATAL JEANS 30101 38A48 MASC,99.99,16
000000796033,CONJUNTO REIREX MM 45490 PMGG MASC,39.99,16
000000620017,SHORT SURF BOY ELAST 402 PMGG LISO,29.99,16
000000789943,CAMISETA DUKY COTTON 2401 PMGG,29.99,16
000000813662,REGATA DIAMETRO MM D00885 PMGGG Sortida P,29.99,16
000000814157,CALCA CONSCIENC SARJA 11000 AD BEGE,119.99,16
000000814164,CALCA CONSCIENC SARJA 11000 AD GELO,119.99,16
000000717090,CAMISA VILE JACK TRICOLI DIV AD ML LEGADO ZZ,79.99,16
000000812290,CALCA BLACK JEANS 503881 36A46 MASC,119.99,16
000000812306,CALCA BLACK JEANS 503981 36A46 MASC,119.99,16
000000804790,CALCA GANGSTER JEANS 19400008 38A48 Sortida P,99.99,16
000000810395,CALCA GANGSTER JEANS 19380415 38A48,99.99,16
000000767767,BERMUDA DIXIE ALFAIATAR 17970050 AD,119.99,16
000000767774,BERMUDA DIXIE ALFAIATAR 17970051 AD,119.99,16
000000777193,BERMUDA GANGSTER TACTEL 17660292 AD,59.99,16
000000777544,CAMISETA DIXIE MM 11243703 PMGG,59.99,16
000000778121,CAMISETA OVER MM 11890163 PMGG ESC,59.99,16
000000780926,CAMISETA GW DRY OZN01 PMGG MASC,29.99,16
000000791045,CAMISETA GW DRY OZN02 PMGG MASC,29.99,16
000000791052,CAMISETA GW DRY OZN03 PMGG MASC,29.99,16
000000791069,CAMISETA GW DRY OZN06 PMGG MASC,29.99,16
000000791076,CAMISETA GW DRY OZN07 PMGG MASC,29.99,16
000000791083,CAMISETA GW DRY OZN08 PMGG MASC,29.99,16
000000791090,CAMISETA GW DRY OZN09 PMGG MASC,29.99,16
000000791106,CAMISETA GW DRY OZN10 PMGG MASC LEGADO ZZ,29.99,16
000000777131,BERMUDA GANGSTER SARJ 57090231 PLUS,99.99,16
000000805605,CAMISA GANGSTER ALG 29060093 AD POL Sortida P,49.99,16
000000805612,CAMISA GANGSTER ALG 29060094 AD POL Sortida P,49.99,16
000000805629,CAMISA GANGSTER ALG 29060096 AD POL Sortida P,49.99,16
000000805636,CAMISA GANGSTER ALG 29060099 AD POL Sortida P,49.99,16
000000805650,CAMISA GANGSTER ALG 29060103 AD POL Sortida P,49.99,16
000000818568,SHORT FATAL ELASTANO 30552 AD BEGE LEGADO P,49.99,16
000000794657,MACHAO MALWEE MM 129630 PMXGG,39.99,16
000000713818,CAMISETA DIXIE COTON 10210116 AD BR LEGADO ZZ,69.99,16
000000776004,BERMUDA DIXIE MOL 17860378 PMGG,79.99,16
000000776028,BERMUDA GANGSTER MOL 17860484 PMGG,79.99,16
000000777735,CAMISA DIXIE MM 29140175 PMGG POLO,79.99,16
000000778961,CAMISA GANGSTER MM 29081477 AD POLO,79.99,16
000000803892,CAMISA DIXIE MM 29081415 PMGG POLO Sortida P,79.99,16
000000775052,CAMISETA GANGSTER MM 10164482 PMGG,39.99,16
000000813792,REGATA DIAMETRO MM D00895 PMGGG Sortida P,29.99,16
000000760836,SHORT FORCA DO MAR LINHO 474 PMGG M,39.99,16
000000779371,BERMUDA ELCHAI SARJA 2026 38A50 MAS,79.99,16
000000782500,BERMUDA MAX DEN. JEANS 11934 AD MAS,79.99,16
000000735506,CALCA VILEJAC SARJ VMCG0015 VMCG0305 PLUS PR Preto LEGADO,99.99,16
000000744140,CAMISA USTOP ALG 781VM 2A5 ML LISA,99.99,16
000000782470,CALCA MAX DEN.SARJ 11892 AD CARG AR,99.99,16
000000809658,CALCA MAX DEN SARJA 12035 AD AREIA LEGADO ZZ,99.99,16
000000812344,CALCA BLACK JEANS 503978 36A42 MASC,119.99,16
000000803915,CAMISA DIXIE MM 29081591 PMGG POLO,69.99,16
000000803960,CAMISA DIXIE MM 29081491 PMGG POLO,69.99,16
000000805544,CAMISA GANGSTER ALG 29081412 AD POL,69.99,16
000000803977,CAMISA DIXIE MM 29081682 PMGG POLO Sortida P,69.99,16
000000685931,CAMISA MALWEE MM 87849 G1G5 POLO,59.99,16
000000810937,BERMUDA MALWEE POL 131523 PMGXGG LEGADO P,99.99,16
000000782401,CALCA GW HEL 3004M PMGG MASC PUNHO,79.99,16
000000804714,REGATA NINETY DRY 13760550 PMGG Sortida P,29.99,16
000000742306,MACHAO ULTIMATO MM 63233 PLUS LEGADO ZZ,24.99,16
000000815222,CAMISA MX72 POLIESTER 25505 PMGG MC Sortida P,59.99,16
000000813082,BERMUDA PACIFIC ALFAIAT 010531080 A Sortida ZZ,119.99,16
000000817905,CALCA VIDE BULA JEANS DIVERSAS MASC Sortida P,119.99,16
000000776394,CAMISETA DK2 MM DIVERSAS PMGG SALDO,24.99,16
000000796187,CONJUNTO REIREX MM 47012 10A14 MASC,49.99,16
000000551632,CAMISA ARMANELLI PIQUET 1138 AD POL,49.99,16
000000809917,CALCA MAX DENIN JEANS 12084 48A56 M LEGADO LEGADO,99.99,16
000000775854,CAMISA DIXIE ALG 29081212 PMGG POLO,79.99,16
000000803953,CAMISA DIXIE MM 29520127 PMGG POLO LEGADO P,79.99,16
000000766852,CAMISA DIXIE ALG 29012439 AD POLO,129.99,16
000000766876,CAMISA DIXIE ALG 29012440 AD POLO,129.99,16
000000782753,CALCA CONSCIENCIA JEANS 24390 AD,129.99,16
000000782777,CALCA CONSCIENCIA JEANS 22696 AD,129.99,16
000000782784,CALCA CONSCIENCIA JEANS 24323 AD LEGADO ZZ,129.99,16
000000732680,CAMISA MX72 CHAMBRA 24029 AD ML BOL,79.99,16
000000777148,BERMUDA GANGSTER MOL 17940108 AD,99.99,16
000000777155,BERMUDA GANGSTER MOL 17050312 AD,99.99,16
000000754286,SHORT NINE DRY 68090211 PMGG,49.99,16
000000775571,BERMUDA NINE EIG DRY 17500376 AD,49.99,16
000000775588,SHORT NINE EIG MICRO 68090118 AD,49.99,16
000000804523,CAMISETA NINETY JACQUA 10360002 AD Sortida P,49.99,16
000000804547,CAMISETA NINETY MAQUINE 10350008 AD Sortida P,49.99,16
000000804578,CAMISETA NINETY MAQUINE 10350013 AD Sortida P,49.99,16
000000804592,CAMISETA NINETY MAQUINE 10350016 AD Sortida P,49.99,16
000000804608,CAMISETA NINETY MAQUINE 10350019 AD Sortida P,49.99,16
000000804622,CAMISETA NINETY MAQUINE 10350033 AD Sortida P,49.99,16
000000813303,CAMISA PACIFIC TRICOT 014331072 POL,109.99,16
000000806305,BERMUDA GANGSTER MOL 37140176 10A16,69.99,16
000000773393,CAMISETA SEVEN PERUANA P488806 PMGG,59.99,16
000000816199,CALCA SCANNER JEANS AD MASC LD LEGADO P,59.99,16
000000817899,CAMISETA VIDE BULA MM DIVERSAS AD Sortida P,59.99,16
000000815161,CAMISA BY FOR MEN ALGO 2946 PMGG ML LEGADO P,89.99,16
000000773171,CAMISA POLO SEA SURF POLIE 9009105,59.99,16
000000812382,BERMUDA BLACK SARJA 501752 CARGO PR,119.99,16
000000812399,BERMUDA BLACK SARJA 501752 CARGO BE Sortida P,119.99,16
000000813075,CALCA PACIFIC P.ROMA 010131029 PMGG,129.99,16
000000794565,CALCA PRS JEANS 080298 48A54 MASC,99.99,16
000000794572,CALCA PRS JEANS 080349 48A54 MASC LEGADO ZZ,99.99,16
000000762724,CAMISA MAC GIANT ALG 8043 PMGG MC,69.99,16
000000738996,CALCA DYJORIS JEANS DJ30196 AD PRET LEGADO ZZ,69.99,16
000000773140,CAMISA MX72 LINHO 24506 MC PMGG,69.99,16
000000818900,BERMUDA ECKO POLIE EK724 PMGG CHUMBO Sortida P,89.99,16
000000818901,BERMUDA ECKO POLIE EK724 PMGG BEGE Sortida P,89.99,16
000000819021,BERMUDA ECKO POLIE EK724 PMGG AREIA LEGADO ZZ,89.99,16
000000794671,MACHAO MALWEE MM 129544 G1G5,49.99,16
000000775861,CAMISA DIXIE ALG 29520009 PMGG POLO,59.99,16
000000777766,CAMISA DIXIE MM 29081451 PMGG POLO,59.99,16
000000776707,CAMISA GANGSTER ALG 29081282 AD POL,59.99,16
000000682138,BERMUDA VILEJ LYCRA DIV 36A50 SALDO LEGADO ZZ,69.99,16
000000796125,MACHAO REIREX MM 47034 04A08 MASC,19.99,16
000000796040,CONJUNTO REIREX MM 45495 PMGG MASC,39.99,16
000000798099,CALCA ELCHAI TWOEY 810 38A50 CHUMBO,79.99,16
000000799270,CALCA VILEJACK SARJA LD AD CARGO MA Sortida P,79.99,16
000000812443,CALCA BLACK JEANS 300073 36A46 MASC,79.99,16
000000812467,CALCA BLACK JEANS 300072 36A46 MASC Sortida P,79.99,16
000000812474,CALCA BLACK JEANS 300091 36A46 MASC,79.99,16
000000812481,CALCA BLACK JEANS 300075 36A46 MASC Sortida P,79.99,16
000000812511,CALCA BLACK JEANS 300087 36A46 MASC Sortida P,79.99,16
000000738842,BERMUDA ELCHAI SARJA 2018 38A50 MAS,79.99,16
000000779395,CALCA ELCHAI JEANS 3202 38A50 MASC,79.99,16
000000804776,BERMUDA GANGSTER MOL 17500505 PMGG Sortida P,109.99,16
000000805582,CAMISA GANGST POLIA 29060089 AD POL Sortida P,109.99,16
000000805599,CAMISA GANGST POLIA 29060092 AD POL Sortida P,109.99,16
000000777827,CALCA CONSCIENCI SARJ 11000 AD VD M,129.99,16
000000790963,BERMUDA GW DRY OZN05 PMGG MASC,49.99,16
000000790970,BERMUDA GW DRY OZN11 PMGG MASC,49.99,16
000000790987,BERMUDA GW DRY OZN12 PMGG MASC,49.99,16
000000690768,SHORT SURF BOY ELAST 44501 G1G3 FLU,39.99,16
000000727150,CALCA NINE EIGHT MICRO 19290195 AD,69.99,16
000000752169,CAMISA DIXIE MM 29081337 PMGG POLO,69.99,16
000000779005,CAMISA GANGSTER MM 29520115 AD POLO,69.99,16
000000753746,SHORT GANGSTER MICRO 58050105 G1G3,69.99,16
000000776080,CAMISA GANGSTER MM 29012450 AD POLO,69.99,16
000000776684,CAMISA GANGSTER ALG 29090617 AD POL,69.99,16
000000777698,CAMISA DIXIE MM 29570132 PMGG POLO,69.99,16
000000777704,CAMISA DIXIE MM 29570134 PMGG POLO,69.99,16
000000777711,CAMISA DIXIE MM 29081399 PMGG POLO,69.99,16
000000803625,CAMISETA GANGSTER MM 51240533 PLUS LEGADO LEGADO,69.99,16
000000786157,CAMISA MAX DEN TRIC AD MC MASC SALD,49.99,16
000000732956,CAMISA MAC GIAN ALG 8016 PLUS ML XA,99.99,16
000000782418,CALCA MAX DEN.SARJ 11502 AD SPO MAR,99.99,16
000000782425,CALCA MAX DEN.SARJ 11977 AD SLIM AR,99.99,16
000000782449,CALCA MAX DEN.SARJ 11975 AD CHUMBO,99.99,16
000000782456,CALCA MAX DEN.SARJ 11384 AD SPOR PR,99.99,16
000000782463,CALCA MAX DEN.SARJ 11973 AD SPOR AR,99.99,16
000000815185,CAMISA BY FOR MEN VISC 2804 PMGG ML LEGADO P,99.99,16
000000701525,CAMISA MX72 VISCOL 23006 PMGG MC BO Sortida P,79.99,16
000000813686,REGATA DIAMETRO MM D00888 PMGGG Sortida P,29.99,16
000000813693,REGATA DIAMETRO MM D00957 PMGGG Sortida P,29.99,16
000000679930,BERMUDA LONGWAY DRY 91247A PMGGG MA,29.99,16
000000794282,BERMUDA LONGWAY DRY 91564A PMGG,29.99,16
000000794299,BERMUDA LONGWAY DRY 91565A PMGG,29.99,16
000000794305,BERMUDA LONGWAY DRY 91566A PMGG,29.99,16
000000812603,BERMUDA LONGWAY POLIEST 91586A PMGG LEGADO P,29.99,16
000000812665,BERMUDA LONGWAY POLIEST 91581A PMGG LEGADO P,29.99,16
000000812542,BERMUDA LONGWAY POLIEST 91583A PMGG LEGADO P,29.99,16
000000599986,CAMISA MX72 MISTO 20508 PMGG BOLSO,59.99,16
000000790796,CAMISA MAC GIANT MALHA 6185 AD POLO LEGADO ZZ,59.99,16
000000790819,CAMISA MAC GIANT MALHA 6184 AD POLO,59.99,16
000000790833,CAMISA MAC GIANT MALHA 6176 AD POLO,59.99,16
000000790864,CAMISA MAC GIANT MALHA 6175 AD POLO,59.99,16
000000792493,CALCA SUZAN ZHENG POLIA MCSM357Y MA LEGADO ZZ,119.99,16
000000803854,SHORT DIXIE POLIA 68010119 PMGG Sortida P,79.99,16
000000803861,SHORT DIXIE POLIA 68010122 PMGG Sortida P,79.99,16
000000803878,SHORT DIXIE POLIA 68010123 PMGG Sortida P,79.99,16
000000775847,CAMISA DIXIE ALG 29081229 PMGG POLO,79.99,16
000000777742,CAMISETA DIXIE MM 29570139 AD PADRE,79.99,16
000000790932,CAMISA MAC GIANT MALH 6171 G4G5 POL,69.99,16
000000816380,CALCA 3A JEANS 38A48 MASC PRETA Sortida P,69.99,16
000000816397,CALCA 3A JEANS 411 38A48 MASC Sortida P,69.99,16
000000816410,CALCA 3A JEANS 410 38A48 MASC Sortida P,69.99,16
000000816427,CALCA 3A JEANS 403 38A48 MASC Sortida P,69.99,16
000000816441,CALCA 3A JEANS 404 38A48 MASC Sortida P,69.99,16
000000766678,REGATA NINE EIG DRY 13760409 PMGG,29.99,16
000000668262,CAMISA MX72 FLAME 22548 PMGG ML LEGADO ZZ,99.99,16
000000668354,CAMISA MX72 TRICOLI 22025 AD ML BOL,99.99,16
000000790055,CAMISA MX72 FLAME 25049 PMGG ML SLI,99.99,16
000000812351,BERMUDA BLACK SARJA 501363 MASC ARE,99.99,16
000000812412,BERMUDA BLACK JEANS 504095 MASC,99.99,16
000000812429,BERMUDA BLACK JEANS 504024 MASC,99.99,16
000000752350,BERMUDA DIXIE ALFAIA 17970046 38A48,99.99,16
000000777162,BERMUDA GANGSTER MOL 17980004 AD,99.99,16
000000775977,BERMUDA DIXIE POLIA 17970044 AD ALF,99.99,16
000000769686,SHORT GANGST ELAST 68090048 PMGG MA,69.99,16
000000701396,CAMISA MX72 CAMBRAIA 23515 PMGG MC Sortida P,69.99,16
000000752176,CAMISA DIXIE TOUCH 29060039 PMGG PO,79.99,16
000000775885,CAMISA DIXIE ALG 29060037 PMGG POLO,79.99,16
000000803922,CAMISA DIXIE MM 29081650 PMGG POLO Sortida P,79.99,16
000000805551,CAMISA GANGSTER ALG 29081505 AD POL,79.99,16
000000805568,CAMISA GANGSTER ALG 29081596 AD POL LEGADO P,79.99,16
000000810845,BERMUDA MALWEE MOL 134333 G1AG3 LEGADO P,89.99,16
000000791014,CAMISETA GW DRY OZN06B 12A16 MASC,29.99,16
000000791038,CAMISETA GW DRY OZN10B 12A16 MASC,29.99,16
000000796101,CAMISETA REIREX MM 47082 01A03 MASC,19.99,16
000000692861,SHORT DUBLACK ELAST 118 G1G3 LISO Sortida LEGADO,29.99,16
000000761604,BERMUDA LONGWAY DRY 91526A PMGG MAS,29.99,16
000000813358,CAMISA PACIFIC VISC 013031009 PMGG,49.99,16
000000725019,CALCA DYJORIS JEANS AD MASC SALDO LEGADO ZZ,59.99,16
000000790901,CAMISA MAC GIANT ALG 8016 AD ML XAD,69.99,16
000000792745,CAMISETE JZW SEDA 96169 PMGG ML,69.99,16
000000813266,SHORT PACIFIC POLIA 010431009 PMGG Sortida P,69.99,16
000000788083,CALCA 3A JEANS 347 42A48 MASC,69.99,16
000000788090,CALCA 3A JEANS 344 42A48 MASC,69.99,16
000000788106,CALCA 3A JEANS 354 360 42A48 MASC,69.99,16
000000788113,CALCA GRZ JEANS 6037 42A48 MASC,69.99,16
000000788120,CALCA GRZ JEANS 6036 42A48 MASC,69.99,16
000000788137,CALCA GRZ JEANS 6022 42A48 MASC,69.99,16
000000788144,CALCA GRZ JEANS 6017 42A48 MASC,69.99,16
000000365994,CALCA VILEJACK SARJ VMCB0001 AD PRE,79.99,16
000000366038,CALCA VILEJACK SARJ VMCB0001 AD KAK,79.99,16
000000572170,CALCA SCANNER SARJA SMCB0002 KAKI S LEGADO ZZ,79.99,16
000000756594,BERMUDA VILEJ SARJ VMBS0308  VMBS0305 AD KA LEGADO P,79.99,16
000000792509,CALCA SUZAN ZHENG POLIA MCSM358Y MA LEGADO ZZ,89.99,16
000000815178,CAMISA BY FOR MEN VISC 2176 PMGG ML LEGADO P,89.99,16
000000782791,BERMUDA CONSCIENCIA JEANS 24435 AD,119.99,16
000000668293,CAMISA MX72 ALG 22054 SLIM PMGG,129.99,16
000000747332,CAMISA FATAL LINHO 29765 AD MC AREI,79.99,16
000000747288,SHORT FATAL LINHO 29768 AD VD MILIT,49.99,16
000000586368,CALCA JEANS.COM SARJA 300 AD MAS PR LEGADO ZZ,99.99,16
000000644259,CAMISA MAC GIANT JACQ 6099 PMGG POL Verde P,59.99,16
000000790840,CAMISA MAC GIANT MALHA 6157 AD POLO Marinho P,59.99,16
000000690751,SHORT SURF BOY ELAST 40201 G1G3 LIS,39.99,16
000000754965,REGATA CAMELBAK DRY CBCM2100 PMGG M,29.99,16
000000762571,CAMISA MAC GIANT MM 6161 PMGG POLO,59.99,16
000000762595,CAMISA MAC GIANT MM 6148 AD POLO BO,59.99,16
000000813044,CALCA PACIFIC MICRO 010129058 AD SO Sortida P,119.99,16
000000787796,CALCA VILEJ SARJ VMCJ VMCG PLUS ARE,99.99,16
000000711098,CALCA MAX DEN.JEANS 11611 AD COUNTR LEGADO ZZ,99.99,16
000000782531,BERMUDA MAX DEN. JEANS 11958 PLUS,99.99,16
000000786935,CALCA MAX DEN JEANS 11919 36A52 MAS,99.99,16
000000786942,CALCA MAX DEN JEANS 11929 36A52 MAS,99.99,16
000000786959,CALCA MAX DEN JEANS 11920 36A52 MAS,99.99,16
000000786966,CALCA MAX DEN JEANS 11937 36A52 MAS,99.99,16
000000786973,CALCA MAX DEN JEANS 11943 36A52 MAS,99.99,16
000000786980,CALCA MAX DEN JEANS 11613 AD COUNTR,99.99,16
000000794589,CALCA PRS JEANS 050900 38A46 MASC LEGADO ZZ,99.99,16
000000794596,CALCA PRS JEANS 000339 38A46 SLIM M LEGADO ZZ,99.99,16
000000794602,CALCA PRS JEANS 050349 38A46 SLIM M LEGADO ZZ,99.99,16
000000794619,CALCA PRS JEANS 000350 38A46 SLIM M,99.99,16
000000794626,CALCA PRS JEANS 000820 38A46 SLIM M,99.99,16
000000809924,BERMUDA MAX DEN JEANS 12085 48A56 M LEGADO LEGADO,99.99,16
000000809535,BERMUDA MAX DEN SARJ 11967 PLUS PRE Preto LEGADO,99.99,16
000000809702,BERMUDA USTOP JEANS USTM033 38A50  LEGADO ZZ,99.99,16
000000811033,CALCA MAX DENIM JEANS 12071 36A46 Sortida P,99.99,16
000000811040,CALCA MAX DENIM JEANS 12061 36A46 LEGADO P,99.99,16
000000811064,CALCA MAX DENIM JEANS 12111 36A48 Sortida P,99.99,16
000000815154,CAMISA BY FOR MEN ALGO 2450 PMGG ML LEGADO P,89.99,16
000000787772,CAMISETA ALPHA DRY C488804 PMGG,59.99,16
000000787789,CAMISETA ALPHA DRY C488805 PMGG,59.99,16
000000765459,CALCA ELCHAI MICRO 1011 38A50 MARIN,79.99,16
000000813310,CAMISA PACIFIC ALG 033131013 AD POL Sortida ZZZZ,79.99,16
000000738927,CALCA ELLEVE JEANS DIV 38A46 MASC LEGADO ZZ,79.99,16
000000788311,CALCA ELCHAI MELANGE 1247 38A50 PRE,79.99,16
000000788397,CALCA ELCHAI FIO TINTO 1251 AD PRET,79.99,16
000000788403,CALCA ELCHAI FIO TINTO 1251 AD CINZ,79.99,16
000000798044,CALCA ELCHAI GABARD 1130 38A50 AREI,79.99,16
000000798068,CALCA ELCHAI MELANGE 503 38A50 AREI,79.99,16
000000798082,CALCA ELCHAI GABARD 1130 38A50 KAKI LEGADO P,79.99,16
000000799294,CALCA ELCHAI GABARD 1130 38A50 MARR,79.99,16
000000788328,CALCA ELCHAI MELANGE 503 38A50 PRETO Preto P,79.99,16
000000812375,BERMUDA BLACK SARJA 501814 MASC PRE Sortida P,99.99,16
000000804820,CALCA GANGSTER MICRO 19110131 PMGG LEGADO P,149.99,16
000000804844,CALCA GANGSTER MICRO 19110133 PMGG LEGADO P,149.99,16
000000756976,CAMISA USTOP MIXTO DIV PMGG ML,69.99,16
000000756983,CAMISA USTOP MIXTO DIV PMGG MC,69.99,16
000000772433,SHORT SAIA YUNEE 90020 ALFAIAT PMGG,69.99,16
000000794701,BERMUDA MALWEE MOL 131567 PMXGG MAS,69.99,16
000000694032,CALCA SURF BOY ELAST 910 PMGG MESCL,69.99,16
000000790956,CAMISA MAC GIANT MALH 6171 G1G3 POL,69.99,16
000000686129,BERMUDA MALWEE MOL 52229 PMGGXGG,69.99,16
000000678735,CAMISA MX72 VISCOL 23060 PLUS MC BO Sortida LEGADO,99.99,16
000000790994,BERMUDA GW DRY OZN05P G1G3 MASC,59.99,16
000000782944,CALCA SEA SURF POLIE 9009095 38A48 Sortida P,119.99,16
000000787512,BERMUDA VITORIA MOL 9250 PMGG MASC,29.99,16
000000567503,BERMUDA SELENE 20940 PMGG TERMICA M,49.99,16
000000640138,CALCA M DENIM SARJ 11179 CARGO AD M,99.99,16
000000641739,CALCA MAX DEN.SARJ 11183 AD MAS AZU,99.99,16
000000765558,CALCA MAX DENIM JEANS 11803 36A48 M,99.99,16
000000765589,CALCA MAX DENIM JEANS 11810 38A46 M,99.99,16
000000752145,CAMISETA DIXIE MM 29140071 PMGG G V LEGADO ZZ,69.99,16
000000775649,CAMISETA DIXIE MM 11243188 PMGG,69.99,16
000000775724,CAMISETA DIXIE MM 11243454 PMGG,69.99,16
000000803212,CAMISETA OVERCORE MM 11244138 PMGG,69.99,16
000000804349,BERMUDA NINETY DRY 17500478 PMGG Sortida P,69.99,16
000000734417,CAMISETA DIXIE MM 11242694 PMGG,49.99,16
000000779357,CONJUNTO RALAKIDS MM 80193 BB MASC,29.99,16
000000813334,CAMISA PACIFIC VISC 013031016 PMGG,69.99,16
000000813341,CAMISA PACIFIC VISC 013031011 PMGG,69.99,16
000000813365,CAMISA PACIFIC VISC 013031003 PMGG,69.99,16
000000813372,CAMISA PACIFIC VISC 013031005 PMGG,69.99,16
000000813396,CAMISA PACIFIC VISC 013031006 PMGG LEGADO ZZZZ,69.99,16
000000791007,BERMUDA GW DRY OZN12B 12A16 MASC,49.99,16
000000738859,BERMUDA ELCHAI SARJ 2023 38A50 CARG LEGADO ZZ,99.99,16
000000773157,CALCA ELCHAI JEANS 3106 38A50 MASC,99.99,16
000000779364,BERMUDA ELCHAI SARJA 2029 38A50 MAS,99.99,16
000000782951,BERMUDA SEA SURF SARJ 9200052 CARGO marinho P,119.99,16
000000780933,CAMISETA GW DRY OZN01P G1G3 MASC,39.99,16
000000791113,CAMISETA GW DRY OZN03P G1G3 MASC,39.99,16
000000791120,CAMISETA GW DRY OZN08P G1G3 MASC,39.99,16
000000791137,CAMISETA GW DRY OZN09P G1G3 MASC,39.99,16
000000794022,CALCA NINE EIG POLIA 19070106 PMGG,119.99,16
000000794039,CALCA NINE EIG POLIA 19070109 PMGG LEGADO ZZ,119.99,16
000000794046,CALCA NINE EIG POLIA 19070114 PMGG,119.99,16
000000794053,CALCA NINE EIG POLIA 19070107 PMGG,119.99,16
000000795319,BERMUDA NINE DRY 17500359 PMGG,59.99,16
000000614979,CAMISETA LOCAL MM 29073 PMGG LEGADO ZZ,24.99,16
000000738743,CALCA ELCHAI JEANS 3210 38A50 MASC,39.99,16
000000538794,CALCA WRANGLER JEANS 1203 52A62 MAS,129.99,16
000000776011,BERMUDA DIXIE MOL 17860377 PMGG,99.99,16
000000776073,CAMISA GANGSTER MM 29081312 AD POLO,99.99,16
000000803694,CAMISA GANGSTE MM 64560261 PLUS POL,99.99,16
000000803700,CAMISA GANGSTE MM 64560264 PLUS POL,99.99,16
000000792103,CALCA DIAMETRO SARJA DIV PMGG MASC,49.99,16
000000782494,BERMUDA MAX DEN. SARJ 10892 AD ELAS,99.99,16
000000793773,CAMISETA ROVITEX MM 302578 4A8 MASC,24.99,16
000000795159,MACHAO ROVITEX MM 302542 MASC 04A10,24.99,16
000000795166,CAMISETA ROVITEX 302560 MASC MM 4A8,24.99,16
000000542906,CALCA VILEJACK SARJ LYC VMBL0015 VD,99.99,16
000000772587,CALCA VILEJACK SARJ LYC VMBL0019 PR LEGADO ZZ,99.99,16
000000794695,BERMUDA MALWEE MOL 131569 G1G5 MASC,99.99,16
000000782937,CALCA SEA SURF SARJ 9009092 38A48 M Sortida P,119.99,16
000000774260,CALCA MALWEE MOL 98613 G1G5 MASC,129.99,16
000000311274,CAMISETA MALWEE 36851 PMGXGG MASC LEGADO ZZ,4.99,16
000000302555,CAMISA GANGSTER M M 11040118 ML MAS LEGADO ZZ,4.99,16
000000175685,CAMISA M CURTA SEM BOLSO MAC GIANT LEGADO P,4.99,16
000000350327,TERNO AUTOGRAPH MICRO M506,19.99,16
000000321532,CAMISETA FATAL MM L1006 ESTAMP PMGG LEGADO ZZ,4.99,16
000000201186,CAMISETA GOLA CARECA MALWEE LEGADO P,4.99,16
000000195621,CAMISA M CURTA SEM BOLSO MAXSHOP LEGADO P,4.99,16
000000227704,CAMISETA GOLA CARECA MAXSHOP LEGADO P,4.99,16
000000260466,CAMISA M CURTA SEM BOLSO MAXSHOP LEGADO P,4.99,16
000000317801,BERMUDA GANGSTER SARJA DIV ADULTO LEGADO ZZ,9.99,16
000000217705,TERNO JHON VICENT RISCA GIZ,19.99,16
000000233330,TERNO BLACKAUT MISTO,19.99,16
000000259545,TERNO BLACKAUT ITALIANO VISCOSE TRO,19.99,16
000000204002,TERNO BLAKAUT OXFORD,19.99,16
000000222167,BLAIZER BLACKAUT OXFORD,9.99,16
000000371940,CAMISA GANGSTER ALG 15060328 PMG LEGADO ZZ,4.99,16
000000332507,CAMISA DIXIE ALG 15010449 ML MASC LEGADO ZZ,4.99,16
000000333269,CAMISETA MALWEE MALHA 39961 PMGG MA LEGADO ZZ,4.99,16
000000349369,BERMUDA ROWER S SARJA 55000 38A48 B LEGADO ZZ,4.99,16
000000367547,CAMISETA MALWEE MALHA 46974 PMG MAS LEGADO ZZ,4.99,16
000000319645,CAMISA GIARDINO GRAVATA M LONGA LEGADO ZZ,4.99,16
000000210942,CAMISETA CASUAL MAXSHOP LEGADO LEGADO,4.99,16
000000286428,CAMISETA GOLA CARECA MALWEE LEGADO P,4.99,16
000000338103,SHORT BROKEN SARJA 140002 0003 PMG LEGADO ZZ,4.99,16
000000349345,CALCA ROWER S LYCRA 2312 38A48 LEGADO ZZ,4.99,16
000000345880,CALCA MURANO JEANS 8578 MASC LEGADO ZZ,4.99,16
000000353168,CALCA GANGSTER JEANS 19021637 AD LEGADO ZZ,4.99,16
000000293983,CAMISA POLO SEM BOLSO MAXSHOP LEGADO P,4.99,16
000000400275,CALCA MAX DENIM LYCRA 1946 36A48 MA LEGADO ZZ,4.99,16
000000361569,CAMISA CRUZEIRO PMGG FUTEBOL LEGADO ZZ,4.99,16
000000375429,CAMISETA S URBAM MICRO 20366 PMG MA LEGADO ZZ,4.99,16
000000408660,CALCA Q ESTILO 1005921 JEANS MASC LEGADO ZZ,4.99,16
000000410731,CAMISETA RESERVA MM LD LEGADO ZZ,4.99,16
000000351324,CALCA KCZ JEANS MASCULINA AD LEGADO ZZ,9.99,16
000000376631,CALCA MURANO LYCRA DIV 36A48 MASC LEGADO ZZ,9.99,16
000000377065,CAMISA MX72 PA 1259 PMGG FILT M L LEGADO ZZ,9.99,16
000000443821,CAMISA MX72 PA 16158 PMGGG ML FIT LEGADO ZZ,9.99,16
000000436083,BERMUDA GANGSTER SARJA 17490001 MAS,9.99,16
000000436687,CAMISETA GANGSTER MM 11540061 MASC LEGADO ZZ,9.99,16
000000419116,CALCA K-DU LYCRA 11031 36A50 MASC,4.99,16
000000420730,CAMISA MX72 1641-47-42-48 PMGGG ML,4.99,16
000000431309,REGATA NELL ONDA MM 2988 PMGGG MASC,4.99,16
000000438711,BERMUDA MAX DENIM JEANS 10049 MASC,4.99,16
000000441186,CAMISETA LOCAL MM 18400 PMGGG LONGA,4.99,16
000000443296,CAMISETA FATAL MM 12430 PMGGG,4.99,16
000000443593,BERMUDA FATAL SARJA 7753 7481 AD,4.99,16
000000446877,BERMUDA NINETY EIGHTY 17120029 AD,4.99,16
000000451451,CAMISA VILEJACK ESTAMPADA 02A05 MC,4.99,16
000000200301,CAMISA M LONGA SEM BOLSO MAXSHOP LEGADO P,4.99,16
000000345491,BERMUDA Q DE ESTILO 443021 COLOR MA LEGADO ZZ,4.99,16
000000355711,BERMUDA STYLLE JEANS DIV 36A46 MASC LEGADO ZZ,4.99,16
000000418430,CALCA CONSCIENC LYCRA 12060 MASC LEGADO ZZ,4.99,16
000000418461,CALCA CONSCIENC LYCRA 11172 MASC LEGADO ZZ,4.99,16
000000260510,CAMISETA MOMENTUS MM DIV PMG GG,4.99,16
000000384810,CAMISETA LOCAL MM 18247 PMGGG GOLAV,4.99,16
000000396585,BERMUDA KAUAN BRIM MGGGEG XADREZ,4.99,16
000000405263,CAMISA GANGSTER ALGODAO 15010725,4.99,16
000000412124,CALCA QUESTAO ESTILO JEANS DIV MASC,4.99,16
000000412247,BERMUDA VILEJACK SARJA BS DIVERSAS,4.99,16
000000413732,CAMISETA TIGS MM DIVERSOS PMGG ML,4.99,16
000000413749,CAMISETA TIGS MM DIVERSOS G1G2G3 ML,4.99,16
000000414784,CALCA DIXIE SARJA 19010142 MASC,4.99,16
000000414791,CALCA DIXIE JEANS 19030359 MASC,4.99,16
000000416788,CAMISETA HAVOK MM 20402023 PMG,4.99,16
000000416849,CAMISETA HAVOK MM 20401029 PMG,4.99,16
000000416863,CAMISETA HAVOK MM 20401098 PMG,4.99,16
000000419109,CALCA KADORY LYCRA 11031 36A46 FEM,4.99,16
000000420594,CAMISA MX72 MICRO 1628 ML POA,4.99,16
000000420808,CAMISA MX72 1611-1613-1612 PMGGG MC,4.99,16
000000424233,CALCA MAX DENIM LYCRA 10020 36A48 M,4.99,16
000000431286,CAMISA NELL ONDA MM 2984 PMGGG MASC,4.99,16
000000433709,CALCA BIOTIPO JEANS 19247 MASC,4.99,16
000000435253,BERMUDA MURANO JEANS 6442 MASC,4.99,16
000000435895,CAMISETA DIXIE MM 11540022 PMGGG,4.99,16
000000436281,CAMISA GANGSTER 15010759 MC,4.99,16
000000436298,CAMISA GANGSTER JEANS 15130013 MC,4.99,16
000000436694,CAMISETA GANGSTER MM 11540053 MASC,4.99,16
000000438599,CALCA MAX DENIM JEANS 10065 36A48 M,4.99,16
000000438636,CALCA MAX DENIM JEANS 10084 36A48 M,4.99,16
000000438698,BERMUDA MAX DENIM JEANS 10035 MASC,4.99,16
000000438704,BERMUDA MAX DENIM JEANS 10042 MASC,4.99,16
000000441179,CAMISETA LOCAL MM 18390 PMGGG LONGA,4.99,16
000000441506,REGATA LOCAL MM 19065 PMGGG LONGA,4.99,16
000000443272,CAMISETA FATAL MM 14025 PMGGG,4.99,16
000000443302,CAMISETA FATAL MM 12688 PMGGG,4.99,16
000000443555,BERMUDA FATAL MOLETON 9923 PMGGG,4.99,16
000000443562,BERMUDA FATAL MOLETON 7703 PMGG,4.99,16
000000443609,BERMUDA FATAL MOLETON 9747 10A16,4.99,16
000000444248,CALCA BIOTIPO JEANS LYCRA 19775 MAS,4.99,16
000000445597,CAMISA MOMENTUS MM 54212 PMG POLO,4.99,16
000000447034,CAMISETA OVER CORE MM 10017514 AD,4.99,16
000000450621,REGATA TIFA MM MM1551 PMGGG,4.99,16
000000346078,CAMISA AGA PA ADULTO 06 10 LEGADO ZZ,4.99,16
000000389419,CAMISA MX72 F50 1339 PMGG MASC LEGADO ZZ,4.99,16
000000397537,BERMUDA SEA SURF 1000250 BRIM M CIN LEGADO ZZ,4.99,16
000000410328,CALCA BIOTIPO JEANS 18480 36A46 MAS LEGADO ZZ,4.99,16
000000411653,CAMISETA MMT 510931 MASC LEGADO ZZ,4.99,16
000000412490,CALCA MAX DENIM JEANS 1975 MASC LEGADO ZZ,4.99,16
000000420549,CAMISA MX72 MICRO 1646-50-25-24 PMG LEGADO ZZ,4.99,16
000000422574,CALCA MOKKAI LYCRA 85018 36A46 MASC LEGADO ZZ,4.99,16
000000424196,CALCA MAX DENIM LYCRA 10011 36A48 M LEGADO ZZ,4.99,16
000000426503,CAMISA LF PIQUET 004 PMGGG POLO LEGADO ZZ,4.99,16
000000434317,CAMISETA OVER CORE MM 11190143 MASC LEGADO ZZ,4.99,16
000000434324,CAMISETA OVER CORE MM 11190129 MASC LEGADO ZZ,4.99,16
000000435901,CAMISETA DIXIE MM 11540009 PMGGG LEGADO ZZ,4.99,16
000000436465,CALCA GANGSTER JEANS 19022489 MASC LEGADO ZZ,4.99,16
000000436618,CAMISETA GANGSTER MM 31500005 MASC LEGADO ZZ,4.99,16
000000438735,BERMUDA MAX DENIM JEANS 10044 MASC LEGADO ZZ,4.99,16
000000443586,BERMUDA FATAL SARJA 7461 PMGG LEGADO ZZ,4.99,16
000000444538,BERMUDA VIA BEACH MICRO 028 029 032 LEGADO ZZ,4.99,16
000000486385,CALCA MOKKAI JEANS 83054 SKINY MASC,14.99,16
000000463140,CALCA AMUAGE JEANS 19194 MASC 36A44 LEGADO ZZ,9.99,16
000000475419,TERNO VILEJACK OXFORD MASC AD PRETO,29.99,16
000000463157,CALCA AMUAGE JEANS 19192 MASC 36A44 LEGADO ZZ,9.99,16
000000463362,CAMISA MX72 JEANS 17170 ML TM ESPEC LEGADO ZZ,14.99,16
000000464123,CALCA K-DU LYCRA 3007-2 SPORT FINO LEGADO ZZ,9.99,16
000000377621,CALCA VILEJACK JEANS 50A62 MASC DIV,9.99,16
000000381819,BERMUDA KAUAN JEANS ELAST PMGGXG,9.99,16
000000468268,CALCA BIOTIPO JEANS LYCRA 20540 MAS,14.99,16
000000468275,CALCA BIOTIPO JEANS LYCRA 20764 MAS,14.99,16
000000477512,CALCA LOCAL SARJA LYC 30708 PRETO,14.99,16
000000477543,CALCA LOCAL LYCRA 30202 AD MASC,9.99,16
000000477581,CALCA LOCAL LYCRA 30058 AD MASC,14.99,16
000000480178,CAMISETA OVER CORE MM 51240026 G1G2 LEGADO ZZ,9.99,16
000000361644,CALCA VILEJACK JEANS CL107 101 104M,9.99,16
000000366014,CALCA VILEJACK SARJA AZUL MASC AD,9.99,16
000000459914,CALCA MAX DENIM SARJA COLOR DIVERSA,9.99,16
000000459952,BERMUDA MAX DENIM SARJA MASC DIVER,9.99,16
000000461900,CALCA BIOTIPO 20326 MAS SKINY 36A46,9.99,16
000000461917,CALCA BIOTIPO 20367 MAS SKINY 36A46,9.99,16
000000461924,CALCA BIOTIPO 20470 MAS SKINY 36A46,9.99,16
000000464093,CALCA K-DU PU 290 291 SOCIAL MASC,9.99,16
000000464710,CALCA MURANO LYCRA DIVERSAS MASC AD,9.99,16
000000471916,CALCA JEZZIAN JEANS TAL PAI MASC AD,9.99,16
000000477154,CAMISETA LOCAL MM 11089 PMGG MASC,9.99,16
000000477550,CALCA LOCAL LYCRA 30141 AD MASC,9.99,16
000000477567,CALCA LOCAL LYCRA 30194 AD MASC,9.99,16
000000485395,CALCA JEZZIAN JEANS 38A46 RASGADA M,9.99,16
000000491006,CALCA Q DE ESTILO 10960 LYCRA MASC,9.99,16
000000462778,CAMISETA DIXIE MM 11320002 MC MASC,9.99,16
000000471893,CALCA JEZZIAN TECIDO FINO COLLOR MA,9.99,16
000000474337,REGATA LOCAL MM 19514 PMGG LONG,9.99,16
000000377614,CALCA VILEJACK SARJA SPORT FINO MAS,9.99,16
000000395649,CAMISA MX72 17143 51 PA M LONGA FIT LEGADO ZZ,9.99,16
000000443623,CAMISA FATAL ALGODAO DIVERSAS PMGG LEGADO ZZ,9.99,16
000000459242,CAMISETA LOCAL MALHA 18561 PMGG LEGADO ZZ,9.99,16
000000462976,CALCA QUESTAO ESTILO JEANS 10521 MA LEGADO ZZ,9.99,16
000000463461,CALCA MOKAY LYCRA 85069 MASC SLIM LEGADO ZZ,9.99,16
000000463492,CALCA MOKAY LYCRA 83027 MASC SKINNY LEGADO ZZ,9.99,16
000000464598,CAMISETA GANGSTER MM 11540119 128 A LEGADO ZZ,9.99,16
000000480925,CALCA QUESTAO ESTILO JEANS 11622 MA LEGADO ZZ,9.99,16
000000236089,REGATA GANGSTER M M PMGGG DIVERSAS,9.99,16
000000434621,SHORT OVER CORE TACTEL 68110040 MAS,9.99,16
000000436632,CAMISETA GANGSTER MM 31500006 MASC,9.99,16
000000438797,CAMISA ARMANELLI TRI 1734 ML LISA,9.99,16
000000443791,CAMISA MX72 DIVERSAS ML F50 FIT,9.99,16
000000444217,BERMUDA Q ESTILO SARJA 10470 BRANCA,9.99,16
000000451994,CAMISA FATAL MM F0104 POLO ESTP AD,9.99,16
000000452458,BERMUDA MAX DENIM LYC MASC DIV SALD,9.99,16
000000452502,CAMISA VILEJACK MALHA POLO ESTAMPAD,9.99,16
000000457507,CAMISA ARMANELLY 1771 72 MC C BOLSO,9.99,16
000000457514,CAMISA ARMANELLY CHAMB 1759 2523 ML,9.99,16
000000458368,CALCA FOX LYCRA DIVERSAS MASCULINA,9.99,16
000000459945,BERMUDA MAX DENIM LYCRA MASC DIVER,9.99,16
000000461481,BERMUDA FATAL SARJA 025A1 MASC AD,9.99,16
000000461948,BERMUDA VILEJACK SARJA SPORT FINO,9.99,16
000000462891,CAMISA MILANO JEANS DIVERSAS ML,9.99,16
000000464529,CAMISETA GANGSTER MM 111900308 AD M,9.99,16
000000473835,BEMUDA AMUAGE JEANS 19348 38A46,9.99,16
000000473934,CALCA AMUAGE JEANS 19455 38A46,9.99,16
000000474276,CAMISA LOCAL PIQUET 26533 G1G2G3 PO,9.99,16
000000475211,CAMISETA LOCAL MICRO 18720 FITNESS,9.99,16
000000475358,CAMISA MX72 MICRO 17112 17115 MC AD,9.99,16
000000476218,CAMISETA DIXIE MM 11240265 AD MASC,9.99,16
000000476522,CAMISETA DIXIE MM 11240192 AD MASC,9.99,16
000000477345,BERMUDA LOCAL SARJA LYC 32022 CHUMB,9.99,16
000000477369,BERMUDA LOCAL MOLETON 60580 AD MASC,9.99,16
000000477635,BERMUDA LOCAL SARJA 32015 C CINTO,9.99,16
000000479691,CAMISETA GANGSTER MM ESPECIAL BASIC,9.99,16
000000481984,CALCA K-DU SARJA 1015 PREGA MASC,9.99,16
000000482875,BERMUDA JEZZIAN JEANS STREET MASC R,9.99,16
000000485678,BERMUDA PERUSIM LYCRA MASC DIVERSAS,9.99,16
000000485685,BERMUDA PERUSIM SARJA MASC COLOR DI,9.99,16
000000490993,BERMUDA MURANO LYCRA DIVERSAS MASC,9.99,16
000000407007,CAMISA MX72 ELASTANO 1434 PMGGG ML LEGADO ZZ,9.99,16
000000443814,CAMISA MX72 17148 17160 F40 M LONGA LEGADO ZZ,9.99,16
000000458306,BERMUDA LOCAL SARJA DIV C CINTO MAS LEGADO ZZ,9.99,16
000000458313,BERMUDA LOCAL LYCRA DIV C CINTO MAS LEGADO ZZ,9.99,16
000000459303,CAMISETA LOCAL MALHA 18505 PMG LONG LEGADO ZZ,9.99,16
000000461566,CAMISETA FATAL MM 15108 MASC AD LEGADO ZZ,9.99,16
000000476164,CAMISA DIXIE MM 29080040 AD POLO LEGADO ZZ,9.99,16
000000479325,CAMISETA GANGSTER MM 11560030 PMGG LEGADO ZZ,9.99,16
000000479394,CAMISETA GANGSTER MM 11560035 PMGG LEGADO ZZ,9.99,16
000000449298,REGATA FATAL MM 13693 PMGGG,4.99,16
000000464444,CAMISETA OVER CORE MM DIVERSAS MAS,4.99,16
000000473422,CAMISETA MOMENTUS MM 58460 AD MASC,4.99,16
000000473477,CAMISETA MOMENTUS MM 58455 AD MASC,4.99,16
000000475303,REGATA LOCAL MICRO 19535 FITNESS,4.99,16
000000441285,CAMISA LOCAL PIQUET 22581 PMGGG POL LEGADO ZZ,4.99,16
000000448260,CAMISETA FATAL 12515 ESPECIAL LEGADO ZZ,4.99,16
000000459341,CAMISETA LOCAL MALHA 18506 PMG LONG LEGADO ZZ,4.99,16
000000474191,CAMISETA LOCAL MM 11095 PMGG MASC LEGADO ZZ,4.99,16
000000479929,CAMISETA OVER CORE MM 11240213 AD M LEGADO ZZ,4.99,16
000000484145,CALCA KDU JEANS 36A56 SALDO LEGADO ZZ,4.99,16
000000317597,CAMISETA GANGSTER MM G1G2G3 DIVERSA,4.99,16
000000321846,CAMISETA FATAL MM F0079 ESTAP XXGG,4.99,16
000000384827,CAMISETA LOCAL MM 18248 G RED PMGGG,4.99,16
000000384926,CAMISA LOCAL PIQUET 22534 POLO MASC,4.99,16
000000413497,CAMISA VLC ALG CVLC125 ML,4.99,16
000000434638,SHORT OVER CORE TACTEL 68110038 MAS,4.99,16
000000443234,CAMISETA FATAL MM 13998 PMGGG,4.99,16
000000443388,CAMISA FATAL MM 13440 PMGGG POLO,4.99,16
000000455800,BERMUDA FURIA DO MAR TACTEL 4C 030,4.99,16
000000455817,BERMUDA FURIA DO MAR TACTEL 4C 017,4.99,16
000000457521,CAMISA ARMANELLY PIQUET POLO DIVERS,4.99,16
000000459037,CAMISETA LOCAL MICRO 18611 PMGG AD,4.99,16
000000459167,CAMISETA LOCAL MALHA 11074 PMGG,4.99,16
000000461672,CAMISA VILEJACK PIQUET POLO LISA AD,4.99,16
000000466981,CAMISETA ELEMENTO ZERO MM DIVERS AD,4.99,16
000000470391,CAMISA LICENCIADA DIVERSAS POLO AD,4.99,16
000000472630,CAMISA BLACKWEST MM DIVERSAS POLO,4.99,16
000000473361,CAMISETA MOMENTUS MM 58465 AD MASC,4.99,16
000000473439,CAMISETA MOMENTUS MM 58453 AD MASC,4.99,16
000000473446,CAMISETA MOMENTUS MM 58487 AD MASC,4.99,16
000000473514,CAMISETA MOMENTUS VISCO 58446 AD MA,4.99,16
000000473576,CAMISETA MOMENTUS MM 62022 G1G2G3,4.99,16
000000474184,CAMISETA LOCAL MM 11082 PMGG MASC,4.99,16
000000474436,REGATA NELL ONDA MM 3289 PMGG,4.99,16
000000474610,CAMISA NELL ONDA MM 3281 PMGG,4.99,16
000000475242,REGATA LOCAL MICRO 19146 FITNESS,4.99,16
000000476393,CAMISETA DIXIE MM 11190477 AD MASC,4.99,16
000000477932,BERMUDA BONINA MICRO 6001 PMGG,4.99,16
000000477949,BERMUDA BONINA MICRO 10026 PMG LASE,4.99,16
000000479738,CAMISETA OVER CORE MM 10017734 AD M,4.99,16
000000479974,CAMISETA OVER CORE MM 11190367 AD M,4.99,16
000000479981,CAMISETA OVER CORE MM 11190512 AD M,4.99,16
000000480017,CAMISETA OVER CORE MM 11190576 AD M,4.99,16
000000480215,CAMISETA OVER CORE MM 50010684 G1G2,4.99,16
000000485425,BERMUDA ADITIVE MOLETON MASC AD,4.99,16
000000308519,CAMISETA FATAL MM F0103 ESTAMP P3 LEGADO ZZ,4.99,16
000000413503,CAMISA VLC ALG CVLC149 ML LEGADO ZZ,4.99,16
000000430296,CALCA MAX DENIM LYCRA 10066 MASC LEGADO ZZ,4.99,16
000000434539,REGATA OVER CORE MM 53140005 FET LEGADO ZZ,4.99,16
000000441100,CAMISETA LOCAL MM 18436 PMGGG MASC LEGADO ZZ,4.99,16
000000441476,REGATA LOCAL MM 19099 PMGGG LONGA LEGADO ZZ,4.99,16
000000443258,CAMISETA FATAL MM 13945 PMGGG LEGADO ZZ,4.99,16
000000443395,CAMISA FATAL MM 14064 PMGGG POLO LEGADO ZZ,4.99,16
000000443753,CAMISA MX72 PA 16151 PMGGG REVEILON LEGADO ZZ,4.99,16
000000443784,CAMISA MX72 JEANS 16131-32 PMG MC LEGADO ZZ,4.99,16
000000445429,CAMISETA MOMENTUS MM 58413 PMGG LEGADO ZZ,4.99,16
000000445559,CAMISETA MOMENTUS MM 61023 G1G2 FET LEGADO ZZ,4.99,16
000000446730,CAMISETA NINETY EIGHTY 10070030 AD LEGADO ZZ,4.99,16
000000446952,REGATA OVER CORE MM 13390047 AD LEGADO ZZ,4.99,16
000000450683,BERMUDA ROVITEX BRIM LJ441 LEGADO ZZ,4.99,16
000000454032,BERMUDA NINE EIGHT 17370001 MASC LEGADO ZZ,4.99,16
000000455794,CAMISETA HABANA MM PMGGG VARIADAS LEGADO ZZ,4.99,16
000000456081,CAMISETA NINE EIGHT MICRO 11420006 LEGADO ZZ,4.99,16
000000456500,BERMUDA VILEJACK JEANS MASC SALDO LEGADO ZZ,4.99,16
000000459297,CAMISETA LOCAL MALHA 18549 PMG LONG LEGADO ZZ,4.99,16
000000459334,CAMISETA LOCAL MALHA 18541 PMG LONG LEGADO ZZ,4.99,16
000000464024,CALCA QUESTAO ESTILO SARJA 10843 MA LEGADO ZZ,4.99,16
000000464451,CAMISETA OVER CORE MM 11190319 354 LEGADO ZZ,4.99,16
000000473484,CAMISETA MOMENTUS MM 58458 AD MASC LEGADO ZZ,4.99,16
000000473699,REGATA MOMENTUS MM 58477 PMGG MASC LEGADO ZZ,4.99,16
000000476188,CAMISETA DIXIE MM 11190376 AD MAS LEGADO ZZ,4.99,16
000000476201,CAMISETA DIXIE MM 11240197 AD MASC LEGADO ZZ,4.99,16
000000477000,CAMISA LOCAL MM 18688 LONG PMG LEGADO ZZ,4.99,16
000000477147,CAMISETA LOCAL MM 11094 PMGG MASC LEGADO ZZ,4.99,16
000000479493,CAMISETA OVER CORE MM 10017648 AD M LEGADO ZZ,4.99,16
000000479530,REGATA GANGSTER M M 53050026 G1G2G3 LEGADO ZZ,4.99,16
000000479707,REGATA GANGSTER MM ESPECIAL BASICA LEGADO ZZ,4.99,16
000000479769,CAMISETA OVER CORE MM 10017791 AD M LEGADO ZZ,4.99,16
000000479912,CAMISETA OVER CORE MM 11190586 AD M LEGADO ZZ,4.99,16
000000480048,CAMISETA OVER CORE MM 11240169 AD M LEGADO ZZ,4.99,16
000000480086,CAMISETA OVER CORE MM 11190368 AD M LEGADO ZZ,4.99,16
000000480130,CAMISETA OVER CORE MM 51180087 G1G2 LEGADO ZZ,4.99,16
000000504324,CAMISA MX72 JEANS 18070 ML 5-8 MASC,19.99,16
000000507646,CALCA DIXIE LYCRA 19370551 38A48,14.99,16
000000477222,TERNO VILEJACK OXFORD MAS RISCO GIZ LEGADO ZZ,24.99,16
000000477574,CALCA LOCAL LYCRA 30059 AD MASC,14.99,16
000000480604,CALCA NINE EIGHT TACTEL 19290017 AD,9.99,16
000000480802,BERMUDA OVER CORE TELA 17930047 AD,9.99,16
000000501644,CALCA LOCAL LYCRA 30223 MASC AD,14.99,16
000000501651,CALCA LOCAL LYCRA 30234 MASC AD,14.99,16
000000501699,CALCA LOCAL LYCRA 30242 MASC AD,14.99,16
000000501705,CALCA LOCAL LYCRA 33007 MASC AD,14.99,16
000000505079,CALCA BIOTIPO LYCRA 22183 MASC AD,14.99,16
000000505093,CALCA BIOTIPO LYCRA 22176 MASC AD,14.99,16
000000505109,CALCA BIOTIPO LYCRA 22178 MASC AD,14.99,16
000000505680,CALCA AMUAGEN JEANS 19758 38A48 MAS,14.99,16
000000510776,CALCA REDHILL SARJA 1036 MAS COLOR,14.99,16
000000513173,CALCA DYJORIS LYCRA DIVERSAS MASC,9.99,16
000000515931,BERMUDA VILEJACK SARJA PETROLEO COR,14.99,16
000000484343,CAMISA ARMANELLI TRIC 1635 ML 5-6 G Sortida LEGADO,14.99,16
000000504300,CAMISA MX72 MIXTO 18066 ML 5-8 MASC LEGADO ZZ,9.99,16
000000512978,CALCA VILEJACK SARJA LYCRA CARAMELO LEGADO ZZ,14.99,16
000000512985,CALCA VILEJACK SARJA LYCRA VINHO MA LEGADO ZZ,14.99,16
000000516242,CAMISA MX72 JACQUARD 18762 ML CAVEI LEGADO ZZ,9.99,16
000000457491,CAMISA ARMANELLY 1762 63 ML C BOLSO,9.99,16
000000477291,BERMUDA LOCAL SARJA 31023 AREIA MAS,9.99,16
000000480628,SHORT NINE EIGHT TACTEL 68110005 AD,4.99,16
000000491068,CALCA Q DE ESTILO 1075722 MASC AD,9.99,16
000000497879,CAMISETA ROVITEX MALHA 601384 PMG M,9.99,16
000000499194,CALCA QUESTAO ESTILO LYCRA 10753 MA,9.99,16
000000499224,CALCA QUESTAO ESTILO 10460 MASC AD,9.99,16
000000501668,CALCA LOCAL LYCRA 30237 MASC AD,9.99,16
000000505345,BERMUDA KADORY LYCRA 3934 DIV MASC,9.99,16
000000505383,CALCA BUSSY LYCRA DIVERSAS MASC AD,9.99,16
000000505567,CAMISA POLO MM DIVERSAS PMG POLO,9.99,16
000000505666,CALCA AMUAGEN SARJA 19480 38A48 MAS,9.99,16
000000505697,CALCA AMUAGEN SARJA 19776 38A48 MAS,9.99,16
000000505819,CALCA JEZZIAN LYCRA 143792 PRETA MA,9.99,16
000000516129,CALCA VILEJACK LYCRA CL001 2 3 4 6,9.99,16
000000516525,CALCA VILEJACK SARJA SPORT W CAFE,9.99,16
000000522243,BERMUDA NINE EIGHT MICRO 68110014,9.99,16
000000438780,CAMISA ARMANELLI TRI 1735 ML ESTAMP LEGADO ZZ,9.99,16
000000489539,CAMISA MX72 MIXTO 17337 ESTAMP MC LEGADO ZZ,9.99,16
000000489584,CAMISA MX72 FIO50 17357 GRAVATA ML LEGADO ZZ,9.99,16
000000491075,CALCA Q DE ESTILO 10754 MASC AD LEGADO ZZ,9.99,16
000000503846,CAMISA MX72 MIXTO 18001 MC AD LEGADO ZZ,9.99,16
000000503976,CAMISA MX72 MIXTO 18023 ML AD LEGADO ZZ,9.99,16
000000504164,CAMISA MX72 FIO50 18057 ML AD LEGADO ZZ,9.99,16
000000504171,CAMISA MX72 ELAST 18047 FIT SLIM ML LEGADO ZZ,9.99,16
000000504317,CAMISA MX72 ELAST 18065 ML 5-8 MASC LEGADO ZZ,9.99,16
000000511377,CALCA PARADOX LYCRA 2359 36A48 MASC LEGADO ZZ,9.99,16
000000511407,CALCA PARADOX LYCRA 3283 36A48 MASC LEGADO ZZ,9.99,16
000000515948,BERMUDA VILEJACK SARJA VERDE MUSGO LEGADO ZZ,9.99,16
000000516075,CAMISA MX72 MISTO 18771 LISA 5A8 ML LEGADO ZZ,9.99,16
000000516228,CAMISA MX72 FLAME 18757 ML FIT PMGG LEGADO ZZ,9.99,16
000000516280,CAMISA MX72 MAQUINETADA 18747 ML AD LEGADO ZZ,9.99,16
000000516433,CAMISA MX72 FLAME 18717 MC FIT ABAC LEGADO ZZ,9.99,16
000000520041,CAMISETA NICOBOCO MM 106067 G1G2G3 LEGADO ZZ,9.99,16
000000419055,CALCA KADORY JEANS LYCRA DIVER MASC,9.99,16
000000433716,CAMISA VILEJACK MM 166P207 POLO,9.99,16
000000460873,CAMISA TRICKNICK MALHA L645 04A14,9.99,16
000000464116,CALCA K-DU BRIM 1045 SPORT FINO MA,9.99,16
000000488143,BERMUDA VILEJACK BRIM BS024 DIV COR,9.99,16
000000489591,CAMISA MX72 FIT JEANS 17343 LIST MC,9.99,16
000000502436,CAMISETA LOCAL MM 13574 MASC PMG,9.99,16
000000505321,BERMUDA K-DU SARJA 7193 ELASTICO MA,9.99,16
000000512916,BERMUDA MACAWUS NYLON MASC 36A44,9.99,16
000000513005,CAMISA DRAZZO DIVERSAS POLO AD,9.99,16
000000520164,CAMISETA NICOBOCO MM 14409 PMG BAS,9.99,16
000000481991,CALCA K-DU SARJA 3024 MASC LEGADO ZZ,9.99,16
000000484329,CAMISA ARMANELLI TRIC 1634 ML 5-6 LEGADO ZZ,9.99,16
000000484336,CAMISA ARMANELLI TRIC 1634 ML 7-8 LEGADO ZZ,9.99,16
000000484435,CAMISA ARMANELLI TRIC 1647 MC 5-6 S LEGADO ZZ,9.99,16
000000484459,CAMISA ARMANELLI TRIC 1647 MC 9-10 LEGADO ZZ,9.99,16
000000489416,CAMISA MX72 FLAME 17365 AD ML LEGADO ZZ,9.99,16
000000489485,CAMISA MX72 MIXTO 17384 BRANCA ML LEGADO ZZ,9.99,16
000000489607,CAMISA MX72 F50 17372 MAQUINETADO LEGADO ZZ,9.99,16
000000489621,CAMISA MX72 17371 ROCK MAQUINETADO LEGADO ZZ,9.99,16
000000489638,CAMISA MX72 F50 17369 ROCK PONT ML LEGADO ZZ,9.99,16
000000500043,CAMISETA GANGSTER MM 11240322 MC AD Sortida P,9.99,16
000000500067,CAMISETA GANGSTER MM 11540244 MC AD LEGADO ZZ,9.99,16
000000502344,CAMISETA LOCAL MM 13578 MASC PMG LEGADO ZZ,9.99,16
000000516082,CAMISA MX72 CREPE 18772 LISA 5A8 ML LEGADO ZZ,9.99,16
000000516365,CAMISA MX72 MAQUINETADO 18705 MC PM LEGADO ZZ,9.99,16
000000516426,CAMISA MX72 FLAME 18716 MC FIT PMGG LEGADO ZZ,9.99,16
000000516518,CAMISA MX72 FIO A FIO 18732 ML TRAD LEGADO ZZ,9.99,16
000000520867,CAMISETA LOCAL MM 10055 BASICA PMG LEGADO ZZ,9.99,16
000000502641,CAMISETA LOCAL MM 11106 MASC PMG,4.99,16
000000520171,CAMISETA NICOBOCO MM 14373 PMG BAS,4.99,16
000000520249,REGATA NICOBOCO MM 112013 PMG,4.99,16
000000505314,CALCA K-DU ALG 1052-1057 SPORT DIV,4.99,16
000000520140,CAMISETA NICOBOCO MM 106204 PMG BAS,4.99,16
000000479813,REGATA OVER CORE MM 13410022 AD MAS LEGADO ZZ,4.99,16
000000480338,REGATA OVER CORE MM 53610003 G1G2G3 LEGADO ZZ,4.99,16
000000484305,CAMISA RESERVA PIQUET G1G2G3 POLO LEGADO ZZ,4.99,16
000000489546,CAMISA MX72 JEANS 17335 JACQUARD MC LEGADO ZZ,4.99,16
000000492768,CAMISETA OVERCORE MM 70200001 AD LEGADO P,4.99,16
000000519823,CAMISETA ECKO MM E213A PMGG LEGADO ZZ,4.99,16
000000519854,CAMISETA ECKO MM E208A PMGG LEGADO ZZ,4.99,16
000000322829,REGATA FEDERAL TRADE MM MACHAO PMG,4.99,16
000000361651,CALCA VILEJACK JEANS STRIT DIV MASC,4.99,16
000000365277,CAMISA DITZ POLY DIV PROTEC M L,4.99,16
000000395717,CALCA VIA BOY 4CABOS DIV MASCULINA,4.99,16
000000431637,CAMISA MILANO ALGODAO DIVERSOS ML,4.99,16
000000434072,REGATA OVER DIVERSAS PMGGG,4.99,16
000000436830,BERMUDA VILEJACK SARJA BS009 DIVERS,4.99,16
000000448604,CAMISA RESERVA PIQUET BORDADO POLO,4.99,16
000000464079,BERMUDA K-DU SARJA 2017 MASC,4.99,16
000000475082,CAMISETA LOCAL MICRO 18646 FITNESS,4.99,16
000000479509,CAMISETA OVER CORE MM 10017722 AD M,4.99,16
000000482233,CAMISETA TIFA COTTON CO3131 PMG MAS,4.99,16
000000486415,CAMISA NAXOS MM DIVERSAS POLO MASC,4.99,16
000000496582,CAMISA SANGENARO DIVERSAS POLO PMG,4.99,16
000000502184,CAMISA MILANO ALGODAO MC COM BOLSO,4.99,16
000000502610,CAMISETA LOCAL MM 11111 MASC PMG,4.99,16
000000503389,BERMUDA VILEJACK SARJA COM COZ AD,4.99,16
000000505505,CAMISETA POLO MM 18000 BASICA PMG,4.99,16
000000505543,CAMISETA POLO MM DIVERSAS PMG,4.99,16
000000505550,CAMISETA POLO MM DIVERSAS PMG,4.99,16
000000507899,CAMISA RESERVA MM PENTEADA C BOL PL,4.99,16
000000507905,CAMISA RESERVA PIQUET SILK POLO,4.99,16
000000508872,BERMUDA VENTURY MICRO COZ ESTAMPADA,4.99,16
000000511223,BERMUDA ELIABE SARJA COLOR 36A46,4.99,16
000000512251,CALCA MACAWUS BRIM MASC ADULT SALDO,4.99,16
000000513135,BERMUDA RADICAL MOLT 3776 PMGG MASC,4.99,16
000000513265,CAMISETA CIA BASIC 801 BRANCA GOL C,4.99,16
000000518321,BERMUDA Q DE ESTILO JEANS 111352 AD,4.99,16
000000519069,CAMISETA GANGSTER ALG 10018298 PMGG,4.99,16
000000519359,REGATA GANGSTER ALG 13410055 PMGG,4.99,16
000000520843,CAMISETA LOCAL MM 10041 BASICA PMG,4.99,16
000000429214,CAMISA MATOSOS PA MC LEGADO ZZ,4.99,16
000000474443,REGATA NELL ONDA MM 3290 PMG CAPUZ LEGADO ZZ,4.99,16
000000474658,CAMISA NELL ONDA MM 3288 PMGG LEGADO ZZ,4.99,16
000000477406,REGATA LOCAL MM 19518 AD MASC LEGADO ZZ,4.99,16
000000479844,REGATA OVERCORE MM 13390055 AD MAS Sortida ZZ,4.99,16
000000480093,CAMISETA OVER CORE MM 11190563 AD M LEGADO ZZ,4.99,16
000000480796,REGATA NINE EIGHT TELA 13450022 FI LEGADO ZZ,4.99,16
000000489522,CAMISA MX72 MIXTO 17358 LISO ML AD LEGADO ZZ,4.99,16
000000491099,BERMUDA Q DE ESTILO SARJA BRANCA MA LEGADO ZZ,4.99,16
000000502580,CAMISETA LOCAL MM 18818 MASC PMG LEGADO ZZ,4.99,16
000000502603,CAMISETA LOCAL MM 11104 MASC PMG LEGADO ZZ,4.99,16
000000505864,CAMISETA GANGSTER MM 10018153 PMG LEGADO ZZ,4.99,16
000000506649,CAMISETA OVER CORE MM 50010859 G1G2 LEGADO ZZ,4.99,16
000000513258,CAMISETA CIA BASIC 801 PRETA GOLA C LEGADO ZZ,4.99,16
000000516372,CAMISA MX72 MIXTO LISO 18706 MC PMG LEGADO ZZ,4.99,16
000000519076,CAMISETA GANGSTER ALG 10018340 PMGG LEGADO ZZ,4.99,16
000000520119,CAMISETA NICOBOCO MM 106223 PMG BAS LEGADO ZZ,4.99,16
000000520157,CAMISETA NICOBOCO MM 14412 PMG BAS LEGADO ZZ,4.99,16
000000520188,CAMISETA NICOBOCO MM 106231 PMG BAS LEGADO ZZ,4.99,16
000000520256,REGATA NICOBOCO MM 112067 PMG LEGADO ZZ,4.99,16
000000520263,REGATA NICOBOCO MM 111998 PMG LEGADO ZZ,4.99,16
000000520270,REGATA NICOBOCO MM 112000 PMG LEGADO ZZ,4.99,16
000000520850,CAMISETA LOCAL MM 10045 BASICA PMG LEGADO ZZ,4.99,16
000000554299,TERNO WL OXFORD TRADICIONAL AD,49.99,16
000000535458,CAMISETA ECKO MM E537A PMGG ML,19.99,16
000000548533,CALCA TEEZZ LYCRA DIV 38A52 MASC,24.99,16
000000553568,CALCA PERUSIN SARJA 9274 BRANCA MAS,24.99,16
000000536059,CAMISA MX72 JEANS 19084 EXTRA ML,24.99,16
000000521901,CAMISA FBR MM 7826 PMG POLO LEGADO ZZ,9.99,16
000000551557,CAMISA ARMANELLI JACQ 6053 AD POLO LEGADO ZZ,9.99,16
000000426756,CALCA VILEJACK SARJA VINHO MASC AD,14.99,16
000000474764,CALCA PLAY DENIM LYCRA DIVER MASC,14.99,16
000000512954,CALCA VILEJACK SARJA LYCRA MARINHO,14.99,16
000000512992,CALCA VILEJACK SARJA LYCRA CHUMBO M,14.99,16
000000515917,BERMUDA VILEJACK SARJA CARGO PRETA,14.99,16
000000530279,CAMISETA GANGSTER MM 51040091 G3 ML,14.99,16
000000548953,CALCA MAX DENIM SARJA LYC 10609 BRA,14.99,16
000000549196,CALCA K-DU SARJA 1087 38A50 SPORT F,14.99,16
000000551182,BERMUDA LOCAL LYCRA 31663 38A46 MAS,14.99,16
000000551922,CAMISA MX72 ALG 19542 ML FIO TINTO,14.99,16
000000552028,CAMISA MX72 VISCOSE 19564 AD ML FIT,14.99,16
000000552042,CAMISA MX72 VISCOLINHO 19557 AD ML,14.99,16
000000533935,CAMISETA LOCAL MM 12130 PMGG ML,9.99,16
000000551953,CAMISA MX72 FLAME 19555 AD ML FIT,14.99,16
000000535021,CAMISA MX72 FIO50 19074 PMGG FIT ML LEGADO ZZ,14.99,16
000000536011,CAMISA MX72 FIOAFIO 19009 PMGG LEGADO ZZ,9.99,16
000000536448,CAMISA ARMANELLI LINHO 9780 AD. ML LEGADO ZZ,14.99,16
000000536462,CAMISA ARMANELLI TRICOL.9782 AD ML LEGADO ZZ,14.99,16
000000536608,CAMISA ARMANELLI PIQUET 1075 AD POL LEGADO ZZ,9.99,16
000000536677,CAMISA ARMANELLI PIQUET 6028 AD POL LEGADO ZZ,9.99,16
000000546881,REGATA GANGSTER MM 53050091 G1G4 MA LEGADO ZZ,9.99,16
000000557146,CALCA BIOTIPO LYCR 24024 36A46 MASC LEGADO ZZ,14.99,16
000000536479,CAMISA ARMANELLI TRICOL.9789 AD ML LEGADO ZZ,14.99,16
000000402552,CALCA K-DU SARJA 1038 SPORT FINO MA,9.99,16
000000419048,CALCA K-DU SARJA 1041-1042 SPORT FI,9.99,16
000000436816,CALCA SCANNER SARJA B002 VINH SLIN,9.99,16
000000437936,CALCA FOCUS JEANS DIVER MASC BASICA,9.99,16
000000521499,CALCA K-DU SARJA 1011-09 MASC AD,9.99,16
000000523219,CALCA LOCAL JEANS 30401 30458 MASC,9.99,16
000000529167,CAMISETA OVERCORE MM 50020024 G1G3,9.99,16
000000529358,CAMISETA DIXIE MM 11290015 PMGG ML,9.99,16
000000530385,CALCA MAX DENIM SARJA 10492 36A48 M,9.99,16
000000531191,CALCA AIZONE LYCRA 36A48 BLACK MASC,9.99,16
000000534192,CALCA LOCAL JEANS 30228 38A46 MASC,9.99,16
000000534222,CALCA LOCAL JEANS 30633 38A46 MASC,9.99,16
000000535991,CAMISA MX72 FIO50 19029 PMGG ML,9.99,16
000000536042,CAMISA MX72 MISTO 19014 PMGG FIT,9.99,16
000000536066,CAMISA MX72 FIO TINTO 19081 EXTR ML,9.99,16
000000546584,BERMUDA NINE EIGH DRY 57280010 G1G4,9.99,16
000000546621,SHORT NINE EIG NEOPRENE 17860046 AD,9.99,16
000000547093,CAMISETA DIXIE MM 11280139 PMGG,9.99,16
000000548977,CALCA MAX DENIM SARJA LYC 10610 PRE,9.99,16
000000549080,CALCA JEZZIAN LYCRA DIV 38A48 MASC,9.99,16
000000549189,CALCA K-DU LYCRA DIV 36A52 MASC SAL,9.99,16
000000550536,BERMUDA AMUAGEM SARJA 20975 38A46 M,9.99,16
000000552080,CAMISA MX72 MISTO 19569 EXTRA MC,9.99,16
000000554664,CAMISA ARMANELLI TRIC 9836 PMGG MC,9.99,16
000000530354,CALCA MAX DENIM LYCRA 10567 36A48 M LEGADO ZZ,9.99,16
000000531177,CALCA AIZONE LYCRA 36A48 BLUE MASC LEGADO ZZ,9.99,16
000000534680,CAMISETA DIXIE ALG 11240550 PMGG LEGADO ZZ,9.99,16
000000534697,CAMISETA DIXIE ALG 11240558 PMGG LEGADO ZZ,9.99,16
000000534703,CAMISETA DIXIE ALG 11240626 PMGG LEGADO ZZ,9.99,16
000000534741,CAMISETA DIXIE ALG 11240624 PMGG LEGADO ZZ,9.99,16
000000534956,CAMISA MX72 MISTO 19059 PMGG FIT ML LEGADO ZZ,9.99,16
000000534963,CAMISA MX72 MISTO 19038 PMGG FIT ML LEGADO ZZ,9.99,16
000000534987,CAMISA MX72 SARJA 19076 PMGG FIT ML LEGADO ZZ,9.99,16
000000535007,CAMISA MX72 CAMBRAIA 19036 PMGG ML LEGADO ZZ,9.99,16
000000535090,CAMISA MX72 MESCLA 19058 PMGG ML LEGADO ZZ,9.99,16
000000535113,CAMISA MX72 CAMBRAIA 19075 PMGG ML LEGADO ZZ,9.99,16
000000535120,CAMISA MX72 JACQUARD 19071 PMGG ML LEGADO ZZ,9.99,16
000000535830,CAMISA MX72 CAMBRAIA 19015 PMGG FIT LEGADO ZZ,9.99,16
000000535915,CAMISA MX72 FLAME MISTO 19027 AD ML LEGADO ZZ,9.99,16
000000536004,CAMISA MX72 FIO50 19005 PMGG LEGADO ZZ,9.99,16
000000536424,CAMISA ARMANELLI LINHO 9779 PMGG LEGADO ZZ,9.99,16
000000536431,CAMISA ARMANELLI LINHO 9778 AD. ML LEGADO ZZ,9.99,16
000000536516,CAMISA ARMANELLI TRICOL.9788 AD ML LEGADO ZZ,9.99,16
000000536592,CAMISA ARMANELLI TRICOLINE 9737 AD LEGADO ZZ,9.99,16
000000547338,CAMISETA GANGSTER MM 11240863 PMGG LEGADO ZZ,9.99,16
000000551038,CAMISA MILANO FLAME 11016 PMGG MC LEGADO ZZ,9.99,16
000000551069,CAMISA MILANO LINHO 1986 PMGG BATA LEGADO ZZ,9.99,16
000000551861,CAMISA MX72 MAQUINET 19539 ML COMPO LEGADO ZZ,9.99,16
000000551939,CAMISA MX72 MAQUINET 19558 ML FIT LEGADO ZZ,9.99,16
000000552011,CAMISA MX72 CAMBRAIA 19565 AD ML FI LEGADO ZZ,9.99,16
000000552059,CAMISA MX72 CAMBRAIA 19548 AD ML FI LEGADO ZZ,9.99,16
000000552219,CAMISA MX72 F TINTO 19517 AD FIT MC LEGADO ZZ,9.99,16
000000552295,CAMISA MX72 VISCOSE 19533 AD FIT MC LEGADO ZZ,9.99,16
000000536080,CAMISA MX72 FIOAFIO 19089 EXTRA ML LEGADO ZZ,9.99,16
000000433525,CALCA,9.99,16
000000514378,BERMUDA VILEJACK SARJA SPORT MARRON,9.99,16
000000516747,BERMUDA POINT BREAK MOLET PMGG,9.99,16
000000516754,BERMUDA POINT BREAK MOLET PMG MOL-B,9.99,16
000000521482,CALCA K-DU SARJA DIVER CASUAL MAS,9.99,16
000000527972,CAMISETA ROVITEX MM DIVERSAS PMGG,9.99,16
000000527996,REGATA ROVITEX MM 601614 G1G4,9.99,16
000000529181,CAMISETA OVERCORE MM 10020347 PMG,9.99,16
000000533676,CAMISETA LOCAL MM 16250 BIG G1G3,9.99,16
000000533850,CAMISETA LOCAL MM 10124 PMGG BASICA,9.99,16
000000535571,CAMISETA ECKO MM E619A PMGG PICAPAU,9.99,16
000000538480,CAMISETA SELECT MM VARIADAS G1AG3,9.99,16
000000539715,CAMISETA JOHN BRAZIL MM DIV PMGG,9.99,16
000000544467,CAMISA LF MOLINE PL040 PMGG POLO,9.99,16
000000549844,CAMISETA FATAL MM 22148 PMGG P1,9.99,16
000000549851,CAMISETA FATAL MM 23563 PMGG P1,9.99,16
000000549875,CAMISETA FATAL MM 23492 PMGG P1,9.99,16
000000549882,CAMISETA FATAL MM 24544 PMGG P1,9.99,16
000000551267,CAMISETA ALLFREE MM 12467 PMGG,9.99,16
000000552868,CAMISETA LOCAL MM 28317 PMGG,9.99,16
000000556392,SHORT POINT BREAK ELASTANO FLEXD AD,9.99,16
000000520423,CAMISETA LOCAL MM 16559 16554 G1G3 LEGADO ZZ,9.99,16
000000533690,CAMISETA LOCAL MM 11247 PMGG BASICA LEGADO ZZ,9.99,16
000000533744,CAMISETA LOCAL MM 10083 PMGG BASICA LEGADO ZZ,9.99,16
000000533881,CAMISETA LOCAL MM 11333 PMGG BASICA LEGADO ZZ,9.99,16
000000533898,CAMISETA LOCAL MM 11291 PMGG BASICA LEGADO ZZ,9.99,16
000000534925,CAMISA ECLETICA DIVERSAS MC PMGG LEGADO ZZ,9.99,16
000000535519,CAMISETA ECKO MM E202A PMGG LEGADO ZZ,9.99,16
000000535625,CAMISETA INDUSTRIE MM DIVERSAS PMGG LEGADO ZZ,9.99,16
000000536035,CAMISA MX72 HAVANA 19000 PMGG LEGADO ZZ,9.99,16
000000536189,CAMISETA ECKO MM E498A PMGG LEGADO ZZ,9.99,16
000000542951,CAMISA LF MALHA 005 AD POLO LEGADO ZZ,9.99,16
000000546973,CAMISETA DIXIE MM 12020129 PMGG LEGADO ZZ,9.99,16
000000547109,CAMISETA DIXIE MM 11240832 PMGG LEGADO ZZ,9.99,16
000000552202,CAMISETA LOCAL MM 11656 PMGG LEGADO ZZ,9.99,16
000000553056,CAMISETA LOCAL MM 16947 G1G4 LEGADO ZZ,9.99,16
000000547444,CAMISETA GANGSTER MM 10018982 PMGG,4.99,16
000000555166,REGATA ROVITEX MM 601862 PMGG,4.99,16
000000547048,CAMISETA DIXIE VISCO 11280150 PMGG LEGADO ZZ,4.99,16
000000552561,CAMISETA LOCAL MM 28499 PMGG LEGADO ZZ,4.99,16
000000552998,CAMISETA LOCAL MM 11813 PMGG LEGADO ZZ,4.99,16
000000409841,CAMISA TEO ALGODAO ML PMGGG,4.99,16
000000419031,CALCA K-DU MICRO DIVERS SOCIAL MAS,4.99,16
000000513197,CAMISETA FULL SURF MM DIVERSAS PMG,4.99,16
000000513449,REGATA ROVITEX MM 901065 LISA MACHA,4.99,16
000000514316,CAMISETA INDUSTRIE MM DIVERSAS AD,4.99,16
000000542067,BERMUDA BLUE HOUSE JEANS DIV AD MAS,4.99,16
000000548625,CAMISETA RESERVA MM 1028 PMGG,4.99,16
000000548656,CAMISETA RESERVA MM 1006 PMGG,4.99,16
000000548816,BERMUDA FATAL SUL TACTEL PMGG LISA,4.99,16
000000549899,CAMISETA FATAL MM 23503 PMGG P1,4.99,16
000000549905,CAMISETA FATAL MM 23528 PMGG P1,4.99,16
000000552837,CAMISETA LOCAL MM 28350 PMGG,4.99,16
000000554701,CAMISETA SILVERGOLD MM DIV PMGG,4.99,16
000000554862,BERMUDA GRAFF MOLETOM PMGG ESTAMPAD,4.99,16
000000554855,BERMUDA GRAFF MOLETOM PMGG LISA,4.99,16
000000520645,CAMISETA LOCAL MM 18992 DIFERENCIAL LEGADO ZZ,4.99,16
000000520775,CAMISETA LOCAL MM 18963 DIFERENCIAL LEGADO ZZ,4.99,16
000000524711,CAMISETA UOMINI MM PMG MC MASC. AD LEGADO ZZ,4.99,16
000000524759,REGATA UOMINI VISCOLYCRA PMG MASC LEGADO ZZ,4.99,16
000000533706,CAMISETA LOCAL MM 11262 PMGG BASICA LEGADO ZZ,4.99,16
000000533836,CAMISETA LOCAL MM 11299 PMGG BASICA LEGADO ZZ,4.99,16
000000533843,CAMISETA LOCAL MM 11286 PMGG BASICA LEGADO ZZ,4.99,16
000000540629,CAMISETA ROVITEX MM 6017565 PMGG LEGADO ZZ,4.99,16
000000540636,CAMISETA ROVITEX MM 6019275 PMGG LEGADO ZZ,4.99,16
000000542623,CAMISETA 1BIGO MM 4556 PMGG FOLHAGE LEGADO ZZ,4.99,16
000000551434,REGATA ALLFREE MM 12367 PMGG LEGADO ZZ,4.99,16
000000555180,REGATA ROVITEX MM 601871 G1G4 LEGADO ZZ,4.99,16
000000575188,CALCA BIOTIPO LYCRA 25920 36A46 MAS,39.99,16
000000575195,CALCA BIOTIPO LYCRA 25988 36A46 MAS,39.99,16
000000575201,CALCA BIOTIPO LYCRA 25622 36A46 MAS,39.99,16
000000569781,BERMUDA PRS LYCRA DIV 48A54 MASC,29.99,16
000000535823,CALCA KDENIN JEANS LYCRA DIV MASC LEGADO ZZ,29.99,16
000000551120,CALCA LOCAL LYCRA 30829 38A46 MASC LEGADO ZZ,29.99,16
000000503327,CALCA VILEJACK SARJA SPORT W AZUL,24.99,16
000000569415,CAMISA MX72 ALGODAO 20048 PMGG ML,24.99,16
000000569590,CAMISA MX72 ALG 20047 PMGG ML,24.99,16
000000579742,SHORT DIXIE JEANS 17260091 PMGG,24.99,16
000000515924,BERMUDA VILEJACK SARJA CARGO CARAME LEGADO ZZ,24.99,16
000000535083,CAMISA MX72 MESCLA 19064 PMGG ML LEGADO ZZ,19.99,16
000000569439,CAMISA MX72 ALGODAO 20029 PMGG ML LEGADO ZZ,24.99,16
000000581561,CALCA ECXO M.JERRY 9214 36A48 JOGGE LEGADO ZZ,24.99,16
000000577755,CAMISETA GANGSTER MM 51180452 G1G4,14.99,16
000000219969,CALCA ROLI JEANS 52 56,14.99,16
000000436793,CALCA SCANNER SARJA SMCB0002 CARAME,14.99,16
000000512961,CALCA VILEJACK SARJA LYCRA CAFE MAS,14.99,16
000000514392,BERMUDA VILEJACK SARJA MARINH 50A62,14.99,16
000000543385,BERMUDA PARADOX LYCRA DIV CAMUFLADA,14.99,16
000000560733,CAMISA DRAZZO DIVERSAS PMGG,14.99,16
000000563734,CAMISETA FATAL MM 24441 PMGG POLO,14.99,16
000000569392,CAMISA MX72 CAMUFLADO 20046 PMGG ML,14.99,16
000000569491,CAMISA MX72 MISTO 20079 PMGG ML,14.99,16
000000569545,CAMISA MX72 ELASTANO 20067 PMGG ML,14.99,16
000000569552,CAMISA MX72 MISTO 20063 PMGG ML,14.99,16
000000569620,CAMISA MX72 VISCOLINH 20054 PMGG ML,14.99,16
000000569668,CAMISA MX72 ALG 20098 5-8 ML,14.99,16
000000575232,CALCA ARMANELLI SARJA DIV 36A48 COL,14.99,16
000000579230,CAMISA OVERCORE VISCO 15300060 PMGG,14.99,16
000000579254,CAMISA OVERCORE VISCO 15300059 PMGG,14.99,16
000000580175,CAMISA DIXIE ALG 15340013 PMGG,14.99,16
000000580199,CAMISA DIXIE VISCO 15040003 PMGG,14.99,16
000000581820,CALCA ECXO SARJA 6012 10A16 JOGGER,14.99,16
000000586634,CAMISA MX72 MAQUINET 20551 PMGG ML,14.99,16
000000586832,CAMISA MX72 MISTO 20578 G1G3 ML,14.99,16
000000589000,BERMUDA VILEJACK SARJA SPORT KAKI,14.99,16
000000589819,CAMISA MAC GIANT PIQUET 6061 AD POL,14.99,16
000000372978,BERMUDA VILEJACK JEANS BT0 36A50 MA,14.99,16
000000452519,BERMUDA VILEJACK SARJA C CINT PRETA,14.99,16
000000551809,CAMISA MX72 VISCOSE 19510 AD FIT MC,14.99,16
000000561129,BERMUDA PARADOX SARJ 9884 AD M CAMU,14.99,16
000000562140,CALCA NINE EIGHT MICRO 59200004 G1G,14.99,16
000000565400,CAMISETA LOCAL MM 12171 PMGG ML,9.99,16
000000565790,CALCA LOCAL NEOPRENE 23929 PMGG,14.99,16
000000579704,BERMUDA NINE EIG DRY 57280017 G1G4,14.99,16
000000584449,BERMUDA SCANNER LYCRA DIV AD MASC,14.99,16
000000516327,CAMISA MX72 COTTON 18750 ML FIT PMG LEGADO ZZ,14.99,16
000000535069,CAMISA MX72 MAQUINETA 19052 PMGG ML LEGADO ZZ,14.99,16
000000539111,CALCA VILEJACK SARJA SPORT W CHUMBO LEGADO ZZ,14.99,16
000000548939,BERMUDA VILEJACK SARJA CARGO MARROM LEGADO ZZ,14.99,16
000000551106,CALCA LOCAL LYCRA 30841 38A46 MASC LEGADO ZZ,14.99,16
000000551144,CALCA LOCAL LYCRA 30836 38A46 MASC LEGADO ZZ,14.99,16
000000560474,CAMISETA NINE EIG DRY 10140018 PMGG LEGADO ZZ,14.99,16
000000562782,BERMUDA DK2 MOLETOM 5317 G1G3 LEGADO ZZ,14.99,16
000000566308,CAMISETA GANGSTER MM 11192509 PMGG LEGADO ZZ,14.99,16
000000569422,CAMISA MX72 ALGODAO 20037 PMGG ML Sortida P,14.99,16
000000569453,CAMISA MX72 MAQUINET 20070 PMGG ML LEGADO ZZ,14.99,16
000000569460,CAMISA MX72 CAMBRAIA 20077 PMGG ML LEGADO ZZ,14.99,16
000000569507,CAMISA MX72 FIO A FIO 20074 PMGG ML LEGADO ZZ,14.99,16
000000569514,CAMISA MX72 MESCLA 20065 PMGG ML LEGADO ZZ,14.99,16
000000569521,CAMISA MX72 CAMBRAIA 20062 PMGG ML LEGADO ZZ,14.99,16
000000569569,CAMISA MX72 SARJA 20033 PMGG ML LEGADO ZZ,14.99,16
000000569576,CAMISA MX72 FIO A FIO 20042 PMGG ML LEGADO ZZ,14.99,16
000000569583,CAMISA MX72 MAQUINET 20034 PMGG ML LEGADO ZZ,14.99,16
000000569637,CAMISA MX72 VISCOLINH 20059 PMGG ML LEGADO ZZ,14.99,16
000000569644,CAMISA MX72 MISTO 20099 5-8 ML LEGADO ZZ,14.99,16
000000569651,CAMISA MX72 FIO A FIO 20103 5-8 ML LEGADO ZZ,14.99,16
000000569675,CAMISA MX72 MISTO 20038 PMGG ML LEGADO ZZ,14.99,16
000000569682,CAMISA MX72 MAQUINET 20040 PMGG ML LEGADO ZZ,14.99,16
000000569705,CAMISA MX72 VISCOSE 20018 PMGG LEGADO ZZ,14.99,16
000000578516,CAMISA GANGSTER MM 29080412 PMGG PO LEGADO ZZ,14.99,16
000000586436,CAMISA MX72 VISCOLINHO 20522 PMGG LEGADO ZZ,14.99,16
000000586573,CAMISA MX72 CAMBRAIA 20563 PMGG ML LEGADO ZZ,14.99,16
000000586580,CAMISA MX72 CAMBRAIA 20565 PMGG LEGADO ZZ,14.99,16
000000586719,CAMISA MX72 MAQUINET 20549 PMGG ML LEGADO ZZ,14.99,16
000000586757,CAMISA MX72 LISTRA 20532 PMGG ML LEGADO ZZ,14.99,16
000000586788,CAMISA MX72 MAQUINET 20540 PMGG ML LEGADO ZZ,14.99,16
000000586863,CAMISA MX72 VISCOLINHO 20573 PMGG LEGADO ZZ,14.99,16
000000586887,CAMISA MX72 REVEILLON 20577 G1G2G3 LEGADO ZZ,14.99,16
000000586665,CAMISA MX72 MAQUINET 20547 PMGG ML LEGADO ZZ,14.99,16
000000532938,CAMISA BY FOR MEN TRICOLINE DIVERSA LEGADO ZZ,14.99,16
000000402767,BERMUDA VILEJACK SARJA CARAML 36A50,9.99,16
000000455091,BERMUDA BONNO SARJA 38A46 MASC COLO,9.99,16
000000514361,BERMUDA VILEJACK SARJA C CINT MARIN,9.99,16
000000536073,CAMISA MX72 FIO50 19087 EXTRA ML,9.99,16
000000539944,CAMISA DRAZZO DIVERSAS PMGG POLO,9.99,16
000000563536,CAMISA FATAL MM 22238 PMGG ML,9.99,16
000000563802,CAMISETA FATAL MM 24697 PMGG,9.99,16
000000568326,CAMISETA MORT KOMBAT WMMK020112 PMG,9.99,16
000000568333,CAMISETA LIGA JUSTICA MM DIV PMGG,9.99,16
000000568357,CAMISETA BATMAN MM DIV PMGG,9.99,16
000000568388,CAMISETA CORINGA MM DIV PMGG,9.99,16
000000569361,CAMISA MX72 MISTO 20089 5-8,9.99,16
000000575225,BERMUDA ARMANELLI SARJA DIV 36A48,9.99,16
000000575768,CAMISA FBR PIQUE 9328 PMGG POLO,9.99,16
000000577748,CAMISETA GANGSTER MM 50011193 G1G4,9.99,16
000000577991,REGATA GANGSTER MM 53050121 G1G4,9.99,16
000000578608,CAMISETA GANGSTER MM 11192605 PMGG,9.99,16
000000579308,REGATA OVERCORE MM 13720026 PMGG,9.99,16
000000579995,CAMISETA DIXIE VISCO 11240975 PMGG,9.99,16
000000583428,CAMISA GANGSTER MM 29530008 PMGG PO,9.99,16
000000589079,BERMUDA CASUAL SARJA 241 40A54 CAQU,9.99,16
000000589093,BERMUDA CASUAL SARJA BE1216 38A48,9.99,16
000000589802,CAMISA ARMANELLI MM 6058 AD POLO,9.99,16
000000590075,CAMISETA GANGSTER MM 11192597 PMGG,9.99,16
000000584296,CAMISETA COLISAO MM 93PRV PMGG,9.99,16
000000402781,BERMUDA VILEJACK SARJA AREIA 36A50,9.99,16
000000434065,REGATA OVER DIVERSAS PMGGG MACHAO LEGADO ZZ,9.99,16
000000456333,CAMISA DIXIE ALG 15080069 MASC ML LEGADO ZZ,9.99,16
000000464109,CALCA K-DU SARJA 3006 SPORT FINO MA LEGADO ZZ,9.99,16
000000488136,CALCA VILEJACK LYCRA CP DIVE MASC LEGADO ZZ,9.99,16
000000502375,CAMISETA LOCAL MM 13587 MASC PMG LEGADO ZZ,9.99,16
000000505376,CALCA COFIN ROCK LYCRA DIV MASC AD LEGADO ZZ,9.99,16
000000516235,CAMISA MX72 JACQUARD 18754 FIT ML A LEGADO ZZ,9.99,16
000000530347,CALCA MAX DENIM LYCRA 10519 36A52 M LEGADO ZZ,9.99,16
000000534208,CALCA LOCAL JEANS 30442 38A46 MASC LEGADO ZZ,9.99,16
000000534710,CAMISETA DIXIE ALG 11191569 PMGG LEGADO ZZ,9.99,16
000000535595,CAMISA TAYLOR TRIC. PMGG ML LISA AD LEGADO ZZ,9.99,16
000000535601,CAMISA TAYLOR MISTO PMGG ML XADREZ LEGADO ZZ,9.99,16
000000536028,CAMISA MX72 FLAME 19024 PMGG ML LEGADO ZZ,9.99,16
000000536103,CAMISA MX72 MISTO 19080 EXTRA LEGADO ZZ,9.99,16
000000536455,CAMISA ARMANELLI LINHO 9791 AD. ML LEGADO ZZ,9.99,16
000000536509,CAMISA ARMANELLI TRICOL.9775 AD ML LEGADO ZZ,9.99,16
000000536684,CAMISA ARMANELLI PIQUET 5993 AD POL LEGADO ZZ,9.99,16
000000546478,CAMISETA NINE EIG DRY 11191986 PMGG LEGADO ZZ,9.99,16
000000547116,CAMISETA DIXIE MM 12020101 PMGG LEGADO ZZ,9.99,16
000000549158,BERMUDA FATAL TACTEL 21330 38A46 LEGADO ZZ,9.99,16
000000549165,BERMUDA FATAL TACTEL 9957 38A46 LEGADO ZZ,9.99,16
000000549981,CAMISA FATAL MM 22275 PMGG POLO LEGADO ZZ,9.99,16
000000549998,CAMISA FATAL MM 23638 PMGG POLO LEGADO ZZ,9.99,16
000000550161,CAMISA FATAL MM 23945 G1G3 POLO LEGADO ZZ,9.99,16
000000551595,CAMISA ARMANELLI JACQ 6050 AD POLO LEGADO ZZ,9.99,16
000000551892,CAMISA MX72 ALG 19540 AD ML AZULEJO LEGADO ZZ,9.99,16
000000551908,CAMISA MX72 CAMBR 19537 AD ML LISTR LEGADO ZZ,9.99,16
000000551946,CAMISA MX72 FLAME 19561 AD ML FIT LEGADO ZZ,9.99,16
000000551977,CAMISA MX72 VISCOLINHO 19560 ML FIT LEGADO ZZ,9.99,16
000000552066,CAMISA MX72 F TINTO 19556 AD ML FIT LEGADO ZZ,9.99,16
000000552073,CAMISA MX72 CAMBRAIA 19551 AD ML FI LEGADO ZZ,9.99,16
000000552288,CAMISA MX72 VERANO 19519 AD FIT MC LEGADO ZZ,9.99,16
000000554657,CAMISA ARMANELLI TRIC 9835 PMGG ML LEGADO ZZ,9.99,16
000000565349,CAMISETA LOCAL DRY 23785 PMGG LEGADO ZZ,9.99,16
000000565356,CAMISETA LOCAL DRY 23779 PMGG LEGADO ZZ,9.99,16
000000566346,CAMISETA GANGSTER MM 11192392 PMGG LEGADO ZZ,9.99,16
000000569262,CAMISA MX72 MISTO 20005 PMGG LEGADO ZZ,9.99,16
000000569323,CAMISA MX72 VISCOLINHO 20007 PMGG LEGADO ZZ,9.99,16
000000569347,CAMISA MX72 CAMBRAIA 20011 PMGG LEGADO ZZ,9.99,16
000000569477,CAMISA MX72 MISTO 20073 PMGG ML LEGADO ZZ,9.99,16
000000569538,CAMISA MX72 JACQUARD 20050 PMGG ML LEGADO ZZ,9.99,16
000000578356,CAMISETA GANGSTER MM 11192790 PMGG LEGADO ZZ,9.99,16
000000579094,CAMISETA OVERCORE MM 11192858 PMGG LEGADO ZZ,9.99,16
000000579100,CAMISETA OVERCORE MM 11192330 PMGG LEGADO ZZ,9.99,16
000000579117,CAMISETA OVERCORE MM 11192954 PMGG LEGADO ZZ,9.99,16
000000579162,CAMISETA OVERCORE MM 11660146 PMGG LEGADO ZZ,9.99,16
000000583954,CAMISETA FATAL MM 24376 PMGG P2 LEGADO ZZ,9.99,16
000000583961,CAMISETA FATAL MM 24701 PMGG P2 LEGADO ZZ,9.99,16
000000586856,CAMISA MX72 MISTO 20535 PMGG ML LEGADO ZZ,9.99,16
000000463935,CAMISA TEODORO TRIC XADREZ ML MASC LEGADO ZZ,9.99,16
000000405546,CAMISA LF PIQUET POLO PMG,9.99,16
000000449243,CAMISA FATAL MM 13655 PMGGG POLO,9.99,16
000000488150,BERMUDA VILEJACK SARJA SPORT MARINH,9.99,16
000000511193,BERMUDA TRUPPER SARJA COLLOR AD,9.99,16
000000544450,CAMISA D O PIQU PL009 007 G1G3 POLO,9.99,16
000000548793,SHORT FATAL SUL ELASTANO PMGG LISO,9.99,16
000000549134,BERMUDA ORUAM SARJA 36A46 COLOR MAS,9.99,16
000000551625,CAMISA ARMANELLI MM 6017 PMGG POLO,9.99,16
000000563550,CAMISETA FATAL MM 24390 PMGG,9.99,16
000000563796,CAMISETA FATAL MM 24352 PMGG,9.99,16
000000563871,CAMISETA FATAL MM 24330 PMGG,9.99,16
000000563888,CAMISETA FATAL MM 24385 PMGG,9.99,16
000000568401,CAMISETA SUPER HOMEM MM DIV PMGG,9.99,16
000000572958,BERMUDA DK2 MOL 205019 G1G3 LISTRA,9.99,16
000000575973,CAMISA DIXIE MM DIV PMGG POLO,9.99,16
000000577090,BERMUDA INSIGNE MOL BE005 PMGG SILK,9.99,16
000000578417,CAMISETA GANGSTER MM 11241296 PMGG,9.99,16
000000579278,REGATA OVERCORE MM 13060257 PMGG,9.99,16
000000580113,CAMISETA DIXIE ALG 11270011 PMGG,9.99,16
000000580120,CAMISETA DIXIE ALG 11270007 PMGG,9.99,16
000000583411,CAMISA DIXIE MM DIV PMGG POLO,9.99,16
000000583435,CAMISETA GANGSTER MM DIV PMGG,9.99,16
000000583442,CAMISETA DIXIE MM 11140001 PMGG,9.99,16
000000583770,CAMISETA FATAL MM 25691 PMGG P1,9.99,16
000000583787,CAMISETA FATAL MM 25696 PMGG P1,9.99,16
000000583794,CAMISETA FATAL MM 24930 PMGG P1,9.99,16
000000583831,CAMISETA FATAL MM 24969 PMGG P1,9.99,16
000000583862,CAMISETA FATAL MM 24976 PMGG P1,9.99,16
000000583879,CAMISETA FATAL MM 24978 PMGG P1,9.99,16
000000583886,CAMISETA FATAL MM 25717 PMGG P2,9.99,16
000000584173,CAMISETA FATAL MM 25728 G1G3,9.99,16
000000584319,CAMISETA COLISAO MM 105PRV PMGG,9.99,16
000000590068,CAMISETA PITISKA MALHA DIV 10A16,9.99,16
000000590181,BERMUDA VITORIA MOL 7704 PMGG COMPR,9.99,16
000000438841,CAMISA ARMANELLI ALG 1748 MC 01A04 LEGADO ZZ,9.99,16
000000489461,CAMISA MX72 MIXTO 17410 ML C ELASTA LEGADO ZZ,9.99,16
000000489553,CAMISA MX72 MIXTO 17345 TINGIDO MC LEGADO ZZ,9.99,16
000000502337,CAMISETA LOCAL MM 13568 MASC PMG LEGADO ZZ,9.99,16
000000502382,CAMISETA LOCAL MM 13580 MASC PMG LEGADO ZZ,9.99,16
000000502399,CAMISETA LOCAL MM 13581 MASC PMG LEGADO ZZ,9.99,16
000000502405,CAMISETA LOCAL MM 13583 MASC PMG LEGADO ZZ,9.99,16
000000502467,CAMISETA LOCAL MM 16766 MASC G1G2G3 LEGADO ZZ,9.99,16
000000504188,CAMISA MX72 JAQUAR 18049 ML MASC AD LEGADO ZZ,9.99,16
000000516068,CAMISA MX72 ALGODAO 18763 LISA 5A8 LEGADO ZZ,9.99,16
000000519830,CAMISETA ECKO MM E212A PMGG LEGADO ZZ,9.99,16
000000519977,CAMISETA ECKO MM E323A XXPXGG PLUS LEGADO ZZ,9.99,16
000000521390,CAMISETA NINE EIGHT DRY 10070443 AD LEGADO ZZ,9.99,16
000000535588,CAMISETA ECKO MM E620A PMGG PICAPAU LEGADO ZZ,9.99,16
000000546263,CAMISETA NINE EIG DRY 11820034 PMGG LEGADO ZZ,9.99,16
000000549769,CAMISETA FATAL MM 23916 G1G3 LEGADO ZZ,9.99,16
000000549837,CAMISETA FATAL MM 23491 PMGG P1 LEGADO ZZ,9.99,16
000000552547,CAMISETA LOCAL MM 11719 PMGG LEGADO ZZ,9.99,16
000000552684,CAMISETA LOCAL VISCOSE 28439 PMGG LEGADO ZZ,9.99,16
000000553131,REGATA LOCAL DRY 23883 PMGG LEGADO ZZ,9.99,16
000000553292,CAMISETA LOCAL DRY 23672 PMGG LEGADO ZZ,9.99,16
000000557566,CAMISA AGA ALG 8000 1A5 AD LEGADO ZZ,9.99,16
000000559041,CAMISETA LOCAL MM DIV PMGG FLORAL LEGADO ZZ,9.99,16
000000562645,CAMISETA DK2 MM 4652 PMGG LEGADO ZZ,9.99,16
000000563567,CAMISETA FATAL MM 24395 PMGG LEGADO ZZ,9.99,16
000000563772,CAMISETA FATAL MM 24274 PMGG LEGADO ZZ,9.99,16
000000563864,CAMISETA FATAL MM 24324 PMGG LEGADO ZZ,9.99,16
000000568364,CAMISETA LOONEY TUNES MM DIV PMGG LEGADO ZZ,9.99,16
000000569408,CAMISA MX72 VISCOLINH 20030 PMGG ML LEGADO ZZ,9.99,16
000000579490,CAMISETA NINE EIG DRY 10140131 PMGG LEGADO ZZ,9.99,16
000000579834,CAMISETA DIXIE MM 11241061 PMGG LEGADO ZZ,9.99,16
000000580076,CAMISETA DIXIE VISCO 11240847 PMGG LEGADO ZZ,9.99,16
000000580137,CAMISETA DIXIE ALG 11270009 PMGG LEGADO ZZ,9.99,16
000000583824,CAMISETA FATAL MM 24953 PMGG P1 LEGADO ZZ,9.99,16
000000583916,CAMISETA FATAL MM 24367 PMGG P2 LEGADO ZZ,9.99,16
000000583930,CAMISETA FATAL MM 24307 PMGG P2 LEGADO ZZ,9.99,16
000000584791,CAMISETA ELEMENTO ZERO MM 2029 PMGG LEGADO ZZ,9.99,16
000000584814,CAMISETA ELEMENTO ZERO MM 2072 PMGG LEGADO ZZ,9.99,16
000000445405,CAMISETA MOMENTUS MM 58409 PMGG LEGADO ZZ,4.99,16
000000461528,CAMISETA FATAL MM 14997 MASC AD LEGADO ZZ,4.99,16
000000476270,CAMISETA DIXIE MM 11240201 AD MASC LEGADO ZZ,4.99,16
000000492645,CAMISETA GANGSTER MM 11560053 AD LEGADO ZZ,4.99,16
000000513227,CAMISETA CIA BASIC 801 MARINHO GOLV LEGADO ZZ,4.99,16
000000513272,CAMISETA CIA BASIC 801 MARINHO GOLC LEGADO ZZ,4.99,16
000000546270,CAMISETA NINE EIG DRY 11240787 PMGG LEGADO ZZ,4.99,16
000000559829,CAMISETA DIXIE ALG DIVERSAS PMGGG LEGADO ZZ,4.99,16
000000560771,CAMISETA PHIZALIS DRAY 707 PMGG MAS LEGADO ZZ,4.99,16
000000562652,CAMISETA DK2 MM 4653 PMGG LEGADO ZZ,4.99,16
000000569309,CAMISA MX72 LISTRA 20006 PMGG LEGADO ZZ,4.99,16
000000583947,CAMISETA FATAL MM 24700 PMGG P2 LEGADO ZZ,4.99,16
000000233699,BERMUDA VIA BOY 4CABOS DIV AD ELAST,4.99,16
000000364171,SHORT VIA BOY 4CABOS VOLLEY AD DIV,4.99,16
000000364195,BERMUDA VIA BOY 4CABOS ELASTIC G1G2,4.99,16
000000428040,CAMISA RESERVA PIQUET ELAST POLO DI,4.99,16
000000434058,CAMISETA AD PIQUET 16414 PMG POLO,4.99,16
000000434362,CAMISETA OVER CORE MM 11190126 MASC,4.99,16
000000436700,CAMISETA GANGSTER MM 11420004 MASC,4.99,16
000000445412,CAMISETA MOMENTUS MM 58414 PMGG,4.99,16
000000452755,CAMISETA LOCAL MALHA PROMOCIONAL,4.99,16
000000454438,BERMUDA WAYKYKY MM COZ PMGG,4.99,16
000000472623,CAMISETA BLACKWEST MM DIV GOLA REDO,4.99,16
000000473521,CAMISETA MOMENTUS VISCO 58447 AD MA,4.99,16
000000502627,CAMISETA LOCAL MM 11112 MASC PMG,4.99,16
000000503471,CAMISA RBA PIQUET DIVERSAS POLO,4.99,16
000000507882,CAMISA RESERVA MM PENTEADA POLO AD,4.99,16
000000507912,CAMISA RESERVA PIQUET LISA POLO AD,4.99,16
000000561167,SHORT KANOA TACTEL 2068 PMGG MASC,4.99,16
000000564496,CAMISETA SILVERGOLD MM DIV-2 PMGG,4.99,16
000000566186,CAMISETA MR MM 7712 PMGG BASICA,4.99,16
000000566292,CAMISETA GANGSTER MM 11241081 PMGG,4.99,16
000000573047,CAMISETA DK2 MM 204017 PMGG FLORAL,4.99,16
000000573115,BERMUDA ROTULO SURF 4CABOS G1G3 3BO,4.99,16
000000577076,BERMUDA INSIGNE MOL BE001 PMGG EST,4.99,16
000000577106,BERMUDA INSIGNE MOL BE003X G1G3 FAT,4.99,16
000000577113,BERMUDA INSIGNE MOL BE003 PMGG MASC,4.99,16
000000587310,CAMISA IDOLATRIA MM DIV PMGG POLO,4.99,16
000000587327,CAMISA IDOLATRIA MM DIV G1G7 POLO,4.99,16
000000588119,REGATA CDKA MM DIV PMGG,4.99,16
000000588133,REGATA CDKA MM DIV G1G3,4.99,16
000000590174,BERMUDA VITORIA MOL 21133 PMGG CURT,4.99,16
000000372121,REGATA GANGSTER MM DIVERSAS MACHAO LEGADO ZZ,4.99,16
000000372206,REGATA GANGSTER MM DIVERSAS FAT MAC LEGADO ZZ,4.99,16
000000411936,BERMUDA VILEJACK SARJA PROMOCAO LEGADO ZZ,4.99,16
000000412155,BERMUDA FATAL MICRO DIVERSAS MASC A LEGADO ZZ,4.99,16
000000431347,CAMISA VILEJACK TRICOLINE TL304 ML LEGADO ZZ,4.99,16
000000436656,CAMISETA GANGSTER MM 11540066 MASC LEGADO ZZ,4.99,16
000000440974,CALCA LOCAL JEANS 30503 36A48 MASC LEGADO ZZ,4.99,16
000000443890,CAMISA MX72 FIOAFIO 16128 PMGGG MC LEGADO ZZ,4.99,16
000000444279,CALCA BIOTIPO JEANS LYCRA 19753 MAS LEGADO ZZ,4.99,16
000000446754,CAMISETA NINETY EIGHTY 10017141 AD LEGADO ZZ,4.99,16
000000474122,CAMISETA LOCAL MM 16529 G1G2G3 MASC LEGADO ZZ,4.99,16
000000489386,CAMISA MX72 JEANS 01356 ML RAPPORT LEGADO ZZ,4.99,16
000000489393,CAMISA MX72 MIXTO 01122 ML LISTRADA LEGADO ZZ,4.99,16
000000489447,CAMISA MX72 FIO50 17412 5A8T MC LEGADO ZZ,4.99,16
000000500074,CAMISETA GANGSTER MM 50010755 MC AD LEGADO ZZ,4.99,16
000000513210,CAMISETA CIA BASIC 801 BRANCA GOL V LEGADO ZZ,4.99,16
000000519847,CAMISETA ECKO MM E197A PMGG LEGADO ZZ,4.99,16
000000520010,CAMISETA NICOBOCO MM 106074 G1G2G3 LEGADO ZZ,4.99,16
000000520638,CAMISETA LOCAL MM 28011 DIFERENCIAL LEGADO ZZ,4.99,16
000000520713,CAMISETA LOCAL MM 18886 DIFERENCIAL LEGADO ZZ,4.99,16
000000533904,CAMISETA LOCAL MM 11304 PMGG BASICA LEGADO ZZ,4.99,16
000000576710,REGATA MR MM 7702 PMGG LEGADO ZZ,4.99,16
000000588850,REGATA TIGS MM 992 PMGG MASC LEGADO ZZ,4.99,16
000000589925,CAMISA DIPLAY DIV PMGG ML LEGADO ZZ,4.99,16
000000589949,CAMISA DIPLAY DIV PMGG POLO LEGADO ZZ,4.99,16
000000589857,CALCA NINE EIG NEOPRE 19980122 PMGG,39.99,16
000000600002,CAMISA MX72 VISCOLIN 21036 PMGG ML,39.99,16
000000601399,CALCA GANGSTER JEANS 19350089 38A48,49.99,16
000000620833,CALCA MAX DENIM SARJ 10871 36A52 PR,39.99,16
000000485661,CALCA PERUSIM SARJA COLORIDA MASC,39.99,16
000000589840,CALCA NINE EIG NEOPRE 19980123 PMGG,39.99,16
000000589864,CALCA NINE EIG NEOPRE 19980128 PMGG,39.99,16
000000596787,CALCA LOCAL JEANS 33040 38A46 MASC,39.99,16
000000596794,CALCA LOCAL JEANS 33042 38A46 MASC,39.99,16
000000596817,CALCA LOCAL JEANS 33039 38A46 MASC,39.99,16
000000599177,CALCA PARADOX SARJA DIV 36A48 MASC,39.99,16
000000599740,CALCA MAX DENIM LYCRA 11060 38 48 M,39.99,16
000000605779,CALCA ORUAM SARJA 48A54 COLOR MASC,39.99,16
000000611541,CALCA MURANO LYCRA DIV 38A48 MASC,39.99,16
000000612876,BERMUDA GANGSTER JEANS 57010273 50A,39.99,16
000000615501,CALCA LOCAL JEANS 33087 38A46 MASC,39.99,16
000000615549,CALCA LOCAL JEANS 33167 38A46 RASGA,39.99,16
000000615563,CALCA LOCAL JEANS 33146 38A46 MASC,39.99,16
000000620826,CALCA MAX DENIM SARJ 10870 36A52 AZ,39.99,16
000000620857,CALCA MAX DENIM SARJ 10872 36A52 BR,39.99,16
000000586801,CAMISA MX72 MISTO 20582 5A8 ML LEGADO ZZ,29.99,16
000000589710,CALCA NINE EIGHT MICRO 59200011 G1G LEGADO ZZ,29.99,16
000000599962,CAMISA MX72 VISCOLINHO 21009 PMGG LEGADO ZZ,29.99,16
000000599979,CAMISA MX72 VISCOSE 21011 PMGG FLOR LEGADO ZZ,29.99,16
000000620840,CALCA MAX DENIM SARJ 10868 36A52 AR LEGADO ZZ,29.99,16
000000584432,CALCA SCANNER LYCRA DIV AD MASC,29.99,16
000000596756,BERMUDA LOCAL JEANS 31677 38A46 MAS,29.99,16
000000596848,CALCA LOCAL JEANS 30920 38A46 MASC,29.99,16
000000608183,CALCA VILEJACK SARJ CJ0003 50A56 PR,29.99,16
000000612913,BERMUDA GANGSTER JEANS 17310466 38A,29.99,16
000000615471,BERMUDA LOCAL JEANS 37309 48A54 RAS,29.99,16
000000615532,CALCA LOCAL JEANS 33092 38A46 RASGA,29.99,16
000000615587,CALCA LOCAL SARJA 34035 38A46 RASGA,29.99,16
000000619097,BERMUDA DIXIE ALFAIAT 17130008 38A4,29.99,16
000000619103,BERMUDA DIXIE ALFAIAT 17130016 38A4,29.99,16
000000622868,CAMISA MX72 MAQUINETADO 20570 5A8,29.99,16
000000608091,CALCA VILEJACK SARJ CJ0001 36A48 AR,29.99,16
000000461979,CALCA PERUSIN LYCRA FET MASC 48A54 LEGADO ZZ,29.99,16
000000551175,BERMUDA LOCAL LYCRA 31667 38A46 MAS LEGADO ZZ,29.99,16
000000562126,CALCA NINE EIGHT MICRO 19290088 PMG LEGADO ZZ,29.99,16
000000586474,CAMISA MX72 VISCOSE 20528 PMGG MC LEGADO ZZ,24.99,16
000000589741,CALCA NINE EIGHT MICRO 19290071 PMG LEGADO ZZ,29.99,16
000000596749,BERMUDA LOCAL JEANS 31864 38A46 MAS LEGADO ZZ,29.99,16
000000596855,CALCA LOCAL JEANS 33033 38A46 MASC LEGADO ZZ,29.99,16
000000598231,CALCA POLO SARJA 40000 38A48 CAQUI LEGADO ZZ,29.99,16
000000599184,BERMUDA PARADOX SARJA DIV 36A48 MAS LEGADO ZZ,29.99,16
000000600064,CAMISA MX72 MAQUINET 21015 PMGG ML LEGADO ZZ,29.99,16
000000600071,CAMISA MX72 MISTO 21046 PMGG ML LEGADO ZZ,29.99,16
000000600125,CAMISA MX72 DIV 1367EX G1G3 ML LEGADO ZZ,24.99,16
000000612548,CAMISETA NINE EIG DRY 10070802 PMGG LEGADO ZZ,14.99,16
000000620819,CALCA MAX DENIM LYC 11104 36A44 MAS LEGADO ZZ,29.99,16
000000624213,CALCA VILEJACK LYCRA DVMCG PLUS LD LEGADO ZZ,29.99,16
000000557429,BERMUDA VILEJACK SARJA KAKI 36A50,24.99,16
000000568869,CALCA DOWNHILL LYCRA DIV 36A46 MASC,24.99,16
000000579773,SHORT DIXIE ALG 17470023 PMGG,24.99,16
000000586320,BERMUDA JEANS.COM SARJA LYC 172 AD,24.99,16
000000598187,BERMUDA POLO SARJA 21007 38A48 CARA,24.99,16
000000599788,CALCA MAX DENIM SARJA 10968 38 52 M,24.99,16
000000608107,CALCA VILEJACK SARJ CJ0001 36A48 KA,24.99,16
000000608114,CALCA VILEJACK SARJ CJ0001 36A48 MU,24.99,16
000000608121,CALCA VILEJACK SARJ CJ0001 36A48 PR,24.99,16
000000610650,CALCA ANTIKA JEANS DIV 36A48 MASC,24.99,16
000000610667,CALCA ANTIKA JEANS DIV 50A56 MASC,24.99,16
000000611534,CALCA MURANO LYCRA DIV 38A48 MASC,24.99,16
000000614153,CAMISA GANGSTER MM 29070747 PMGG PO,24.99,16
000000616393,CAMISA DIXIE MM 29080466 PMGG POLO,24.99,16
000000616409,CAMISA DIXIE MM 29080485 PMGG POLO,24.99,16
000000616430,CAMISA DIXIE MM 29090204 PMGG POLO,24.99,16
000000618281,SHORT CONEXAO JEANS 0500 36A42 CORR,24.99,16
000000619035,CAMISA GANGSTER MM 29070785 PMGG PO,24.99,16
000000619516,CALCA BROOKS SARJA LYC 4903 38A48 M,24.99,16
000000619813,CAMISA GANGSTER-MX72 DIV PMGG,24.99,16
000000619974,CAMISA DIXIE-MX72 DIV PMGG,24.99,16
000000622851,CAMISA MX72 MAQUINETADO 21617 5A8,24.99,16
000000624107,CAMISA VILEJACK JEANS DVMCA AD ML L,24.99,16
000000598040,CAMISA POLO PIQUET 23844 PMGG POLO,24.99,16
000000598149,BERMUDA POLO MOL 20262 PMGG,24.99,16
000000600743,CAMISETA DIXIE MM 11241634 PMGG CZ,14.99,16
000000605786,BERMUDA ORUAM LYCRA DIV 36A46 MASC,24.99,16
000000619523,CALCA BROOKS SARJA LYC 4924 38A48 M,24.99,16
000000569484,CAMISA MX72 JACQUARD 20052 PMGG ML LEGADO ZZ,24.99,16
000000581790,CALCA ECXO SARJA 9140 36A48 JOGGER LEGADO ZZ,24.99,16
000000596763,BERMUDA LOCAL JEANS 31880 38A46 MAS LEGADO ZZ,24.99,16
000000598156,BERMUDA POLO SARJA 21002 38A48 BEGE LEGADO ZZ,24.99,16
000000598163,BERMUDA POLO SARJA 21004 38A48 AZUL LEGADO ZZ,24.99,16
000000598170,BERMUDA POLO SARJA 21006 38A48 PRET LEGADO ZZ,24.99,16
000000599764,CALCA MAX DENIM LYCRA 10975 38 52 M LEGADO ZZ,24.99,16
000000601375,CAMISA GANGSTER MM 29070861 PMGG PO LEGADO ZZ,24.99,16
000000608138,CALCA VILEJACK SARJ CJ0001 36A48 CB LEGADO ZZ,24.99,16
000000608756,BERMUDA POINT BREAK SARJ ABCBRM PMG LEGADO ZZ,24.99,16
000000611664,CALCA ECLETICA LYCRA DIV 38A50 MASC LEGADO ZZ,24.99,16
000000624183,BERMUDA VILEJACK LYCR DVMBG PLUS LD LEGADO ZZ,24.99,16
000000624206,CALCA VILEJACK SARJA DVMCB AD LD BR LEGADO ZZ,24.99,16
000000400855,BERMUDA VIT JEANS ELASTANO MASC AD,19.99,16
000000536622,CAMISA ARMANELLI PIQUET 1074 AD POL,19.99,16
000000536745,CAMISA ARMANELLI JACQUARD 6041 AD,19.99,16
000000551571,CAMISA ARMANELLI JACQ 6022 AD POLO,19.99,16
000000582735,CAMISA ARMANELLI MM 6069 PMGG POLO,19.99,16
000000582742,CAMISA ARMANELLI MM 6046 PMGG POLO,19.99,16
000000582780,CAMISA ARMANELLI MM 6068 PMGG POLO,19.99,16
000000610063,CALCA VILEJACK SARJA JG001 36A48,19.99,16
000000618694,CAMISA ARMANELLI JACQ 6060 PMGG POL,19.99,16
000000624138,CAMISETE VILEJACK JEANS DVFCA ML LD,19.99,16
000000569699,CAMISA MX72 SARJA 20039 PMGG ML LEGADO ZZ,19.99,16
000000584517,CAMISA D O PIQUET PL088 G1G3 POLO P LEGADO ZZ,19.99,16
000000595032,CAMISETA LOCAL DRY 19449 G1G3 VERDE LEGADO ZZ,19.99,16
000000595056,CAMISETA LOCAL DRY 19451 G1G3 MARIN LEGADO ZZ,19.99,16
000000601214,CAMISETA GANGSTER MM 51180640 G1G3 LEGADO ZZ,19.99,16
000000601658,SHORT NINE EIG DRY 68100201 PMGG LEGADO ZZ,19.99,16
000000601665,SHORT NINE EIG DRY 68110189 PMGG LEGADO ZZ,19.99,16
000000617123,BERMUDA GOOD BLESS MOL DIV PMGG MAS LEGADO ZZ,14.99,16
000000624190,BERMUDA VILEJACK LYCR DVMBP AD LD LEGADO ZZ,19.99,16
000000626903,BERMUDA KADORY LYCRA DIV 36A46 MASC LEGADO ZZ,14.99,16
000000619530,CALCA BROOKS SARJA LYC 3880 38A48 M,14.99,16
000000537032,CALCA KADORY JEANS LYCRA DIV. MASC.,14.99,16
000000551588,CAMISA ARMANELLI JACQ 6043 AD POLO,14.99,16
000000551601,CAMISA ARMANELLI JACQ 6054 AD POLO,14.99,16
000000581189,SHORT LOCAL DRY 23443 PMGG,9.99,16
000000582766,CAMISA ARMANELLI JACQ 6057 PMGG POL,14.99,16
000000598026,CAMISA POLO PIQUET 23011 PMGG POLO,14.99,16
000000601054,CAMISETA GANGSTER MM 10160973 PMGG,14.99,16
000000601092,CAMISETA GANGSTER MM 11241643 PMGG,14.99,16
000000601146,CAMISETA GANGSTER MM 50011450 G1G3,14.99,16
000000601177,CAMISETA GANGSTER MM 50011446 G1G3,14.99,16
000000601191,CAMISETA GANGSTER MM 51180638 G1G3,14.99,16
000000605274,BERMUDA D O BOTONE BM004 PMGG MASC,14.99,16
000000610674,BERMUDA ANTIKA JEANS DIV 50A56 MASC,14.99,16
000000610681,BERMUDA ANTIKA JEANS DIV 36A48 MASC,14.99,16
000000612166,CAMISETA ANIMAIS F MM WF020264 PMGG,14.99,16
000000613217,CAMISETA GANGSTER MM 50011335 G1G4,14.99,16
000000613699,CAMISETA GANGSTER MM 10160986 PMGG,14.99,16
000000613705,CAMISETA GANGSTER MM 10160987 PMGG,14.99,16
000000613729,CAMISETA GANGSTER MM 10161128 PMGG,14.99,16
000000613835,CAMISETA GANGSTER MM 11193573 PMGG,14.99,16
000000613897,CAMISETA GANGSTER MM 11193677 PMGG,14.99,16
000000613941,CAMISETA GANGSTER MM 11193794 PMGG,14.99,16
000000614023,CAMISETA GANGSTER MM 11241463 PMGG,14.99,16
000000614108,CAMISETA GANGSTER MM 10160978 PMGG,14.99,16
000000614320,MACHAO GANGSTER MM 13070244 PMGG,14.99,16
000000614696,SHORT LOCAL DRY 23496 PMGG MARINHO,14.99,16
000000615402,CAMISETA LOCAL MM 10443 PMGG,14.99,16
000000616256,CAMISETA DIXIE MM 11193111 PMGG,14.99,16
000000616270,CAMISETA DIXIE MM 11193400 PMGG,14.99,16
000000616331,CAMISETA DIXIE MM 11193596 PMGG,14.99,16
000000616362,CAMISETA DIXIE MM 11193687 PMGG,14.99,16
000000616911,CAMISETA DIXIE MM 11193683 PMGG,14.99,16
000000616935,CAMISETA DIXIE MM 11193708 PMGG,14.99,16
000000616959,CAMISETA DIXIE MM 11193757 PMGG,14.99,16
000000617116,BERMUDA GOOD BLESS MOL DIV G1G3 MAS,14.99,16
000000618687,CAMISA ARMANELLI JACQ 6045 PMGG POL,14.99,16
000000623322,CAMISETA JOHNNY BR MM WM020271 PMGG,14.99,16
000000623414,CAMISETA BATMAN MM WM020262 PMGG,14.99,16
000000623438,CAMISETA HARRY POTT MM WM020144 PMG,14.99,16
000000596602,CAMISETA LOCAL MM 10186 PMGG,14.99,16
000000600699,CAMISETA OVERCORE MM 11193953 PMGG,14.99,16
000000514385,BERMUDA VILEJACK SARJA SPORT PRETA LEGADO ZZ,14.99,16
000000584852,CAMISETA ELEMENTO ZERO MM 2114 G1G3 LEGADO ZZ,14.99,16
000000584869,CAMISETA ELEMENTO ZERO MM 2113 G1G3 LEGADO ZZ,14.99,16
000000586603,CAMISA MX72 VISCOLINH 20554 PMGG ML LEGADO ZZ,14.99,16
000000595063,REGATA LOCAL DRY 24327 PMGG PETROLE LEGADO ZZ,14.99,16
000000595094,SHORT LOCAL DRY 24574 PMGG PRETO LEGADO ZZ,14.99,16
000000595100,SHORT LOCAL DRY 23495 PMGG VERDE MI LEGADO ZZ,14.99,16
000000595834,SHORT NINE EIGHT DRY 68100043 PMGG LEGADO ZZ,14.99,16
000000598088,CAMISETA POLO MM 23650 G1G3 LEGADO ZZ,14.99,16
000000600675,CAMISETA OVERCORE MM 11194085 PMGG LEGADO P,14.99,16
000000600712,CAMISETA DIXIE MM 11241632 PMGG LEGADO ZZ,14.99,16
000000601078,CAMISETA GANGSTER MM 11193970 PMGG LEGADO ZZ,14.99,16
000000601122,CAMISETA GANGSTER MM 11241646 PMGG LEGADO ZZ,14.99,16
000000601153,CAMISETA GANGSTER MM 50011445 G1G3 LEGADO ZZ,14.99,16
000000601160,CAMISETA GANGSTER MM 50011452 G1G3 LEGADO ZZ,14.99,16
000000601672,SHORT NINE EIG DRY 68100205 PMGG LEGADO ZZ,14.99,16
000000605496,SHORT LOCAL DRY 19446 G1G3 PRETO LEGADO ZZ,14.99,16
000000610018,BERMUDA VILEJACK SARJA SMBS 36A48 LEGADO ZZ,14.99,16
000000611671,CALCA ECLETICA JEANS DIV 38A50 MASC LEGADO ZZ,14.99,16
000000612074,CAMISETA RICK AND MM WM020269 PMGG LEGADO ZZ,14.99,16
000000612081,CAMISETA RICK AND MM WM020273 PMGG LEGADO ZZ,14.99,16
000000612111,CAMISETA CORINGA MM WM020172 PMGG LEGADO ZZ,14.99,16
000000613903,CAMISETA GANGSTER MM 11193739 PMGG LEGADO ZZ,14.99,16
000000614283,REGATA GANGSTER MM 53040148 G1G4 LEGADO ZZ,14.99,16
000000616348,CAMISETA DIXIE MM 11193602 PMGG LEGADO ZZ,14.99,16
000000616942,CAMISETA DIXIE MM 11193724 PMGG LEGADO ZZ,14.99,16
000000618359,BERMUDA DEZALI HELANCA 155092 PMGG LEGADO ZZ,14.99,16
000000623261,CAMISETA RICK AND MM WM020196 PMGG LEGADO ZZ,14.99,16
000000500951,CAMISETA NINE EIGHT MICRO 10080013,9.99,16
000000551793,CAMISA ARMANELLI JACQ 6047 AD POLO,9.99,16
000000579599,REGATA NINE EIGHT DRY 13760115 PMGG,9.99,16
000000579902,CAMISETA DIXIE MM 11192702 PMGG,9.99,16
000000581059,CAMISETA LOCAL DRY 24078 PMGG,9.99,16
000000581141,REGATA LOCAL DRY 23949 PMGG,9.99,16
000000584678,CAMISETA ELEMENTO ZERO MM 2024 PMGG,9.99,16
000000584685,CAMISETA ELEMENTO ZERO MM 2022 PMGG,9.99,16
000000584845,CAMISETA ELEMENTO ZERO MM 201 PMGG,9.99,16
000000588959,REGATA NATHI MM 03 PMGG MASC,9.99,16
000000594325,CAMISETA GANGSTER MM 11241249 PMGG,9.99,16
000000594400,CAMISETA DIXIE MM 11192837 PMGG,9.99,16
000000594981,CAMISETA LOCAL DRY DIV PMGG VERDE M,9.99,16
000000594998,CAMISETA LOCAL DRY DIV PMGG CHUMBO,9.99,16
000000595797,CAMISETA GANGSTER MM 11200238 PMGG,9.99,16
000000596589,CAMISETA LOCAL MM 28842 PMGG,9.99,16
000000596626,CAMISETA LOCAL MM 10184 PMGG,9.99,16
000000596688,CAMISETA LOCAL MM 28805 PMGG,9.99,16
000000596732,CAMISETA LOCAL MM 10197 PMGG URBAN,9.99,16
000000597760,CAMISETA POLO MM 18307 PMGG BASICA,9.99,16
000000597777,CAMISETA POLO MM 19088 PMGG BASICA,9.99,16
000000597821,CAMISETA POLO MM 23375 PMGG,9.99,16
000000597876,CAMISETA POLO MM 23517 PMGG SWAG,9.99,16
000000597890,CAMISETA POLO MM 20055 PMGG BOLSO,9.99,16
000000597937,CAMISETA POLO MM 23054 PMGG,9.99,16
000000597944,CAMISETA POLO MM 23731 PMGG,9.99,16
000000597951,CAMISETA POLO MM 20256 PMGG RELEVO,9.99,16
000000598071,CAMISETA POLO MM 20109 G1G3,9.99,16
000000598095,CAMISETA POLO MM 23208 G1G3,9.99,16
000000598101,CAMISETA POLO MM 23645 G1G3,9.99,16
000000598293,CAMISETA AERODRY MM 23808 G1G2G3,9.99,16
000000598392,CAMISETA AERODRY MM 23801 G1G3,9.99,16
000000598408,CAMISETA AERODRY MM 23246 G1G3,9.99,16
000000600651,CAMISETA OVERCORE MM 10160953 PMGG,9.99,16
000000600750,CAMISETA DIXIE MM 11241634 PMGG PR,9.99,16
000000601030,CAMISETA GANGSTER MM 10160940 PMGG,9.99,16
000000601603,REGATA NINE EIG DRY 13760146 PMGG,9.99,16
000000612036,CAMISETA LOONEY TUN MM WM020237 PMG,9.99,16
000000612159,CAMISETA SPACE JAM MM WM020313 PMGG,9.99,16
000000612579,CAMISETA NINE EIG DRY 11660173 PMGG,9.99,16
000000612777,REGATA NINE EIGHT DRY 13760185 PMGG,9.99,16
000000612869,REGATA NINE EIGHT DRY 53690058 G1G4,9.99,16
000000613408,CAMISETA GANGSTER MM 10160419 PMGG,9.99,16
000000613460,CAMISETA GANGSTER MM 10160574 PMGG,9.99,16
000000613477,CAMISETA GANGSTER MM 10160576 PMGG,9.99,16
000000613491,CAMISETA GANGSTER MM 10160601 PMGG,9.99,16
000000613514,CAMISETA GANGSTER MM 10160630 PMGG,9.99,16
000000613538,CAMISETA GANGSTER MM 10160648 PMGG,9.99,16
000000613552,CAMISETA GANGSTER MM 10160661 PMGG,9.99,16
000000613620,CAMISETA GANGSTER MM 10160889 PMGG,9.99,16
000000613668,CAMISETA GANGSTER MM 10160894 PMGG,9.99,16
000000614580,CAMISETA LOCAL DRY 24649 PMGG PRETA,9.99,16
000000615068,CAMISETA LOCAL MM 29041 PMGG,9.99,16
000000615082,CAMISETA LOCAL MM 29052 PMGG,9.99,16
000000615112,CAMISETA LOCAL MM 29066 PMGG,9.99,16
000000615129,CAMISETA LOCAL MM 10187 PMGG,9.99,16
000000615303,CAMISETA LOCAL MM 15373 PMGG OVERSI,9.99,16
000000615341,CAMISETA LOCAL MM 19641 G1G3,9.99,16
000000615921,CAMISETA OVERCORE MM 10160499 PMGG,9.99,16
000000615969,CAMISETA OVERCORE MM 10160668 PMGG,9.99,16
000000616317,CAMISETA DIXIE MM 11193471 PMGG,9.99,16
000000616898,CAMISETA DIXIE MM 11193668 PMGG,9.99,16
000000617598,CAMISA ULTIMATO MM 540358 PMGG POLO,9.99,16
000000617611,CAMISA ULTIMATO MM 64233 G1G3 POLO,9.99,16
000000619110,CAMISETA GANGSTER MM 10161402 PMGG,9.99,16
000000619165,CAMISETA GANGSTER MM 10161376 PMGG,9.99,16
000000619172,CAMISETA GANGSTER MM 10161382 PMGG,9.99,16
000000619202,CAMISETA GANGSTER MM 10161387 PMGG,9.99,16
000000619240,CAMISETA GANGSTER MM 10161386 PMGG,9.99,16
000000619578,SHORT SKL SARJA 3803 38A48 MASC EST,9.99,16
000000621038,CAMISETA OVER SURF MM M0486 PMGG,9.99,16
000000621120,CAMISETA OVER SURF MM M0479 PMGG,9.99,16
000000621137,CAMISETA OVER SURF MM M0462 PMGG,9.99,16
000000621151,CAMISETA OVER SURF MM M0470 PMGG,9.99,16
000000621168,CAMISETA OVER SURF MM M0522 PMGG,9.99,16
000000621250,REGATA OVER SURF MM M14064 PMGG,9.99,16
000000623278,CAMISETA SUPER MAN MM WM020342 PMGG,9.99,16
000000623292,CAMISETA BATMAN MM WM020267 PMGG,9.99,16
000000452397,CAMISA TIFA MM DIV PMGG POLO LEGADO ZZ,9.99,16
000000577830,CAMISETA GANGSTER MM 10019927 PMGG LEGADO ZZ,9.99,16
000000581097,CAMISETA LOCAL DRY 24142 PMGG LEGADO ZZ,9.99,16
000000581134,REGATA LOCAL DRY 23966 PMGG LEGADO ZZ,9.99,16
000000582490,CAMISETA DK2 MM 205007 G1G3 LEGADO ZZ,9.99,16
000000582568,SHORT DK2 MOL 205013 G1G3 LEGADO ZZ,9.99,16
000000584784,CAMISETA ELEMENTO ZERO MM 2098 PMGG LEGADO ZZ,9.99,16
000000589888,CAMISETA NINE EIG DRY 79050003 AD M LEGADO ZZ,9.99,16
000000594974,CAMISETA LOCAL DRY DIV PMGG PETROLE LEGADO ZZ,9.99,16
000000595070,REGATA LOCAL DRY 24331 PMGG VERDE M LEGADO ZZ,9.99,16
000000595124,REGATA LOCAL DRY 24331 PMGG PETROLE LEGADO ZZ,9.99,16
000000596572,CAMISETA LOCAL MM 28853 PMGG LEGADO ZZ,9.99,16
000000596596,CAMISETA LOCAL MM 10277 PMGG LEGADO ZZ,9.99,16
000000596619,CAMISETA LOCAL MM 10276 PMGG LEGADO ZZ,9.99,16
000000596671,CAMISETA LOCAL MM 28797 PMGG LEGADO ZZ,9.99,16
000000596695,CAMISETA LOCAL MM 28780 PMGG LEGADO ZZ,9.99,16
000000597845,CAMISETA POLO MM 20255 PMGG SWAG LEGADO ZZ,9.99,16
000000597920,CAMISETA POLO MM 23371 PMGG LEGADO ZZ,9.99,16
000000598125,CAMISETA POLO MM 23946 G1G3 LEGADO ZZ,9.99,16
000000600767,CAMISETA DIXIE MM 11241634 PMGG BR LEGADO ZZ,9.99,16
000000600880,REGATA GANGSTER MM 13060581 PMGG LEGADO ZZ,9.99,16
000000600897,CAMISETA GANGSTER MM 10160961 PMGG LEGADO ZZ,9.99,16
000000600903,CAMISETA GANGSTER MM 10160967 PMGG LEGADO ZZ,9.99,16
000000600910,CAMISETA GANGSTER MM 10160962 PMGG LEGADO ZZ,9.99,16
000000600934,CAMISETA GANGSTER MM 10160943 PMGG LEGADO ZZ,9.99,16
000000600941,CAMISETA GANGSTER MM 10160945 PMGG LEGADO ZZ,9.99,16
000000600972,CAMISETA GANGSTER MM 10160966 PMGG LEGADO ZZ,9.99,16
000000600989,CAMISETA GANGSTER MM 10160968 PMGG LEGADO ZZ,9.99,16
000000601047,CAMISETA GANGSTER MM 10160921 PMGG LEGADO ZZ,9.99,16
000000601467,CAMISETA NINE EIG DRY 11820177 PMGG LEGADO ZZ,9.99,16
000000601474,CAMISETA NINE EIG DRY 11820373 PMGG LEGADO ZZ,9.99,16
000000601498,CAMISETA NINE EIG DRY 10140300 PMGG LEGADO ZZ,9.99,16
000000601511,CAMISETA NINE EIG DRY 11820364 PMGG LEGADO ZZ,9.99,16
000000601528,CAMISETA NINE EIG DRY 11820368 PMGG LEGADO ZZ,9.99,16
000000601535,CAMISETA NINE EIG DRY 11820367 PMGG LEGADO ZZ,9.99,16
000000601542,CAMISETA NINE EIG DRY 11820377 PMGG LEGADO ZZ,9.99,16
000000601566,REGATA NINE EIG DRY 13390200 PMGG LEGADO ZZ,9.99,16
000000601573,REGATA NINE EIG DRY 13760208 PMGG LEGADO ZZ,9.99,16
000000604130,CAMISETA D O MOULINE PMGG LEGADO ZZ,9.99,16
000000612029,CAMISETA LOONEY TUN MM WM020169 PMG LEGADO ZZ,9.99,16
000000612050,CAMISETA CORAGEM MM WM020317 PMGG LEGADO ZZ,9.99,16
000000617581,CAMISA ULTIMATO MM 540356 PMGG POLO LEGADO ZZ,9.99,16
000000617635,CAMISA ULTIMATO MM 64236 G1G3 POLO LEGADO ZZ,9.99,16
000000617734,BERMUDA ULTIMATO MOL 56490 PMGG LEGADO ZZ,9.99,16
000000618366,BERMUDA DEZALI MOL 155086 PMGG LEGADO ZZ,9.99,16
000000618373,BERMUDA DEZALI MOL 155093 PMGG LEGADO ZZ,9.99,16
000000619127,CAMISETA GANGSTER MM 10161375 PMGG LEGADO ZZ,9.99,16
000000621106,CAMISETA OVER SURF MM M0521 PMGG LEGADO ZZ,9.99,16
000000568128,BERMUDA GOOD BLESS MOL 2037 PMGG MA,9.99,16
000000568296,CAMISETA RESERVA MM 9017 G1G3 LISA,9.99,16
000000577700,CAMISETA GANGSTER MM DIV PMGG,9.99,16
000000582414,CAMISETA DK2 MM 204019 PMGG,9.99,16
000000582469,REGATA DK2 MM 204007 PMGG,9.99,16
000000582483,CAMISETA DK2 MM 205006 G1G3,9.99,16
000000584692,CAMISETA ELEMENTO ZERO MM 2020 PMGG,9.99,16
000000584708,CAMISETA ELEMENTO ZERO MM 2019 PMGG,9.99,16
000000597753,CAMISETA POLO MM 23510 PMGG BASICA,9.99,16
000000597784,CAMISETA POLO MM 20355 PMGG BASICA,9.99,16
000000597791,CAMISETA POLO MM 24255 PMGG FLORAL,9.99,16
000000597852,CAMISETA POLO MM 23038 PMGG RELEVO,9.99,16
000000597869,CAMISETA POLO MM 23383 PMGG RELEVO,9.99,16
000000597883,CAMISETA POLO MM 23380 PMGG SWAG,9.99,16
000000597906,CAMISETA POLO MM 23841 PMGG,9.99,16
000000597913,CAMISETA POLO MM 20259 PMGG,9.99,16
000000597975,CAMISETA POLO MM 23370 PMGG LEVIS,9.99,16
000000598064,CAMISETA POLO MM 17442 G1G3 BASICA,9.99,16
000000598262,CAMISETA AERODRY MM 23781 PMGG,9.99,16
000000598279,CAMISETA AERODRY MM 23837 PMGG,9.99,16
000000598309,CAMISETA AERODRY MM 23777 PMGG,9.99,16
000000598330,CAMISETA AERODRY MM 23388 PMGG,9.99,16
000000598361,CAMISETA AERODRY MM 23764 PMGG,9.99,16
000000598415,CAMISETA AERODRY MM 23748 G1G3,9.99,16
000000607605,CAMISETA DISNEY MM 7712 PMGG BASICA,9.99,16
000000607629,CAMISETA HEIL MM 7721 PMGG,9.99,16
000000608589,MACHAO ULTIMATO MM 63104 G1G3,9.99,16
000000608596,MACHAO ULTIMATO MM 63105 G1G3,9.99,16
000000608602,MACHAO ULTIMATO MM 63106 G1G3,9.99,16
000000608619,MACHAO ULTIMATO MM 63107 G1G3,9.99,16
000000610704,CAMISETA SUMMER DRY 7094 G1G4,9.99,16
000000612067,CAMISETA JOHNNY BR MM WM020268 PMGG,9.99,16
000000612135,CAMISETA SPACE JAM MM WM020306 PMGG,9.99,16
000000612180,CAMISETA SUPER MAN MM WM020362 PMGG,9.99,16
000000613385,CAMISETA GANGSTER MM 10160405 PMGG,9.99,16
000000613521,CAMISETA GANGSTER MM 10160647 PMGG,9.99,16
000000613583,CAMISETA GANGSTER MM 10160885 PMGG,9.99,16
000000615198,CAMISETA LOCAL MM 10368 PMGG,9.99,16
000000615228,CAMISETA LOCAL MM 10385 PMGG,9.99,16
000000615266,CAMISETA LOCAL MM 10415 PMGG,9.99,16
000000615280,CAMISETA LOCAL MM 15360 PMGG OVERSI,9.99,16
000000616881,CAMISETA DIXIE MM 11193662 PMGG,9.99,16
000000617574,CAMISA ULTIMATO MM 540361 MGG POLO,9.99,16
000000617864,REGATA COCO FREE MM DIV G1G3,9.99,16
000000619219,CAMISETA GANGSTER MM 10161396 PMGG,9.99,16
000000620888,CAMISETA UZ3 COLISAO MM 50000 PMGG,9.99,16
000000621021,CAMISETA OVER SURF MM M0524 PMGG,9.99,16
000000621090,CAMISETA OVER SURF MM M0477 PMGG,9.99,16
000000621113,CAMISETA OVER SURF MM M0492 PMGG,9.99,16
000000621175,CAMISETA OVER SURF MM M0490 PMGG,9.99,16
000000539920,CAMISA RESERVA PIQUET 1003 G1G4 POL,9.99,16
000000598378,CAMISETA AERODRY MM 23393 PMGG,9.99,16
000000600620,CAMISETA OVERCORE MM 11830019 PMGG,9.99,16
000000539937,CAMISA RESERVA PIQUET G1G4 POLO BOL LEGADO ZZ,9.99,16
000000577588,CAMISETA GANGSTER MM 10160235 PMGG LEGADO ZZ,9.99,16
000000579827,CAMISETA DIXIE MM 11192742 PMGG LEGADO ZZ,9.99,16
000000579872,CAMISETA DIXIE MM 11192848 PMGG LEGADO ZZ,9.99,16
000000579940,CAMISETA DIXIE MM 11192452 PMGG LEGADO ZZ,9.99,16
000000582476,CAMISETA DK2 MM 205000 G1G3 LEGADO ZZ,9.99,16
000000582513,REGATA DK2 MM 205011 G1G3 LEGADO ZZ,9.99,16
000000583855,CAMISETA FATAL MM 24974 PMGG P1 LEGADO ZZ,9.99,16
000000584272,CAMISETA COLISAO MM 131PRV PMGG LEGADO ZZ,9.99,16
000000584289,CAMISETA COLISAO MM 91PRV PMGG LEGADO ZZ,9.99,16
000000584326,CAMISETA COLISAO MM 82PRV PMGG LEGADO ZZ,9.99,16
000000584333,CAMISETA COLISAO MM 80ALV PMGG LEGADO ZZ,9.99,16
000000584371,CAMISETA COLISAO MM 85ALV PMGG LEGADO ZZ,9.99,16
000000584722,CAMISETA ELEMENTO ZERO MM 2027 PMGG LEGADO ZZ,9.99,16
000000584777,CAMISETA ELEMENTO ZERO MM 2055 PMGG LEGADO ZZ,9.99,16
000000584821,CAMISETA ELEMENTO ZERO MM 2051 PMGG LEGADO ZZ,9.99,16
000000584838,CAMISETA ELEMENTO ZERO MM 501 PMGG LEGADO ZZ,9.99,16
000000589994,BERMUDA FISHER MOL PMGG LISA LEGADO ZZ,9.99,16
000000596640,CAMISETA LOCAL MM 10173 PMGG LEGADO ZZ,9.99,16
000000597968,CAMISETA POLO MM 23374 PMGG RELEVO LEGADO ZZ,9.99,16
000000598347,CAMISETA AERODRY MM 23387 PMGG LEGADO ZZ,9.99,16
000000600927,CAMISETA GANGSTER MM 10160944 PMGG LEGADO ZZ,9.99,16
000000604123,CAMISETA D O FIO A FIO PL116 115 AD LEGADO ZZ,9.99,16
000000608497,CAMISETA ULTIMATO MM 61199 G1G3 LEGADO ZZ,9.99,16
000000608503,CAMISETA ULTIMATO MM 61198 G1G3 LEGADO ZZ,9.99,16
000000582445,CAMISETA DK2 MM 204012 PMGG,4.99,16
000000626583,BERMUDA INSIGNE MOL BE004 PMGG,4.99,16
000000617406,CAMISETA ULTIMATO MM 510539 PMGG BA LEGADO ZZ,4.99,16
000000568111,BERMUDA GOOD BLESS MOL 2015 PMGG MA,4.99,16
000000582452,CAMISETA DK2 MM 204003 PMGG,4.99,16
000000599023,SHORT DLP TACTEL PMGG ESTAMP MASC,4.99,16
000000599405,SHORT INTRANSITO TACTEL PMGG ESTAMP,4.99,16
000000599412,SHORT INTRANSITO TACTEL PMGG LISO,4.99,16
000000607582,CAMISETA SILVERGOLD MM DIV PMGG EST,4.99,16
000000608329,CAMISETA ULTIMATO MM 51891 PMGG,4.99,16
000000608336,CAMISETA ULTIMATO MM 51969 PMGG,4.99,16
000000608367,CAMISETA ULTIMATO MM 510168 PMGG,4.99,16
000000608374,CAMISETA ULTIMATO MM 510169 PMGG,4.99,16
000000608404,CAMISETA ULTIMATO MM 510176 PMGG,4.99,16
000000608411,CAMISETA ULTIMATO MM 510177 PMGG,4.99,16
000000608435,CAMISETA ULTIMATO MM 510172 PMGG,4.99,16
000000608459,CAMISETA ULTIMATO MM 510182 PMGG,4.99,16
000000608466,CAMISETA ULTIMATO MM 52603 PMGG,4.99,16
000000608732,REGATA ULTIMATO MM 53605 PMGG,4.99,16
000000610209,SHORT LUKYS ELAST 129 PMGG MASC LIS,4.99,16
000000617222,CAMISETA ULTIMATO MM 52639 PMGG,4.99,16
000000617239,CAMISETA ULTIMATO MM 510345 PMGG,4.99,16
000000617383,CAMISETA ULTIMATO MM 510538 PMGG,4.99,16
000000608343,CAMISETA ULTIMATO MM 51970 PMGG LEGADO ZZ,4.99,16
000000608398,CAMISETA ULTIMATO MM 510175 PMGG LEGADO ZZ,4.99,16
000000608428,CAMISETA ULTIMATO MM 510178 PMGG LEGADO ZZ,4.99,16
000000608442,CAMISETA ULTIMATO MM 510181 PMGG LEGADO ZZ,4.99,16
000000608473,CAMISETA ULTIMATO MM 52604 PMGG LEGADO ZZ,4.99,16
000000608626,MACHAO ULTIMATO MM 53597 PMGG LEGADO ZZ,4.99,16
000000608633,MACHAO ULTIMATO MM 53598 PMGG LEGADO ZZ,4.99,16
000000608640,MACHAO ULTIMATO MM 53599 PMGG LEGADO ZZ,4.99,16
000000608657,MACHAO ULTIMATO MM 53602 PMGG LISA LEGADO ZZ,4.99,16
000000608664,MACHAO ULTIMATO MM 53595 PMGG LEGADO ZZ,4.99,16
000000608725,REGATA ULTIMATO MM 53607 PMGG LEGADO ZZ,4.99,16
000000608749,REGATA ULTIMATO MM 53608 PMGG LISA LEGADO ZZ,4.99,16
000000617192,CAMISETA ULTIMATO MM 52615 PMGG LEGADO ZZ,4.99,16
000000617208,CAMISETA ULTIMATO MM 52616 PMGG LEGADO ZZ,4.99,16
000000656764,CAMISA GANGST MM 29370066 G1G3 POLO,49.99,16
000000657129,BERMUDA GANGST MOL 17050167 AD MAS,49.99,16
000000668279,CAMISA MX72 VISCOLIN 22537 PMGG ML,59.99,16
000000668286,CAMISA MX72 VISCOLIN 22538 PMGG ML,59.99,16
000000589758,CALCA NINE EIGHT MICRO 19290101 PMG,49.99,16
000000589772,CALCA NINE EIGHT MICRO 19290107 PMG,49.99,16
000000600088,CAMISA MX72 JEANS 20041 PMGG BOLSO,49.99,16
000000656726,CAMISA GANGSTER MM 29370071 POLO AD,49.99,16
000000656788,CAMISA GANGST MM 64410158 G1G3 POLO,49.99,16
000000657235,BERMUDA GANGST MOLET 57040125 G1G4,49.99,16
000000630993,CALCA NINE EIGHT DRY 19290128 PMGG LEGADO ZZ,49.99,16
000000631075,CAMISETA NINE DRY 51210001 G1G3 ML LEGADO ZZ,39.99,16
000000636339,CAMISA MX72 VISCOL 22052 PMGG ML FL LEGADO ZZ,49.99,16
000000636414,CAMISA MX72 CAMBR 22018 PMGG ML BOL LEGADO ZZ,49.99,16
000000656702,CAMISA GANGSTER MM 29370058 POLO AD LEGADO ZZ,49.99,16
000000658737,CALCA LOCAL JEANS 33153 AD RASG LEGADO ZZ,69.99,16
000000622875,CAMISA MX72 CAMBRAIA 21633 5A8 ML,39.99,16
000000668248,CAMISA MX72 FIOAFIO 22549 PMGG ML,49.99,16
000000668422,CAMISA MX72 FLAME 22528 PMGG MC,39.99,16
000000668514,CAMISA MX72 MIXTO 22516 AD MC ESTAM,39.99,16
000000569446,CAMISA MX72 HAVANA 20032 PMGG ML,39.99,16
000000637541,CAMISA GANGSTER MM 29070894 PMGG PO,39.99,16
000000637589,CAMISA GANGSTER MM 29070915 PMGG PO,39.99,16
000000639538,CALCA ECXO SARJA 9814 AD MASC JOGGE,49.99,16
000000640145,CALCA M DENIM SARJ 11177 CARGO AD M,39.99,16
000000645836,CALCA ECXO SARJA 4166 AD MASC JOGGE,49.99,16
000000645850,CALCA ECXO SARJA 36312 AD MASC JOGG,49.99,16
000000656689,CAMISA GANGSTER MM 29070955 POLO AD,39.99,16
000000657099,BERMUDA GANGST SARJA 17200009 CARGO,59.99,16
000000657242,SHORT GANGST MICRO 58060001 G1G4 MA,39.99,16
000000658706,CALCA LOCAL JEANS 33262 AD CARGO,59.99,16
000000668255,CAMISA MX72 CHAMBRAY 22547 PMGG ML,49.99,16
000000637619,CAMISA GANGSTER MM 64560067 G1G3 PO,49.99,16
000000569606,CAMISA MX72 MISTO 20068 PMGG ML Sortida P,39.99,16
000000636261,CAMISA MX72 MISTO 22032 PMGG ML XAD LEGADO ZZ,39.99,16
000000636308,CAMISA MX72 CAMBRAIA 21023 PMGG ML LEGADO ZZ,39.99,16
000000636322,CAMISA MX72 VISCOL 22053 PMGG ML FL LEGADO ZZ,49.99,16
000000637626,CAMISA GANGSTER MM 64410137 G1G3 PO LEGADO ZZ,49.99,16
000000639316,CALCA DIXIE SARJA 19790256 38A48 LEGADO ZZ,39.99,16
000000639514,CALCA ECXO SARJA 9792 AD MASC JOGGE LEGADO ZZ,49.99,16
000000639521,CALCA ECXO SARJA 3631B AD MASC JOGG LEGADO ZZ,49.99,16
000000640626,CALCA LOCAL JEANS 33178 RASGA AD MA LEGADO ZZ,59.99,16
000000645843,CALCA ECXO SARJA 3631P AD MASC JOGG LEGADO ZZ,49.99,16
000000654814,CAMISA DIXIE MM 29080627 AD POLO ZI LEGADO ZZ,39.99,16
000000656757,CAMISA GANGST MM 29370063 G1G3 POLO LEGADO ZZ,49.99,16
000000657273,SHORT GANGST MICRO 68090057 AD MASC LEGADO ZZ,39.99,16
000000637978,BERMUDA VILEJACK BRIM BG002 PLUS LD,39.99,16
000000589734,CALCA NINE EIGHT MICRO 19290103 PMG,49.99,16
000000631006,CALCA NINE EIGHT DRY 19290138 PMGG,49.99,16
000000637558,CAMISA GANGSTER MM 29070902 PMGG PO,39.99,16
000000640657,BERMUDA LOCAL JEANS 31886 AD MASC,49.99,16
000000640664,BERMUDA LOCAL JEANS 31918 RASG AD M,49.99,16
000000656313,CAMISETA GANGSTER MM 51180728 G1G3,29.99,16
000000668231,CAMISA MX72 MISTO 22543 PMGG ML LIS,49.99,16
000000668378,CAMISA MX72 MAQUINE 22502 AD MC,39.99,16
000000668484,CAMISA MX72 CAMBRAI 22554 PLUS ML B,39.99,16
000000612302,SHORT NINE EIGHT MICRO 68090039 PMG,29.99,16
000000655279,SHORT NINE EIG DRY 68090079 AD MASC,29.99,16
000000655293,BERMUDA NINE EIG DRY 17500177 AD MA,29.99,16
000000618755,CAMISA ARMANELLI FLAME 6054 G1G5 PO LEGADO ZZ,29.99,16
000000668309,CAMISA MX72 ALG 22529 PMGG ML BOLSO LEGADO ZZ,39.99,16
000000549127,CALCA ORUAM SARJA 36A46 COLOR MASC,39.99,16
000000599467,CALCA OPPING SARJA 38A48 MASC PRETA,39.99,16
000000610049,CALCA PARADOX LYC DIV 38A48 TRAD MA,39.99,16
000000611343,CALCA TBT LYCRA DIV 36A46 MASC PRET,39.99,16
000000631068,CAMISETA NINE DRY 11720029 PMGG ML,29.99,16
000000633918,CALCA MAX DEN. SARJ 11185 AD MAS MA,39.99,16
000000633925,CALCA MAX DEN. SARJ 11187 AD MAS AZ,39.99,16
000000635783,CALCA ORUAM LYC DIV 36A46 MASC SKIN,39.99,16
000000636186,CAMISA MX72 JAQUARD 21032 PMGG ML,39.99,16
000000636193,CAMISA MX72 MISTO 21024 PMGG ML FLO,39.99,16
000000636445,CAMISA MX72 MISTO 22005 PMGG,39.99,16
000000637459,CAMISETA GANGST MM 10161631 AD BOB,24.99,16
000000640121,CALCA M DENIM JEANS 11282 JOG AD M,39.99,16
000000641760,CALCA MAX DEN. SKINNY 11279 AD MASC,39.99,16
000000644365,CAMISA ARMANELLI PIQU 6088 PMGG POL,29.99,16
000000654722,CAMISETA DIXIE MM 11194108 PMGG MAS,24.99,16
000000654760,CAMISETA DIXIE MM 10210014 PMGG MAS,24.99,16
000000655774,CAMISETA GANGSTER MM 11194617 AD MA,24.99,16
000000656429,CAMISETA GANGSTER MM 10161908 AD MA,24.99,16
000000657259,SHORT GANGST MICRO 58060003 G1G4 MA,39.99,16
000000658669,BERMUDA LOCAL JEANS 31950 PMGG RASG,39.99,16
000000668392,CAMISA MX72 CAMBRAIA 22505 AD MC BO,39.99,16
000000658935,SHORT LOCAL MICRO 27555 PMGG MAS,24.99,16
000000586528,CAMISA MX72 LISTRA FINA 20501 PMGG LEGADO ZZ,29.99,16
000000599993,CAMISA MX72 MAQUINETADO 21002 PMGG LEGADO ZZ,29.99,16
000000600033,CAMISA MX72 FLAME 21012 PMGG ML BOL LEGADO ZZ,39.99,16
000000631051,CAMISETA NINE DRY 11720030 PMGG ML LEGADO ZZ,29.99,16
000000633949,CALCA MAX DEN. SARJ 11255 AD MAS PR LEGADO ZZ,39.99,16
000000639309,CALCA DIXIE SARJA 19790135 38A48 LEGADO ZZ,39.99,16
000000667845,CAMISETA ELEMENTO ZERO MM 20004 AD LEGADO ZZ,29.99,16
000000667869,CAMISETA ELEMENTO ZERO MM 20003 AD LEGADO ZZ,29.99,16
000000637695,REGATA GANGSTER MM 13060592 PMGG LEGADO ZZ,24.99,16
000000551618,CAMISA ARMANELLI MM 5201 PMGG POLO,29.99,16
000000582759,CAMISA MAC GIANT JACQ 6051 PMGG POL,29.99,16
000000611718,BERMUDA POINT BREAK LINHO ABELINCL,29.99,16
000000612234,BERMUDA NINE EIG DRY 57300016 G1G4,29.99,16
000000637213,CAMISETA GANGSTER MM 11241689 PMGG,24.99,16
000000637268,CAMISETA GANGSTER MM 11193641 PMGG,24.99,16
000000640534,CAMISETA LOCAL 29193 MM PMGG,24.99,16
000000640589,CAMISETA LOCAL 29225 MM PMGG,24.99,16
000000640671,BERMUDA LOCAL JEANS 31916 RASG AD M,29.99,16
000000641319,SHORT LOCAL DRY 27047 PMGG,24.99,16
000000644273,CAMISA MAC GIANT JACQ 6093 PMGG POL,29.99,16
000000644280,CAMISA MAC GIANT JACQ 6095 PMGG POL,29.99,16
000000644297,CAMISA MAC GIANT JACQ 6094 PMGG POL,29.99,16
000000644389,CAMISA MAC GIANT MM 6083 PMGG POLO,29.99,16
000000648349,BERMUDA DK2 MOL 234050 PMGG,24.99,16
000000655231,SHORT NINE EIG DRY 17500180 AD MASC,29.99,16
000000655873,CAMISETA GANGSTER MM 10161098 AD MA,24.99,16
000000655897,CAMISETA GANGSTER MM 10160542 AD MA,24.99,16
000000655934,CAMISETA GANGSTER MM 10160671 AD MA,24.99,16
000000656986,MACHAO GANGSTER MM 13020702 AD MAS,24.99,16
000000657570,BERMUDA SIDEWAY HELANC SM070014 AD,24.99,16
000000657648,CAMISETA TAZ MM WM020411 AD MAS,24.99,16
000000657815,CAMISETA PERNALONGA MM WM020490 AD,24.99,16
000000658386,CAMISETA LOCAL MM 10617 PMGG MAS,24.99,16
000000658621,REGATA LOCAL MM 19672 PMGG MAS,24.99,16
000000663380,CAMISA D O JACARD PL035 POLO PMGG,24.99,16
000000667746,CAMISETA ELEMENTO ZERO MM 20033 AD,24.99,16
000000667814,CAMISETA ELEMENTO ZERO MM 20062 AD,24.99,16
000000668163,CALCA VILEJACK SARJA CS001 AD M LD,29.99,16
000000669764,CALCA VALE WEST LYC DIV PLUS PR IMP,29.99,16
000000637671,REGATA GANGSTER MM 13070285 PMGG,24.99,16
000000637701,REGATA GANGSTER MM 13070278 PMGG,24.99,16
000000641272,CAMISETA LOCAL DRY 24711 PMGGG,19.99,16
000000654906,CAMISETA NINE EIG DRY 11820462 AD M,19.99,16
000000654999,CAMISETA NINE EIG DRY 10140347 AD M,19.99,16
000000656054,CAMISETA GANGSTER MM 10161712 AD MA,24.99,16
000000656979,MACHAO GANGSTER MM 13070319 AD MAS,19.99,16
000000657006,REGATA GANGSTER MM 13060798 AD MAS,24.99,16
000000667166,CAMISETA LONGWAY DRY 11300P G1G3 MA,19.99,16
000000655156,REGATA NINE EIG DRY 13760283 AD MAS,19.99,16
000000637244,CAMISETA GANGSTER MM 11193738 PMGG LEGADO ZZ,24.99,16
000000638197,CAMISA VILEJACK TRICOL BC002 MAS LD LEGADO ZZ,19.99,16
000000640770,CAMISETA FATAL 26295 PMGG LEGADO ZZ,24.99,16
000000641289,CAMISETA LOCAL DRY 24712 PMGGG LEGADO ZZ,19.99,16
000000642262,BERMUDA CDKA MOL 5008 PMGG CARGO LEGADO ZZ,19.99,16
000000648356,BERMUDA DK2 MOL 234046 PMGG LEGADO ZZ,24.99,16
000000653565,CAMISA JEZZIAN VISC EK1613A AD ML M LEGADO ZZ,29.99,16
000000657280,SHORT GANGST MICRO 68090041 AD MASC LEGADO ZZ,29.99,16
000000657662,CAMISETA HARRY POTER MM WM020339 AD LEGADO ZZ,24.99,16
000000657747,CAMISETA RICK MORTY MM WM020487 AD LEGADO ZZ,24.99,16
000000667791,CAMISETA ELEMENTO ZERO MM 20031 AD LEGADO ZZ,24.99,16
000000639996,BERMUDA LONGWAY DRY 91314 G1G3,19.99,16
000000647755,CAMISETA ULTIMATO DRY 511118 PMGG LEGADO ZZ,14.99,16
000000582773,CAMISA MAC GIANT PIQUET 6064 AD POL,24.99,16
000000604840,BERMUDA POINT BREAK TELA ABETELCL,24.99,16
000000623056,CAMISA MATOSO POLY DIV PMGG MC BOLS,24.99,16
000000626835,CAMISA D O LEROY PL127 PMGG POLO,24.99,16
000000629850,CAMISA ARMANELLI DIVERSOS PMGG MC,19.99,16
000000630924,CALCA SOCIAL RADICAL ALFHA CLESS DI,24.99,16
000000637480,CAMISETA GANGSTER MM 50011485 G1G3,24.99,16
000000639743,REGATA LONGWAY DRY 3067 G1G3,19.99,16
000000640749,CAMISETA FATAL 26183 PMGG,19.99,16
000000641401,SHORT LOCAL DRY 27516 PMGG,24.99,16
000000641517,CAMISA TEODORO OXFORD 999MC AD,19.99,16
000000643382,CAMISA TIFA MM PQ800 PMGG POLO BOLS,14.99,16
000000643405,CAMISA TIFA MM PQ800 G1G4 POLO,19.99,16
000000643870,CAMISETA FATAL MM 26206 PMGG,19.99,16
000000644624,BERMUDA AGATHOS MOL 2908068 PMGG MA,19.99,16
000000644631,BERMUDA AGATHOS HELANCA 2908072 AD,19.99,16
000000644662,BERMUDA AGATHOS HELANCA 2908070 AD,19.99,16
000000647564,CAMISA ULTIMATO MM 64287 G1G3 POLO,19.99,16
000000648059,CAMISETA ULTIM DRY UV DIV AD ML,19.99,16
000000648363,BERMUDA DK2 MOL 234044 PMGG,24.99,16
000000648387,BERMUDA DK2 MOL 234034 PMGG,19.99,16
000000654555,CAMISETA DIXIE MM 11194102 PMGG MAS,24.99,16
000000654739,CAMISETA DIXIE MM 11194024 PMGG MAS,24.99,16
000000655286,BERMUDA NINE EIG DRY 17500184 AD MA,24.99,16
000000655606,CAMISETA GANGSTER MM 11241790 AD MA,24.99,16
000000655620,CAMISETA GANGSTER MM 11194612 AD MA,24.99,16
000000655705,CAMISETA GANGSTER MM 11194605 AD MA,24.99,16
000000655736,CAMISETA GANGSTER MM 11194737 AD MA,24.99,16
000000655743,CAMISETA GANGSTER MM 11194615 AD MA,24.99,16
000000655798,CAMISETA GANGSTER MM 11194708 AD MA,24.99,16
000000655880,CAMISETA GANGSTER MM 10161693 AD MA,24.99,16
000000655941,CAMISETA GANGSTER MM 10161677 AD MA,24.99,16
000000655996,CAMISETA GANGSTER MM 10161699 AD MA,24.99,16
000000656108,CAMISETA GANGSTER MM 10200020 AD MA,19.99,16
000000656184,CAMISETA GANGSTER MM 10162225 AD MA,24.99,16
000000656191,CAMISETA GANGSTER MM 10162242 AD MA,24.99,16
000000656221,CAMISETA GANGSTER MM 10162224 AD MA,24.99,16
000000656238,CAMISETA GANGSTER MM 10200017 AD MA,19.99,16
000000656290,CAMISETA GANGSTER MM 50011754 G1G3,24.99,16
000000657532,CAMISA RESERVA MM 5000 AD POLO,19.99,16
000000657556,BERMUDA SIDEWAY HELANC SM070011 AD,24.99,16
000000657587,BERMUDA SIDEWAY HELANC SM070016 AD,24.99,16
000000657594,BERMUDA SIDEWAY HELANC SM070015 AD,24.99,16
000000657945,CAMISETA OVERCORE MM 12020229 ALEMA,24.99,16
000000657969,CAMISETA OVERCORE MM 12020231 FRANC,24.99,16
000000658461,CAMISETA LOCAL MM 29357 PMGG MAS,24.99,16
000000658478,CAMISETA LOCAL MM 29329 PMGG MAS,24.99,16
000000658485,CAMISETA LOCAL MM 29307 PMGG MAS,24.99,16
000000658492,CAMISETA LOCAL MM 29308 PMGG MAS,24.99,16
000000658515,CAMISETA LOCAL MM 29331 PMGG MAS,24.99,16
000000658539,CAMISETA LOCAL MM 29335 PMGG MAS,24.99,16
000000658546,CAMISETA LOCAL MM 29337 PMGG MAS,24.99,16
000000658591,CAMISETA LOCAL MM 29359 PMGG MAS,24.99,16
000000661171,CAMISETA GANGSTER MM 10162233 AD MA,24.99,16
000000661188,CAMISETA GANGST MM 10162238 AD MAS,24.99,16
000000661195,CAMISETA GANGST MM 10162235 AD MAS,24.99,16
000000667777,CAMISETA ELEMENTO ZERO MM 20063 AD,24.99,16
000000667838,CAMISETA ELEMENTO ZERO MM 20046 AD,24.99,16
000000669559,BERMUDA VITORIA MOL 7718 PMGG,24.99,16
000000640022,BERMUDA LONGWAY DRY 91317 G1G3,19.99,16
000000640039,BERMUDA LONGWAY DRY 91318 G1G3,19.99,16
000000647588,CAMISETA ULTIMATO MM 61314 G1G3,19.99,16
000000647595,CAMISETA ULTIMATO MM 61313 G1G3,19.99,16
000000647618,CAMISETA ULTIMATO MM 61315 G1G3,19.99,16
000000647748,CAMISETA ULTIMATO DRY 511124 PMGG,14.99,16
000000647977,MACHAO ULTIMATO MM 63148 G1G3,14.99,16
000000647991,MACHAO ULTIMATO MM 63147 G1G3,14.99,16
000000667296,BERMUDA LONGWAY DRY 91349A PMGG MA,14.99,16
000000667326,BERMUDA LONGWAY DRY 91213A PMGG MA,14.99,16
000000637183,CAMISA LF PIQUET DIV PMGG POLO LEGADO ZZ,19.99,16
000000637381,CAMISETA GANGSTER MM 10161170 PMGG LEGADO ZZ,19.99,16
000000639859,REGATA LONGWAY DRY 2103 PMGG LEGADO ZZ,19.99,16
000000641524,CAMISA TEODORO VARIADAS 999 ML PMGG LEGADO ZZ,19.99,16
000000655682,CAMISETA GANGSTER MM 11194403 AD MA LEGADO ZZ,24.99,16
000000655811,CAMISETA GANGSTER MM 11640015 AD MA LEGADO ZZ,24.99,16
000000655835,CAMISETA GANGSTER MM 11241793 AD MA LEGADO ZZ,24.99,16
000000656153,CAMISETA GANGSTER MM 10200013 AD MA LEGADO ZZ,19.99,16
000000668583,CAMISETA FATAL MM 26977 PMGG LEGADO ZZ,19.99,16
000000653534,CAMISA JEZZIAN VISC EK1615A AD ML M LEGADO ZZ,24.99,16
000000599696,CAMISA BLATT PA DIVERSAS AD ML,19.99,16
000000604147,CAMISA D O STAIRS PL102 PMGG POLO,19.99,16
000000626941,BERMUDA TIFA MOL DIV PMGG,19.99,16
000000637350,CAMISETA GANGSTER MM 10161172 PMGG,19.99,16
000000637367,CAMISETA GANGSTER MM 10161118 PMGG,19.99,16
000000637398,CAMISETA GANGSTER MM 10161167 PMGG,19.99,16
000000637411,CAMISETA GANGSTER MM 10160617 PMGG,19.99,16
000000637992,BERMUDA VILEJACK LYCR P001 36A50 LD,19.99,16
000000638067,BERMUDA SCANNER SARJ BE001 36A50 LD,19.99,16
000000638722,CAMISA VILEJ MM PG002 G1G3 POLO LD,19.99,16
000000639385,CAMISETA NINE DRY 10140377 PMGG,19.99,16
000000639392,CAMISETA NINE DRY 10140372 PMGG,19.99,16
000000639439,CAMISETA NINE DRY 10140327 PMGG,19.99,16
000000639880,BERMUDA LONGWAY DRY 91315 PMGG,14.99,16
000000639903,BERMUDA LONGWAY DRY 91257 PMGG,14.99,16
000000639958,BERMUDA LONGWAY DRY 91252 PMGG,14.99,16
000000639972,BERMUDA LONGWAY DRY 91272 PMGG,14.99,16
000000640510,CAMISETA LOCAL 29132 MM PMGG,19.99,16
000000640558,CAMISETA LOCAL 29199 MM PMGG,19.99,16
000000640572,CAMISETA LOCAL 29219 MM PMGG,19.99,16
000000640602,CAMISETA LOCAL 29271 MM PMGG,19.99,16
000000640800,CAMISETA FATAL 26742 PMGG,19.99,16
000000641302,CAMISETA LOCAL DRY 24737 PMGGG,19.99,16
000000643221,CAMISETA DEZALI MM 159239 PMGG,19.99,16
000000643238,CAMISETA DEZALI MM 159242 PMGG,19.99,16
000000643245,CAMISETA DEZALI MM 159243 PMGG,19.99,16
000000643252,CAMISETA DEZALI MM 159244 PMGG,19.99,16
000000644570,BERMUDA AGATHOS MOL 2908067 PMGG MA,19.99,16
000000644587,BERMUDA AGATHOS MOL 2908066 PMGG MA,19.99,16
000000644594,BERMUDA AGATHOS MOL 2908065 PMGG MA,19.99,16
000000644648,BERMUDA AGATHOS HELANCA 2908071 AD,19.99,16
000000644655,BERMUDA AGATHOS HELANCA 2908063 AD,19.99,16
000000644686,BERMUDA AGATHOS MOLETIN 2908075 AD,19.99,16
000000647496,CAMISA ULTIMATO MM 540604 PMGG POLO,19.99,16
000000647502,CAMISA ULTIMATO MM 540607 PMGG POLO,19.99,16
000000647526,CAMISA ULTIMATO MM 540609 MGG POLO,19.99,16
000000647625,CAMISETA ULTIMATO MM 61311 G1G3,19.99,16
000000647960,MACHAO ULTIMATO MM 63149 G1G3,14.99,16
000000655002,CAMISETA NINE EIG DRY 10140382 AD M,19.99,16
000000655132,REGATA NINE EIG DRY 13760281 AD MAS,19.99,16
000000655989,CAMISETA GANGSTER MM 10161120 AD MA,19.99,16
000000656030,CAMISETA GANGSTER MM 10161286 AD MA,19.99,16
000000656078,CAMISETA GANGSTER MM 10161640 AD MA,19.99,16
000000656115,CAMISETA GANGSTER MM 10200014 AD MA,19.99,16
000000656139,CAMISETA GANGSTER MM 10200010 AD MA,19.99,16
000000656146,CAMISETA GANGSTER MM 10200009 AD MA,19.99,16
000000657020,MACHAO GANGSTER MM 13060752 AD MAS,19.99,16
000000657655,CAMISETA TAZ MM WM020260 AD MAS,19.99,16
000000657679,CAMISETA HARRY POTER MM WM020453 AD,19.99,16
000000657693,CAMISETA HARRY POTER MM WM020263 AD,19.99,16
000000657754,CAMISETA MATRIX MM WM020350 AD MAS,19.99,16
000000658638,REGATA LOCAL MM 19671 PMGG MAS,19.99,16
000000658645,REGATA LOCAL MM 19679 PMGG MAS,19.99,16
000000658836,CAMISETA LOCAL DRY 24793 PMGG MAS,19.99,16
000000663427,CAMISETA D O MOULINE PL039 040 PMGG,19.99,16
000000667210,CAMISETA LONGWAY DRY 11259A PMGG MA,19.99,16
000000668002,CAMISETA ULTIMATO DRY 511464 AD FUR,19.99,16
000000668224,CAMISA VILEJ MM 004 AD POLO LD LIST,19.99,16
000000668590,CAMISETA FATAL MM 27286 PMGG,19.99,16
000000668606,CAMISETA FATAL MM 27304 PMGG,19.99,16
000000668620,CAMISETA FATAL MM 26996 PMGG,19.99,16
000000668637,CAMISETA FATAL MM 26301 PMGG,19.99,16
000000668651,CAMISETA FATAL MM 27035 PMGG,19.99,16
000000668668,CAMISETA FATAL MM 26268 PMGG,19.99,16
000000639941,BERMUDA LONGWAY DRY 91208 PMGG LEGADO ZZ,14.99,16
000000643399,CAMISA TIFA MM PQ800 AD POLO S BOLS LEGADO ZZ,14.99,16
000000647892,MACHAO ULTIMATO MM 53857 PMGG LEGADO ZZ,14.99,16
000000648370,BERMUDA DK2 MOL 234036 PMGG LEGADO ZZ,19.99,16
000000667968,CAMISETA ULTIMATO DRY 511491 AD RAJ LEGADO ZZ,14.99,16
000000668613,CAMISETA FATAL MM 27313 PMGG LEGADO ZZ,19.99,16
000000624121,CAMISA VILEJACK MM PG001 G1G3 POLO LEGADO ZZ,19.99,16
000000637435,CAMISETA GANGST MM 10161547 AD PEPS LEGADO ZZ,19.99,16
000000640817,CAMISETA FATAL 26999 PMGG LEGADO ZZ,19.99,16
000000668552,CAMISETA FATAL MM 27349 PMGG LEGADO ZZ,19.99,16
000000514644,CAMISA BLATT PA DIVERSAS AD MANGA C,14.99,16
000000584494,CAMISA D O PIQU PL004 002 PMGG POLO,14.99,16
000000637985,BERMUDA SCANNER SARJ 5001 36A50 LD,14.99,16
000000639934,BERMUDA LONGWAY DRY 91271 PMGG,14.99,16
000000642170,CAMISETA CDKA MM DIV ADULTO,14.99,16
000000644525,CAMISETA AGATHOS MM 2901064 PMGG MA,14.99,16
000000647946,MACHAO ULTIMATO MM 53852 PMGG,14.99,16
000000648028,REGATA ULTIMATO MM 53859 PMGG,14.99,16
000000667302,BERMUDA LONGWAY DRY 91357A PMGG MA,14.99,16
000000667371,BERMUDA LONGWAY DRY 91360A AD DETAL,14.99,16
000000667401,BERMUDA LONGWAY DRY 91386A PMGG MAS,14.99,16
000000536660,CAMISA ARMANELLI PIQUET 6042 AD POL LEGADO ZZ,14.99,16
000000667319,BERMUDA LONGWAY DRY 91352A PMGG MA LEGADO ZZ,14.99,16
000000668156,SHORT SCANNER ELAST SH001 PMGG M LD LEGADO ZZ,14.99,16
000000605427,BERMUDA CARLYLE MOLETIM 17542 PMGG,9.99,16
000000605489,BERMUDA CARLYLE MOL 17554 PMGG CAMU,9.99,16
000000617857,CAMISETA COCO FREE MM DIV G1G3,9.99,16
000000624114,CAMISA VILEJACK MM DVMPC AD POLO LD,9.99,16
000000641012,CAMISETA BELLER SUPERPAI MAX001 AD,9.99,16
000000641029,CAMISETA BELLER PAI OFF MAX002 AD,9.99,16
000000641036,CAMISETA BELLER ORIGINAL MAX003 AD,9.99,16
000000647922,MACHAO ULTIMATO MM 53856 PMGG,9.99,16
000000663953,REGATA RALAKIDS MM 22163 1A3 ESTAMP,9.99,16
000000663977,REGATA RALAKIDS MM 42180 4A10 CAPUZ,9.99,16
000000668033,CAMISETA CDKA MM DIV G1G3 BRASIL,9.99,16
000000638029,CALCA VILEJACK BRIM BL001 AD LD LEGADO ZZ,9.99,16
000000663960,REGATA RALAKIDS MM 22166 1A3 ESTAMP,9.99,16
000000663991,CAMISETA RALAKIDS MM B2202 1A3 MAS,9.99,16
000000664011,REGATA RALAKIDS MM B2203 1A3 ESTAMP,9.99,16
000000713276,CALCA CONSCIENCIA JEANS 23010 AD MA,99.99,16
000000713283,CALCA CONSCIENCIA JEANS 23170 AD MA,99.99,16
000000713290,CALCA CONSCIENCIA JEANS 23078 AD MA,99.99,16
000000713320,CALCA CONSCIENCIA JEANS 23251 AD MA,79.99,16
000000713306,CALCA CONSCIENCIA JEANS 23153 AD MA,79.99,16
000000713313,CALCA CONSCIENCIA JEANS 23105 AD MA,79.99,16
000000704335,CALCA VILEJACK SARJA SPORT WE AREIA LEGADO ZZ,69.99,16
000000713337,CALCA CONSCIENCIA JEANS 23253 AD MA LEGADO ZZ,79.99,16
000000682299,CALCA VILEJACK SARJ CJ0006 50A56 PR,69.99,16
000000678728,CAMISA MX72 JEANS 23031 PMGGG ML,59.99,16
000000678872,CAMISA MX72 ALGOD 19019 XADRE ML AD,69.99,16
000000665223,CALCA VILEJ SARJ VMCS0304 SPORTW DS,59.99,16
000000698443,BERMUDA GANGSTER MOL 57040153 G1G3,59.99,16
000000715348,CALCA GANGSTER JEANS 59050196 PLUS LEGADO ZZ,79.99,16
000000674690,CAMISA DIXIE TRICOT 87090059 AD ML,69.99,16
000000668477,CAMISA MX72 CAMBRAI 22557 PLUS ML B,59.99,16
000000672115,CAMISA ARMANELLI FLANELA G1G3 MASC,59.99,16
000000674416,CALCA NINE EIGHT MICRO 19980292 AD,49.99,16
000000711173,CALCA MAX DEN.JEAN 11562 AD SKINY M,59.99,16
000000674423,CALCA NINE EIGHT HELA 59060021 G1G3 LEGADO ZZ,59.99,16
000000678698,CAMISA MX72 PA 23047 PMGGG ML,59.99,16
000000678865,CAMISA MX72 MISTO 23051 XADRE ML AD,59.99,16
000000668347,CAMISA MX72 CHAMBRAY 22535 AD ML BO,49.99,16
000000675000,CALCA DIXIE ALFAIAT 19550002 AD MAS,79.99,16
000000678704,CAMISA MX72 ALG 23037 PMGGG ML ESTA,49.99,16
000000678711,CAMISA MX72 CAMBRAIA 23041 PMGGG ML,49.99,16
000000678834,CAMISA MX72 VISCO 23014 XADR MC BOL,49.99,16
000000678841,CAMISA MX72 ALG 23019 XADR ML BOLSO,49.99,16
000000699006,CAMISA WE RE JEANS 210413 AD ML,59.99,16
000000699839,CALCA LOCAL JEANS 33535 AD MAS,69.99,16
000000705141,CALCA MURANO JEANS 80953 38A48 MASC,59.99,16
000000705158,CALCA MURANO JEANS 80942 38A48 MASC,59.99,16
000000705165,CALCA MURANO JEANS 80790 38A48 MASC,59.99,16
000000705172,CALCA MURANO JEANS 80814 38A48 MASC,59.99,16
000000711050,CALCA MAX DEN. JEANS 11541 36A52 MA,59.99,16
000000711074,CALCA MAX DEN. JEANS 11543 36A52 MA,59.99,16
000000711111,CALCA MAX DEN.JEANS 11555 AD SLIM M,59.99,16
000000711258,CALCA MURANO JEANS 80753 38A48 MASC,59.99,16
000000711272,CALCA MURANO JEANS 81041 38A48 MASC,59.99,16
000000711883,CALCA VILEJ LYC VMCI0103 TRADIC MAS,59.99,16
000000713412,BERMUDA CONSCIENC POLIA 90110 AD PR,59.99,16
000000674980,CALCA DIXIE ALFAIAT 19550003 AD MAS LEGADO ZZ,79.99,16
000000685917,CAMISA MALWEE MALHA 110112 G1G5 POL,59.99,16
000000685849,CAMISA MALWEE MALHA 110122 PMGG POL,49.99,16
000000504218,CAMISA ARMANELLI FLANELA PMG MASC,49.99,16
000000678742,CAMISA MX72 ALG 23057 PLUS MC BOLSO,49.99,16
000000679411,CALCA LOCAL JEANS 33312 38A48 CROPP,69.99,16
000000679428,CALCA LOCAL JEANS 33325 38A48 SKINY,69.99,16
000000679435,CALCA LOCAL JEANS 33355 38A48 SKINY,69.99,16
000000679459,CALCA LOCAL JEANS 33383 38A48 SKINY,69.99,16
000000682503,CALCA MAX DEN JEANS 11433 PMGG JOGG,59.99,16
000000682510,CALCA MAX DEN JEANS 11431 36A46 SKI,59.99,16
000000682527,CALCA MAX DEN JEANS DIV 36A52 TRAD,59.99,16
000000682725,CAMISA MAC GIANT MALH 6100 G4G5 POL,49.99,16
000000683890,CAMISA GANGSTER MM 64410176 G1G4 PO,49.99,16
000000690775,CALCA SURF BOY LINHO 41035 PMGG JOG,49.99,16
000000696678,CAMISA DRAZZO FLAME 330878 PMGG ML,59.99,16
000000697637,CAMISA GANGSTER VISC 15060427 AD MC,69.99,16
000000697651,CAMISA GANGSTER VISC 15350199 AD MC,69.99,16
000000697668,CAMISA GANGSTER VISC 15350194 AD MC,69.99,16
000000699822,CALCA LOCAL JEANS 33476 AD MAS,69.99,16
000000701334,CAMISA MX72 CHAMBRAY 23541 PMGG ML,59.99,16
000000701341,CAMISA MX72 VISCOL 23533 PMGG ML BO,59.99,16
000000701358,CAMISA MX72 CHAMBRAY 23531 PMGG ML,59.99,16
000000701372,CAMISA MX72 FLAME 23536 PMGG ML BOL,59.99,16
000000701464,CAMISA MX72 JEANS 23518 PMGG MC,59.99,16
000000705950,CALCA WE RE LINHO 211420 PMGG CARGO,59.99,16
000000711968,CALCA VILEJ JEANS VMCT1004 AD TRADI,49.99,16
000000654838,CAMISA DIXIE MM 29080687 AD POLO MA LEGADO ZZ,39.99,16
000000712743,CALCA GANGST SARJA 19960143 JOGG AD LEGADO ZZ,49.99,16
000000712750,CALCA OVERCORE  JEANS 19350042 JOGGER  AD LEGADO P,49.99,16
000000714891,BERMUDA GANGSTER JEANS 17310545 AD LEGADO ZZ,59.99,16
000000721592,CALCA VILEJACK LYC VMCI0010 38A48 M LEGADO ZZ,49.99,16
000000710091,CALCA PDOZE JEANS 7350 AD MAS Sortida P,49.99,16
000000710145,CALCA PDOZE JEANS 7357 AD MAS Sortida P,49.99,16
000000637565,CAMISA GANGSTER MM 29080549 PMGG PO,39.99,16
000000639545,CALCA ECXO SARJA 9732 AD MASC JOGGE,49.99,16
000000654883,CAMISA DIXIE MM 29080550 AD POLO MA,39.99,16
000000657297,CALCA GANGST JEANS 19350148 AD JOGG,59.99,16
000000668453,CAMISA MX72 MISTO MAQ 22546 PMGG ML,49.99,16
000000675840,CAMISA MX72 DIVERSAS AD ML,39.99,16
000000678650,CAMISA MX72 PA 23016 PMGG MC,39.99,16
000000678667,CAMISA MX72 MISTO 23013 PMGG MC,39.99,16
000000678766,CAMISA MX72 CAMBRAI 23065 PLUS ML B,49.99,16
000000678827,CAMISA MX72 XADREZ 23005 MC AD BOLS,39.99,16
000000681551,CALCA PARADOX JEANS 10473 38A48 MAS,49.99,16
000000681568,CALCA PARADOX JEANS 10400 38A48 MAS,49.99,16
000000681964,CALCA VILEJ ELEG VMCS1003 CHUMB SOC,39.99,16
000000682640,CAMISA ARMANELLI TRIC 9954 PMGG ML,49.99,16
000000683241,CAMISETA DIXIE ALG 29090315 AD PADR,39.99,16
000000683258,CAMISETA DIXIE ALG 29570005 AD PADR,39.99,16
000000683340,CAMISA DIXIE ALG 29570007 AD POLO,39.99,16
000000683357,CAMISA DIXIE ALG 29071027 AD POLO,39.99,16
000000683364,CAMISA DIXIE ALG 29080811 AD POLO,39.99,16
000000683388,CAMISA DIXIE ALG 29090248 AD POLO,39.99,16
000000683852,CAMISA GANGSTER MM 29071016 PMGG PO,39.99,16
000000683869,CAMISA GANGSTER MM 29071023 PMGG PO,39.99,16
000000686136,BERMUDA MALWEE MOL 94114 G1G5 MASC,49.99,16
000000686938,CALCA PARADOX SARJA 10414 AD M SPOR,49.99,16
000000686945,CALCA PARADOX JEANS 2078 AD M RASGA,49.99,16
000000686952,CALCA PARADOX JEANS 2173 AD M RASGA,49.99,16
000000686969,CALCA PARADOX JEANS 8602 AD M POIDA,49.99,16
000000686976,CALCA PARADOX JEANS 2425 AD M TRADI,49.99,16
000000686983,CALCA PARADOX JEANS 2937 AD M TRADI,49.99,16
000000686990,CALCA PARADOX JEANS 10490 AD M TRAD,49.99,16
000000693851,CALCA ALLEGORIA TECNOL CL030 AD MAS,49.99,16
000000694438,CAMISA GANGSTER MM 29071018 PMGG PO,39.99,16
000000694445,CAMISA GANGSTER MM 29071026 PMGG PO,39.99,16
000000697774,BERMUDA GANGSTER MOL 17870559 AD MA,49.99,16
000000697781,BERMUDA GANGSTER MOL 17870560 AD MA,49.99,16
000000697859,BERMUDA GANGST JEANS 17310597 AD MA,49.99,16
000000699716,BERMUDA LOCAL MOL 25220 AD MAS,39.99,16
000000701280,CAMISA MX72 FLAME 23562 EXTRA MC BO,49.99,16
000000701303,CAMISA MX72 CHAMBRAY 23540 PMGG ML,49.99,16
000000701327,CAMISA MX72 CAMBRAIA 23550 PMGG ML,49.99,16
000000701365,CAMISA MX72 CHAMBRAY 23532 PMGG ML,49.99,16
000000701419,CAMISA MX72 MISTO 23573 PMGG MC EST,39.99,16
000000711241,CALCA ROWERS JEANS DIV AD MASC,49.99,16
000000712057,BERMUDA VILEJ SARJ VMBS0303 AD KAKI,39.99,16
000000604772,CAMISA GANGSTER VISCOS 55140007 PMG,59.99,16
000000701501,CAMISA MX72 MAQUIN 23508 PMGG MC BO,39.99,16
000000667104,CAMISA MAC GIANT MM 6064 G1G3 POLO LEGADO ZZ,39.99,16
000000697736,CAMISA GANGSTER MM 29080901 AD POLO LEGADO ZZ,39.99,16
000000722315,BERMUDA VILEJ JEANS BG0100 50A62 MA LEGADO ZZ,49.99,16
000000685863,CAMISA MALWEE MOULINE 100212 AD POL,49.99,16
000000589833,CALCA NINE EIG NEOPRE 59060034 G1G3,49.99,16
000000604789,CAMISA GANGSTER VISCOS 55140012 PMG,49.99,16
000000604796,CAMISA GANGSTER VISCOS 55140015 PMG,49.99,16
000000610629,CALCA SOCIAL M.HOMEM MICRO DIV TRAD,39.99,16
000000615495,CALCA LOCAL JEANS 37037 48A54 RASGA,49.99,16
000000656771,CAMISA GANGST MM 29370087 G1G3 POLO,49.99,16
000000658959,SHORT LOCAL MICRO 27579 PMGG MAS,39.99,16
000000668361,CAMISA MX72 CONCEPT 22500 AD MC BOL,39.99,16
000000669467,CALCA SOCIAL ELSHAY OXFORD DIV TRAD,39.99,16
000000674478,CAMISETA NINE DRY 11720054 AD ML CP,29.99,16
000000674485,CAMISETA NINE DRY 11720053 AD ML CP,29.99,16
000000678629,CAMISA MX72 ALG 23001 PMGGG MC BOLS,39.99,16
000000679381,SHORT LOCAL DRY 25670 PMGGG,39.99,16
000000679404,SHORT LOCAL DRY 25665 PMGGG,39.99,16
000000683777,CAMISETA GANGSTER MM 51240284 G1G4,39.99,16
000000685900,CAMISA MALWEE PIQU 98630 G1G5 POLO,39.99,16
000000696661,CAMISA DRAZZO FLAME 330862 PMGG MC,49.99,16
000000697682,CAMISA GANGSTER MM 29080923 AD POLO,39.99,16
000000697699,CAMISA GANGSTER MM 29071055 AD POLO,39.99,16
000000697705,CAMISA GANGSTER MM 29080902 AD POLO,39.99,16
000000697712,CAMISA GANGSTER MM 29080918 AD POLO,39.99,16
000000697729,CAMISA GANGSTER MM 29071057 AD POLO,39.99,16
000000697743,SHORT GANGSTER MICRO 68110231 AD MA,39.99,16
000000698450,SHORT GANGSTER MICRO 58060045 G1G3,39.99,16
000000698573,CAMISA GANGSTER MM 64560112 G1G3 PO,49.99,16
000000698597,CAMISA GANGSTER MM 64410184 G1G3 PO,49.99,16
000000699754,BERMUDA LOCAL JEANS 32502 AD DESTRO,49.99,16
000000699761,BERMUDA LOCAL JEANS 31987 AD DESTRO,49.99,16
000000701457,CAMISA MX72 JEANS 23524 PMGG MC,39.99,16
000000713863,CAMISA WE RE VISC 210550T3 PMGG MC,39.99,16
000000668095,BERMUDA VILEJ SORT BP001 36A50 LD,29.99,16
000000699143,BERMUDA NINE EIGH DRY 57300021 G1G3,39.99,16
000000372961,CALCA VILEJACK JEANS CT00 36A50 MAS,49.99,16
000000427340,CALCA VILEJACK LYCRA CL0 36A50 MASC,49.99,16
000000585118,CALCA VILEJACK SARJ CG020 50A62 CAQ,49.99,16
000000596800,CALCA LOCAL JEANS 30861 38A46 MASC,49.99,16
000000596831,CALCA LOCAL JEANS 33045 38A46 MASC,49.99,16
000000599757,CALCA MAX DENIM LYCRA 11012 38 48 M,49.99,16
000000599771,CALCA MAX DENIM LYCRA 11059 38 48 M,49.99,16
000000608077,CALCA ORUAM LYC DIV 48A54 MASC TRAD,49.99,16
000000610032,CALCA PARADOX LYC DIV 38A48 POIDA M,49.99,16
000000611350,CALCA TBT LYCRA DIV 36A46 MASC AZUL,39.99,16
000000638753,CALCA DIJORIS LYCRA 36A42 MASC TRAD,49.99,16
000000638760,CALCA DIJORIS LYCRA 36A42 MASC SLIM,49.99,16
000000656672,CAMISA GANGSTER MM 29080681 POLO AD,39.99,16
000000687959,CALCA PDOZE JEANS 7186 AD MAS,39.99,16
000000712460,CALCA DYJORIS JEANS 30171 SLIM MASC,39.99,16
000000712484,CALCA DYJORIS JEANS 30170 TRAD MASC,39.99,16
000000682091,CALCA DYJORIS JEAN DJ30163 36A48 MA LEGADO ZZ,39.99,16
000000702867,CAMISETA OVER SURF MM 123211062 AD LEGADO ZZ,39.99,16
000000536615,CAMISA MAC GIANT JACQU 6024 AD POLO,39.99,16
000000604734,CAMISA GANGSTER VISCOS 15300077 PMG,39.99,16
000000626972,CAMISA D O DOUBL JACQ PL129 128 POL,29.99,16
000000633956,CALCA MAX DEN. LYCR DIV AD MASC TRA,39.99,16
000000644303,CAMISA MAC GIANT MALH 6100 PMGG POL,39.99,16
000000644310,CAMISA MAC GIANT JACQ 6097 PMGG POL,39.99,16
000000654821,CAMISA DIXIE MM 29080630 AD POLO ZI,39.99,16
000000654845,CAMISA DIXIE MM 29080625 AD POLO MA,39.99,16
000000654852,CAMISA DIXIE MM 29080598 AD POLO MA,39.99,16
000000656245,CAMISETA GANGSTER MM 50011622 PLUS,29.99,16
000000656740,CAMISA GANGSTER MM 29080611 POLO AD,39.99,16
000000669498,CALCA VALE WEST LYC DIV PLUS PR NAC,39.99,16
000000682107,CALCA DYJORIS JEAN DJ30165 36A48 MA,39.99,16
000000682404,CAMISETA GANGSTER MM 50011486 PLUS,29.99,16
000000682411,CAMISETA GANGSTER MM 50011490 PLUS,29.99,16
000000682435,CAMISETA GANGSTER MM 50011639 PLUS,29.99,16
000000682626,CAMISA ARMANELLI PIQU 6115 PMGG POL,39.99,16
000000682701,CAMISA ARMANELLI MM 6082 G1G3 POLO,39.99,16
000000682718,CAMISA ARMANELLI PIQU 6115 G1G3 POL,39.99,16
000000684156,BERMUDA NINE EIGH DRY 17500249 PMGG,29.99,16
000000684170,BERMUDA NINE EIGH DRY 17500259 PMGG,29.99,16
000000684187,BERMUDA NINE EIGH DRY 17500254 PMGG,29.99,16
000000684194,BERMUDA NINE EIGH DRY 17500269 PMGG,29.99,16
000000684200,BERMUDA NINE EIGH DRY 17500246 PMGG,29.99,16
000000684217,BERMUDA NINE EIGH DRY 17500242 PMGG,29.99,16
000000684224,BERMUDA NINE EIGH DRY 17500252 PMGG,29.99,16
000000687898,CALCA PDOZE JEANS 7051 AD MAS,39.99,16
000000687904,CALCA PDOZE JEANS 2486 AD MAS,39.99,16
000000687911,CALCA PDOZE JEANS 7139 AD MAS,39.99,16
000000687928,CALCA PDOZE JEANS 2475 AD MAS,39.99,16
000000687935,CALCA PDOZE JEANS 7124 AD MAS,39.99,16
000000687942,CALCA PDOZE JEANS 7154 AD MAS,39.99,16
000000687966,CALCA PDOZE JEANS 2499 7194 AD MAS,39.99,16
000000688123,CALCA TRIP SIDE JEANS 1316 38A48 MA,39.99,16
000000696555,CAMISA DRAZZO PIQUET 110875 AD POLO,39.99,16
000000696562,CAMISA DRAZZO PIQUET 110880 AD POLO,39.99,16
000000696579,CAMISA DRAZZO PIQUET 110881 AD POLO,39.99,16
000000696586,CAMISA DRAZZO PIQUET 110883 AD POLO,39.99,16
000000696593,CAMISA DRAZZO PIQUET 110888 AD POLO,39.99,16
000000696623,CAMISA DRAZZO PIQUET 110907 AD POLO,39.99,16
000000696630,CAMISA DRAZZO PIQUET 110911 AD POLO,39.99,16
000000696647,CAMISA DRAZZO PIQUET 110897 AD POLO,39.99,16
000000698931,CAMISA WE RE VISCOSE 210537C3 AD MC,29.99,16
000000699129,SHORT NINE EIGH DRY 17500169 PMGG M,29.99,16
000000699709,BERMUDA LOCAL MOL 25234 AD MAS,39.99,16
000000699723,BERMUDA LOCAL MOL 25249 AD MAS,39.99,16
000000699778,BERMUDA LOCAL JEANS 31994 AD DESTRO,39.99,16
000000699860,CAMISA DIXIE MM 29090447 AD POLO,39.99,16
000000699884,CAMISA DIXIE MM 29090449 AD POLO,39.99,16
000000699891,CAMISA DIXIE MM 29110012 AD POLO,39.99,16
000000699921,CAMISA DIXIE MM 29090371 AD POLO ZI,39.99,16
000000699952,CAMISA DIXIE MM 29080882 AD POLO,39.99,16
000000700900,CALCA PDOZE JEANS 7286 AD MAS,39.99,16
000000700948,CALCA PDOZE JEANS 7294 AD MAS,39.99,16
000000700979,CALCA VIZZY SARJA 94554 AD MAS BEGE,39.99,16
000000701013,CALCA PDOZE JEANS 2532 AD MAS,39.99,16
000000710084,CALCA VIZZY SARJA 94453 AD MAS,39.99,16
000000710114,CALCA PDOZE JEANS 2553 AD MAS,39.99,16
000000710169,CALCA PDOZE JEANS 2560 AD MAS,39.99,16
000000710176,CALCA PDOZE JEANS 7328 AD MAS,39.99,16
000000710183,CALCA PDOZE JEANS 7367 AD MAS,39.99,16
000000712699,SHORT GANGST SARJA 17470033 BEGE AD,39.99,16
000000713887,CAMISA WE RE VISC 210550 AD MC VERD,39.99,16
000000714167,CAMISETA DIXIE ALG 29570006 AD PADR,39.99,16
000000724982,CAMISA FATAL MM 28506 AD POLO BRANC,29.99,16
000000499484,CAMISETA DIXIE ALG 15190021 ML M AD,39.99,16
000000694353,CAMISETA GANGSTER MM 50011803 G1G4,24.99,16
000000698979,CAMISA WE RE VISCOS 210537L12 AD MC,29.99,16
000000715027,CAMISETA GANGSTER MM 11242391 PMGG,24.99,16
000000637510,CAMISETA GANGSTER MM 50011516 PLUS LEGADO ZZ,29.99,16
000000681513,BERMUDA PARADOX JEANS 10089 AD DEST LEGADO ZZ,39.99,16
000000687478,SHORT FATAL TACTEL 28729 PMGG MASC LEGADO ZZ,39.99,16
000000688789,CALCA SOCIAL VILEJACK LD 38A50 MAS Sortida P,29.99,16
000000695794,BERMUDA GOOD BLESS MOL 632 G1G3 LEGADO ZZ,24.99,16
000000699204,CAMISETA NINE EIGH DRY 10140351 AD LEGADO ZZ,24.99,16
000000712705,SHORT GANGST SARJA 17470031 PR AD LEGADO ZZ,39.99,16
000000712729,SHORT GANGST SARJA 17470034 BR AD LEGADO ZZ,39.99,16
000000715621,SHORT GANGST SARJA 17030930 MARROM LEGADO ZZ,39.99,16
000000716000,BERMUDA YOU JEANS 947311 AD MASC LEGADO ZZ,39.99,16
000000724609,REGATA GANGSTER MM 53050183 G1AG4 LEGADO ZZ,29.99,16
000000000260,CALCA ROLI JEANS POPULAR,39.99,16
000000669481,CALCA VALE WEST LYCR DIV 38A48 PRET,39.99,16
000000678032,CAMISETA OVER SURF MM 123141201 G1G,29.99,16
000000685948,CAMISETA MALWEE MALHA 104404 G1G5,29.99,16
000000687607,CAMISETA ECKO MM J233A PMGG VD MILI,29.99,16
000000704007,CAMISETA MALWEE MALHA 87858 G1G5,29.99,16
000000600842,CALCA PEOPLE FLANELA 8000 PMGG MASC,29.99,16
000000604857,BERMUDA POINT BREAK BRIM ASBRMTT AD,29.99,16
000000610636,CALCA SOCIAL M.HOMEM MICRO DIV SLIM,29.99,16
000000615464,BERMUDA LOCAL JEANS 37308 48A54 RAS,29.99,16
000000618717,CAMISA MAC GIANT JACQ 6056 AD POLO,29.99,16
000000635806,BERMUDA BEMAX LYCRA DIV MASC 48A56,29.99,16
000000638180,CAMISA VILEJACK TRICOL BC001 MAS LD,24.99,16
000000638203,SHORT GANGSTER TACTEL 17021486 PMGG,29.99,16
000000638210,SHORT GANGSTER TACTEL 68100299 PMGG,29.99,16
000000641487,BERMUDA POINT BREAK XBETELCL LIN G3,29.99,16
000000669474,CALCA VALE WEST LYCR DIV 38A48 AZUL,29.99,16
000000677561,BERMUDA PARADOX JEANS 9694 36A48 MA,29.99,16
000000677936,CAMISETA OVER SURF MM 123111108 PMG,24.99,16
000000677950,CAMISETA OVER SURF MM 123111201 PMG,24.99,16
000000677974,CAMISETA OVER SURF MM 123111110 PMG,24.99,16
000000678001,CAMISETA OVER SURF MM 123111301 PMG,24.99,16
000000678384,BERMUDA SCANNER SARJ DSMSG001 G1G3,24.99,16
000000679107,CAMISETA LOCAL MM 29608 PMGGG MASC,24.99,16
000000679114,CAMISETA LOCAL MM 29574 PMGGG MASC,24.99,16
000000679138,CAMISETA LOCAL MM 29592 PMGGG MASC,24.99,16
000000679176,CAMISETA LOCAL MM 29585 PMGGG MASC,24.99,16
000000679213,CAMISETA LOCAL DRY 25580 PMGGG,24.99,16
000000679220,CAMISETA LOCAL DRY 25588 PMGGG,24.99,16
000000679268,CAMISETA LOCAL DRY 25579 PMGGG,24.99,16
000000679282,CAMISETA LOCAL DRY 25590 PMGGG,24.99,16
000000679299,CAMISETA LOCAL DRY 25589 PMGGG,24.99,16
000000681483,BERMUDA PARADOX JEANS 2218 38A48,24.99,16
000000682183,SHORT SCANNER SARJA SMSG1200 G1G3 M,24.99,16
000000682749,CAMISA PLANE MM PL2008 PMGG POLO,24.99,16
000000682756,CAMISA PLANE MM PL2009 PMGG POLO,24.99,16
000000682763,CAMISA PLANE MM PL2010 PMGG POLO,24.99,16
000000682770,CAMISA PLANE MM PL2013 PMGG POLO,24.99,16
000000682800,CAMISA D O PREMIUM PL096 097 AD POL,24.99,16
000000683043,CAMISETA OVERCORE MM 11194815 AD MA,24.99,16
000000683050,CAMISETA OVERCORE MM 10162596 AD MA,24.99,16
000000683081,CAMISETA OVERCORE MM 10162587 AD MA,24.99,16
000000683098,CAMISETA OVERCORE MM 11194933 AD MA,24.99,16
000000683104,CAMISETA OVERCORE MM 11242200 AD MA,24.99,16
000000683128,CAMISETA OVERCORE MM 10162580 AD MA,24.99,16
000000683135,CAMISETA OVERCORE MM 10162595 AD MA,24.99,16
000000683142,CAMISETA OVERCORE MM 11194906 AD MA,24.99,16
000000683173,CAMISETA OVERCORE MM 10162577 AD MA,24.99,16
000000683180,CAMISETA OVERCORE MM 10162574 AD MA,24.99,16
000000683197,CAMISETA OVERCORE MM 10162594 AD MA,24.99,16
000000683203,CAMISETA OVERCORE MM 11194910 AD MA,24.99,16
000000683234,CAMISETA DIXIE ALG 11242100 PMGG MA,24.99,16
000000683265,CAMISETA DIXIE ALG 11242092 AD MAS,24.99,16
000000683272,CAMISETA DIXIE ALG 10210043 AD MAS,24.99,16
000000683289,CAMISETA DIXIE ALG 10210044 AD MAS,24.99,16
000000683296,CAMISETA DIXIE ALG 11194895 AD MAS,24.99,16
000000683302,CAMISETA DIXIE ALG 11242130 AD MAS,24.99,16
000000683326,CAMISETA DIXIE ALG 11194808 AD MAS,24.99,16
000000683333,CAMISETA DIXIE ALG 11242149 AD MAS,24.99,16
000000683401,CAMISETA GANGSTER MM 11242136 PMGG,24.99,16
000000683432,CAMISETA GANGSTER MM 11242116 PMGG,24.99,16
000000683456,CAMISETA GANGSTER MM 11194799 PMGG,24.99,16
000000683463,CAMISETA GANGSTER MM 11194841 PMGG,24.99,16
000000683487,CAMISETA GANGSTER MM 11194835 PMGG,24.99,16
000000683494,CAMISETA GANGSTER MM 11194828 PMGG,24.99,16
000000683524,CAMISETA GANGSTER MM 10162683 PMGG,24.99,16
000000683531,CAMISETA GANGSTER MM 10162693 PMGG,24.99,16
000000683609,CAMISETA GANGSTER MM 10162657 PMGG,24.99,16
000000683630,CAMISETA GANGSTER MM 10162515 PMGG,24.99,16
000000683647,CAMISETA GANGSTER MM 10162236 PMGG,24.99,16
000000683708,CAMISETA GANGSTER MM 11242193 PMGG,24.99,16
000000684088,CAMISETA NINE EIG DRY 11820505 PMGG,24.99,16
000000684125,CAMISETA NINE EIG DRY 11820497 PMGG,24.99,16
000000686051,CAMISETA MALWEE MALHA 87604 PMGG,29.99,16
000000686099,CAMISETA MALWEE FIOAFIO 106645 PMGG,29.99,16
000000686105,CAMISETA MALWEE MOULINE 70969 PMGG,29.99,16
000000687003,BERMUDA PARADOX SARJA 0002 4827 SPO,29.99,16
000000687041,BERMUDA PARADOX JEANS 9062 AD POIDA,29.99,16
000000687065,BERMUDA PARADOX JEANS 8108 AD TRADI,29.99,16
000000687430,CAMISA FATAL MM 28798 PMGG POLO,29.99,16
000000687447,CAMISA FATAL MM 28506 PMGG POLO MAR,29.99,16
000000687454,CAMISA FATAL PIQ 28641 AD POLO VERD,29.99,16
000000687584,CAMISETA ECKO MM J234A PMGG PRETO,24.99,16
000000687737,CAMISA FATAL PIQ 28641 AD POLO MARI,29.99,16
000000687744,CAMISA FATAL MM 28506 AD POLO VERME,29.99,16
000000694339,CAMISETA GANGSTER MM 50011753 G1G4,29.99,16
000000695831,CAMISETA ELEMENTO ZERO MM 30051 G1G,29.99,16
000000697033,CAMISETA GANGSTER MM 11195016 AD MA,29.99,16
000000698474,CAMISETA GANGSTER MM 51240310 G1G3,29.99,16
000000698498,CAMISETA GANGSTER MM 50110006 G1G3,29.99,16
000000698504,CAMISETA GANGSTER MM 51240306 G1G3,29.99,16
000000698511,CAMISETA GANGSTER MM 50011850 G1G3,29.99,16
000000698528,CAMISETA GANGSTER MM 50011866 G1G3,29.99,16
000000698542,CAMISETA GANGSTER MM 50011870 G1G3,29.99,16
000000698566,CAMISETA GANGSTER MM 51240313 G1G3,29.99,16
000000698580,CAMISETA GANGSTER MM 50011881 G1G3,29.99,16
000000698603,REGATA GANGSTER MM 53040228 G1G3 MA,29.99,16
000000698627,REGATA GANGSTER MM 53050223 G1G3 MA,29.99,16
000000699167,CAMISETA NINE EIGH DRY 11820510 AD,24.99,16
000000699211,CAMISETA NINE EIGH DRY 11820426 AD,24.99,16
000000699235,CAMISETA NINE EIGH DRY 10140370 AD,24.99,16
000000699266,CAMISETA NINE EIG DRY 50100089 G1G3,24.99,16
000000699914,CAMISA DIXIE MM 29090356 AD POLO,29.99,16
000000700047,CAMISETA DIXIE MM 29080887 PMGG ZIP,29.99,16
000000700658,SHORT NINE EIG DRY 68100531 PMGG,29.99,16
000000701068,BERMUDA PDOZE JEANS 7137 AD MAS,29.99,16
000000703833,REGATA MALWEE MALHA 113504 G1G5 MA,29.99,16
000000703949,CAMISETA MALWEE MALHA 113474 PXGG,29.99,16
000000704014,CAMISETA MALWEE MALHA 113485 G1G5,29.99,16
000000704021,CAMISETA MALWEE MALHA 113506 G1G5,29.99,16
000000713610,CAMISETA DIXIE ALG 11194942 PMGG MA,24.99,16
000000715249,REGATA GANGSTER MM 53040210 PLUS,29.99,16
000000715256,REGATA GANGSTER MM 53040225 PLUS,29.99,16
000000715843,BERMUDA NINE EIG MICRO 17500298 AD,29.99,16
000000715959,BERMUDA YOU JEANS 946831 AD MASC,29.99,16
000000715980,BERMUDA YOU JEANS 951401 AD MASC,29.99,16
000000715997,BERMUDA YOU JEANS 948301 AD MASC,29.99,16
000000716017,BERMUDA YOU JEANS 947111 AD MASC,29.99,16
000000716024,BERMUDA YOU JEANS 938201 AD MASC,29.99,16
000000613088,SHORT GANGSTER JEANS 68080007 PMGG,29.99,16
000000679329,CAMISETA LOCAL DRY 25513 PMGGG,24.99,16
000000679336,CAMISETA LOCAL DRY 25606 PMGGG,24.99,16
000000679343,CAMISETA LOCAL DRY 25544 PMGGG,24.99,16
000000679350,CAMISETA LOCAL DRY 25559 PMGGG,24.99,16
000000683999,CAMISETA NINE EIG DRY 11820515 PMGG,24.99,16
000000684064,CAMISETA NINE EIG DRY 11820496 PMGG,24.99,16
000000684071,CAMISETA NINE EIG DRY 11820499 PMGG,24.99,16
000000684118,CAMISETA NINE EIG DRY 11820493 PMGG,24.99,16
000000699150,CAMISETA NINE EIGH DRY 11820502 AD,24.99,16
000000699181,CAMISETA NINE EIGH DRY 10140437 AD,24.99,16
000000699242,CAMISETA NINE EIGH DRY 10140336 AD,19.99,16
000000724876,CAMISETA NINE EIG DRY 10140735 PMGG,19.99,16
000000685986,REGATA MALWEE MALHA 110195 PMGG,24.99,16
000000699044,SHORT WE RE VISCOSE 210535P16 AD MA,19.99,16
000000699464,CAMISETA LOCAL MM 29603 PMGG MAS,29.99,16
000000713498,CAMISETA DIXIE ALG 11242131 PMGG MA,24.99,16
000000713511,CAMISETA DIXIE ALG 11242308 PMGG MA,24.99,16
000000713528,CAMISETA DIXIE ALG 11241984 PMGG MA,29.99,16
000000713566,CAMISETA DIXIE ALG 11242259 PMGG MA,24.99,16
000000715058,CAMISETA GANGSTER MM 11242366 PMGG,24.99,16
000000668125,BERMUDA SCAN VILEJ SAR BG01 PLUS LD LEGADO ZZ,24.99,16
000000678414,BERMUDA JEANS.COM BRIM DJCM017 CARG LEGADO ZZ,29.99,16
000000681476,BERMUDA PARADOX JEANS 1864 38A48 LEGADO ZZ,29.99,16
000000683036,CAMISETA OVERCORE MM 11194926 AD MA LEGADO ZZ,24.99,16
000000683593,CAMISETA GANGSTER MM 10162635 PMGG LEGADO ZZ,24.99,16
000000683753,CAMISETA GANGSTER MM 50011833 G1G4 LEGADO ZZ,29.99,16
000000687027,BERMUDA PARADOX JEANS 13526 AD RASG LEGADO ZZ,29.99,16
000000687652,CAMISETA ECKO MM J340A PMGG PRETA LEGADO ZZ,29.99,16
000000687751,CAMISA FATAL MM 28506 AD POLO PRETO LEGADO ZZ,29.99,16
000000694384,CAMISETA GANGSTER MM 11194834 PMGG LEGADO ZZ,29.99,16
000000699853,CAMISA DIXIE MM 29570014 AD G PADRE LEGADO ZZ,29.99,16
000000708692,CAMISA POLO PONTO DA CAMISETA PA AD LEGADO ZZ,19.99,16
000000686150,SHORT LONGBONG ELAST 2112 G1G3 MASC LEGADO ZZ,19.99,16
000000590228,CAMISETA OVER MM 20550 PMGG,19.99,16
000000604116,CAMISETA D O FLAME PL112 111 PMGG,19.99,16
000000611688,CALCA OPPING JEANS 1002 JUV UNIS JO,24.99,16
000000612265,BERMUDA NINE EIG DRY 17500087 PMGG,24.99,16
000000635240,CAMISA D O PIQUET PL027 026 PMGG PO,19.99,16
000000637404,CAMISETA GANGSTER MM 10161040 PMGG,19.99,16
000000654616,CAMISETA DIXIE MM 10161876 PMGG MAS,24.99,16
000000654630,CAMISETA DIXIE MM 11241675 PMGG MAS,24.99,16
000000655699,CAMISETA GANGSTER MM 11194438 AD MA,24.99,16
000000656177,CAMISETA GANGSTER MM 10162227 AD MA,24.99,16
000000656214,CAMISETA GANGSTER MM 10161904 AD MA,24.99,16
000000656405,CAMISETA GANGSTER MM 10161933 AD MA,24.99,16
000000656436,CAMISETA GANGSTER MM 10162237 AD MA,24.99,16
000000657037,MACHAO GANGSTER MM 13070313 AD MAS,24.99,16
000000661010,REGATA NINE EIG DRY 53690065 G1G4,24.99,16
000000663403,CAMISETA D O BOTONE PL139 138 PMGG,19.99,16
000000668217,CAMISA VILEJ MM 001 AD POLO LD LISA,19.99,16
000000678575,BERMUDA VILE BRIM DVMBS004 AD JOGGU,24.99,16
000000679091,CAMISETA LOCAL MM 29607 PMGGG MASC,24.99,16
000000679152,CAMISETA LOCAL MM 29588 PMGGG MASC,24.99,16
000000679305,CAMISETA LOCAL DRY 25658 PMGGG,24.99,16
000000679541,CAMISETA LONGWAY DRY 11336A PMGGG M,19.99,16
000000679558,CAMISETA LONGWAY DRY 11285A PMGGG M,19.99,16
000000679565,CAMISETA LONGWAY DRY 11384A PMGGG M,19.99,16
000000679572,CAMISETA LONGWAY DRY 11406A PMGGG M,19.99,16
000000679589,CAMISETA LONGWAY DRY 11407A PMGGG M,19.99,16
000000679596,CAMISETA LONGWAY DRY 11330A PMGGG M,19.99,16
000000679602,CAMISETA LONGWAY DRY 11338A PMGGG M,19.99,16
000000679619,CAMISETA LONGWAY DRY 11298A PMGGG M,19.99,16
000000679626,CAMISETA LONGWAY DRY 11405A PMGGG M,19.99,16
000000679657,CAMISETA LONGWAY DRY 11362P G1G3,24.99,16
000000679664,CAMISETA LONGWAY DRY 11361P G1G3,24.99,16
000000679671,CAMISETA LONGWAY DRY 11402P G1G3,24.99,16
000000679688,CAMISETA LONGWAY DRY 11403P G1G3,24.99,16
000000679695,CAMISETA LONGWAY DRY 11404P G1G3,24.99,16
000000679701,CAMISETA LONGWAY DRY 11401P G1G3,24.99,16
000000679718,MACHAO LONGWAY DRY 3272P G1G3 MAS,19.99,16
000000679725,MACHAO LONGWAY DRY 3271P G1G3 MAS,19.99,16
000000679732,MACHAO LONGWAY DRY 3279P G1G3 MAS,19.99,16
000000679749,MACHAO LONGWAY DRY 3280P G1G3 MAS,19.99,16
000000679756,MACHAO LONGWAY DRY 3281P G1G3 MAS,19.99,16
000000679763,MACHAO LONGWAY DRY 3282P G1G3 MAS,19.99,16
000000683210,CAMISETA DIXIE ALG 11194898 PMGG MA,24.99,16
000000683418,CAMISETA GANGSTER MM 10162675 PMGG,24.99,16
000000683548,CAMISETA GANGSTER MM 10162633 PMGG,24.99,16
000000683555,CAMISETA GANGSTER MM 10162636 PMGG,24.99,16
000000683562,CAMISETA GANGSTER MM 10162524 PMGG,24.99,16
000000683586,CAMISETA GANGSTER MM 10162495 PMGG,24.99,16
000000683678,CAMISETA GANGSTER MM 10162713 PMGG,24.99,16
000000683692,CAMISETA GANGSTER MM 10162709 PMGG,24.99,16
000000684019,CAMISETA NINE EIG DRY 10140425 PMGG,19.99,16
000000684101,CAMISETA NINE EIG DRY 10140592 PMGG,19.99,16
000000685993,REGATA MALWEE MALHA 110193 PMGG,24.99,16
000000686006,REGATA MALWEE MALHA 110194 PMGG,24.99,16
000000686013,CAMISETA MALWEE MALHA 110129 PMGG,24.99,16
000000686020,CAMISETA MALWEE MALHA 110130 PMGG,24.99,16
000000686037,CAMISETA MALWEE MALHA 110131 PMGG,24.99,16
000000686044,CAMISETA MALWEE MALHA 110132 PMGG,24.99,16
000000687362,CAMISETA FATAL MM 28836 PMGG,24.99,16
000000687393,CAMISETA FATAL MM 28607 PMGG,24.99,16
000000687409,CAMISETA FATAL MM 28601 PMGG,24.99,16
000000687416,CAMISETA FATAL MM 28674 PMGG,24.99,16
000000687546,CAMISETA ECKO MM J209A PMGG MARINHO,24.99,16
000000687560,CAMISETA ECKO MM J254A PMGG MARINHO,24.99,16
000000687577,CAMISETA ECKO MM J250A PMGG BRANCA,24.99,16
000000687614,CAMISETA ECKO MM J230A PMGG MARINHO,24.99,16
000000687645,CAMISETA ECKO MM J278A PMGG MARINHO,24.99,16
000000693295,BERMUDA NELLONDA MOL 9587 G1G3,24.99,16
000000693387,CAMISETA NELLONDA MALHA 9588 G1G3,24.99,16
000000693394,CAMISETA NELLONDA MALHA 9580 G1G3,24.99,16
000000693400,CAMISETA NELLONDA MALHA 9584 G1G3,24.99,16
000000694407,CAMISETA GANGSTER MM 10162521 PMGG,24.99,16
000000695701,BERMUDA GOOD BLESS MOL 638 G1G3 MAS,24.99,16
000000695718,BERMUDA GOOD BLESS MOL 641 G1G3 MAS,24.99,16
000000695787,BERMUDA GOOD BLESS MOL 643 G1G3,24.99,16
000000696708,CAMISETA DRAZZO MM 220745 PMGG,24.99,16
000000696715,CAMISETA DRAZZO MM 220777 PMGG,24.99,16
000000696722,CAMISETA DRAZZO MM 220788 PMGG,24.99,16
000000696739,CAMISETA DRAZZO MM 220791 PMGG,24.99,16
000000697026,CAMISETA GANGSTER MM 11242350 AD MA,24.99,16
000000697040,CAMISETA GANGSTER MM 11242302 AD MA,24.99,16
000000697088,CAMISETA GANGSTER MM 11242374 AD MA,24.99,16
000000697095,CAMISETA GANGSTER MM 11242521 AD MA,24.99,16
000000697101,CAMISETA GANGSTER MM 11242239 AD MA,24.99,16
000000697132,CAMISETA GANGSTER MM 11242270 AD MA,24.99,16
000000697149,CAMISETA GANGSTER MM 11242252 AD MA,24.99,16
000000697170,CAMISETA GANGSTER MM 11195186 AD MA,24.99,16
000000697187,CAMISETA GANGSTER MM 11242476 AD MA,24.99,16
000000697194,CAMISETA GANGSTER MM 11195011 AD MA,24.99,16
000000697217,CAMISETA GANGSTER MM 11194971 AD MA,24.99,16
000000697248,CAMISETA GANGSTER MM 11242457 AD MA,24.99,16
000000697255,CAMISETA GANGSTER MM 11242467 AD MA,24.99,16
000000697293,CAMISETA GANGSTER MM 11242396 AD MA,24.99,16
000000697309,CAMISETA GANGSTER MM 11242398 AD MA,24.99,16
000000697460,CAMISETA GANGSTER MM 10162911 AD MA,24.99,16
000000698535,CAMISETA GANGSTER MM 50011851 G1G3,24.99,16
000000698634,REGATA GANGSTER MM 53040233 G1G3 MA,24.99,16
000000699013,SHORT WE RE VISCOSE 210535C3 AD MAS,19.99,16
000000699068,SHORT WE RE VISCOSE 210535Z25 AD MA,19.99,16
000000699280,REGATA NINE EIGH DRY 13760298 PMGG,24.99,16
000000699297,REGATA NINE EIGH DRY 13760296 PMGG,24.99,16
000000699303,REGATA NINE EIGH DRY 13760277 PMGG,19.99,16
000000699372,CAMISETA LOCAL MM 29716 PMGG MAS,24.99,16
000000699389,CAMISETA LOCAL MM 29584 PMGG MAS,24.99,16
000000699396,CAMISETA LOCAL MM 29717 PMGG MAS,24.99,16
000000699419,CAMISETA LOCAL MM 29655 PMGG MAS,24.99,16
000000699426,CAMISETA LOCAL MM 29657 PMGG MAS,24.99,16
000000699433,CAMISETA LOCAL MM 29662 PMGG MAS,24.99,16
000000699457,CAMISETA LOCAL MM 29690 PMGG MAS,24.99,16
000000699471,CAMISETA LOCAL MM 29654 PMGG MAS,24.99,16
000000699488,CAMISETA LOCAL MM 29667 PMGG MAS,24.99,16
000000699495,CAMISETA LOCAL MM 29614 PMGG MAS,24.99,16
000000699501,CAMISETA LOCAL MM 29663 PMGG MAS,24.99,16
000000699518,CAMISETA LOCAL MM 29668 PMGG MAS,24.99,16
000000699549,CAMISETA LOCAL MM 29666 PMGG MAS,24.99,16
000000699563,CAMISETA LOCAL MM 29704 PMGG MAS,24.99,16
000000699976,CAMISETA DIXIE MM 11242558 PMGG,24.99,16
000000699983,CAMISETA DIXIE MM 11242328 PMGG,24.99,16
000000700023,CAMISETA DIXIE MM 11242376 PMGG,24.99,16
000000700566,CAMISETA NINE EIG DRY 11820566 PMGG,24.99,16
000000702829,CAMISETA OVER SURF MM 123211001 AD,24.99,16
000000702836,CAMISETA OVER SURF MM 123211042 AD,24.99,16
000000702843,CAMISETA OVER SURF MM 123211057 AD,24.99,16
000000702881,CAMISETA OVER SUR MM 123241001 G1G3,24.99,16
000000702898,MACHAO OVER SURF MM MN7210 G1G3,24.99,16
000000703390,CAMISETA LONGWAY DRY 11477P G1G3,24.99,16
000000703406,CAMISETA LONGWAY DRY 11469P G1G3,24.99,16
000000703413,CAMISETA LONGWAY DRY 11484P G1G3,24.99,16
000000703420,CAMISETA LONGWAY DRY 11476P G1G3,24.99,16
000000703444,CAMISETA LONGWAY DRY 11475P G1G3,24.99,16
000000703611,CAMISETA LOCAL DRY 25612 PMGG,24.99,16
000000703628,CAMISETA LOCAL DRY 27656 PMGG,24.99,16
000000703635,CAMISETA LOCAL DRY 27647 PMGG,24.99,16
000000703659,CAMISETA LOCAL DRY 28964 PMGG,24.99,16
000000703666,CAMISETA LOCAL DRY 27641 PMGG,24.99,16
000000703734,CAMISETA LOCAL DRY 27646 PMGG,24.99,16
000000703888,REGATA MALWEE MALHA 79475 PXGG MAS,24.99,16
000000703895,CAMISETA MALWEE MALHA 68859 PXGG,24.99,16
000000703901,CAMISETA MALWEE MALHA 93098 PXGG,24.99,16
000000703918,CAMISETA MALWEE MALHA 113469 PXGG,24.99,16
000000703956,CAMISETA MALWEE MALHA 113480 PXGG,24.99,16
000000703963,CAMISETA MALWEE MALHA 113443 PXGG,24.99,16
000000703970,CAMISETA MALWEE MALHA 112074 PXGG,24.99,16
000000705912,SHORT WE RE TACTEL 210375EV461 AD,19.99,16
000000705936,SHORT WE RE POLIESTER 210535X24 AD,19.99,16
000000706544,CAMISETA LONGWAY DRY 11470A PMGGG,19.99,16
000000710503,CAMISETA LONGWAY DRY 11421A PMGG,19.99,16
000000711449,CAMISETA LONGWAY DRY 11235A PMGG,19.99,16
000000713443,CAMISETA DIXIE ALG 10162850 PMGG MA,24.99,16
000000713467,CAMISETA DIXIE ALG 11242251 PMGG MA,24.99,16
000000713481,CAMISETA DIXIE ALG 11242237 PMGG MA,24.99,16
000000713559,CAMISETA DIXIE ALG 11242139 PMGG MA,24.99,16
000000713573,CAMISETA DIXIE ALG 11242240 PMGG MA,24.99,16
000000713603,CAMISETA DIXIE ALG 11242300 PMGG MA,24.99,16
000000713627,CAMISETA DIXIE ALG 10162987 PMGG MA,24.99,16
000000713634,CAMISETA DIXIE ALG 10162998 PMGG MA,24.99,16
000000713641,CAMISETA DIXIE ALG 10163180 PMGG MA,24.99,16
000000713672,CAMISETA DIXIE ALG 10162951 PMGG MA,24.99,16
000000713689,CAMISETA DIXIE ALG 10200061 PMGG MA,24.99,16
000000713696,CAMISETA DIXIE ALG 10200062 PMGG MA,24.99,16
000000714259,CAMISETA GANGSTER MM 51180578 G1G3,24.99,16
000000714310,CAMISETA GANGSTER MM 10160090 PMGG,19.99,16
000000715041,CAMISETA GANGSTER MM 11194974 PMGG,24.99,16
000000619042,CAMISA GANGSTER MM 29070804 PMGG PO,24.99,16
000000640015,BERMUDA LONGWAY DRY 91128 G1G3,19.99,16
000000677370,REGATA OVER MM 20551 PMGGG MAS,19.99,16
000000689328,BERMUDA BONNO ELAST PMGG MASC LISO,19.99,16
000000703451,MACHAO LONGWAY DRY 3317P G1G3,19.99,16
000000703468,MACHAO LONGWAY DRY 3321P G1G3,19.99,16
000000703475,MACHAO LONGWAY DRY 3309P G1G3,19.99,16
000000703482,MACHAO LONGWAY DRY 3319P G1G3,19.99,16
000000703499,MACHAO LONGWAY DRY 3320P G1G3,19.99,16
000000708449,BERMUDA LONGWAY DRY 91459A PMGG,14.99,16
000000710510,MACHAO LONGWAY DRY 3305A PMGG,19.99,16
000000710527,REGATA LONGWAY DRY 2136A PMGG,19.99,16
000000710534,BERMUDA LONGWAY DRY 91450A PMGG,14.99,16
000000716048,MACHAO LONGWAY DRY 3312A AD,19.99,16
000000716062,BERMUDA LONGWAY DRY 91453A AD,14.99,16
000000712682,CAMISETA NINE EIG DRY 10070749 PMGG,19.99,16
000000715683,CAMISETA NINE EIG DRY 10140344 AD,19.99,16
000000668132,BERMUDA SCANNER MOL BM001 PMGG LD LEGADO ZZ,19.99,16
000000680004,BERMUDA LONGWAY DRY 91410P G1G3 MAS LEGADO ZZ,19.99,16
000000697286,CAMISETA GANGSTER MM 11242468 AD MA LEGADO ZZ,24.99,16
000000710541,CAMISETA LONGWAY DRY 11466A PMGG LEGADO ZZ,19.99,16
000000535038,CAMISA MX72 ALG 19044 PMGG FIT ML,19.99,16
000000535816,CALCA K-DU LINHO 1067 AD SPORT FINO,19.99,16
000000560467,CAMISETA NINE EIG DRY 10140009 PMGG,19.99,16
000000600736,CAMISETA OVERCORE MM 11193965 PMGG,19.99,16
000000604161,CAMISA D O REDINHA PL114 PMGG POLO,19.99,16
000000605458,BERMUDA CARLYLE MOLETIM 19099 G1G4,14.99,16
000000610698,CAMISETA SANGOS DRY DIV PMGG,14.99,16
000000637329,CAMISETA GANGSTER MM 10161037 PMGG,19.99,16
000000637336,CAMISETA GANGSTER MM 10161169 PMGG,19.99,16
000000637343,CAMISETA GANGSTER MM 10161030 PMGG,19.99,16
000000637428,CAMISETA GANGST MM 10161548 AD PEPS,19.99,16
000000639422,CAMISETA NINE DRY 10140330 PMGG,19.99,16
000000639477,CAMISETA NINE DRY 10140333 PMGG,19.99,16
000000639484,CAMISETA NINE DRY 10140342 PMGG,19.99,16
000000640596,CAMISETA LOCAL 29269 MM PMGG,19.99,16
000000644051,BERMUDA VEST SURF TACTEL 36A50 LISA,14.99,16
000000645669,CAMISA PLANE MM DIV PMGG POLO BOLSO,19.99,16
000000647472,CAMISA ULTIMATO MM 540603 PMGG POLO,19.99,16
000000654579,CAMISETA DIXIE MM 11194307 PMGG MAS,19.99,16
000000654593,CAMISETA DIXIE MM 11194313 PMGG MAS,19.99,16
000000655088,CAMISETA NINE EIG DRY 10140489 AD M,19.99,16
000000655095,CAMISETA NINE EIG DRY 11820437 AD M,19.99,16
000000656016,CAMISETA GANGSTER MM 10161680 AD MA,19.99,16
000000656023,CAMISETA GANGSTER MM 10161711 AD MA,19.99,16
000000656047,CAMISETA GANGSTER MM 10161952 AD MA,19.99,16
000000657488,CAMISETA RESERVA MM 4200 AD GOLA V,19.99,16
000000657518,CAMISA RESERVA PIQUE 2101 AD POLO B,19.99,16
000000657938,CAMISETA OVERCORE MM 12020215 JAPAO,19.99,16
000000661041,CAMISETA NINE EIG DRY 50100083 G1G4,19.99,16
000000679770,MACHAO LONGWAY DRY 2122A PMGGG MAS,19.99,16
000000679794,MACHAO LONGWAY DRY 3240A PMGGG MAS,19.99,16
000000679817,MACHAO LONGWAY DRY 3284A PMGGG MAS,19.99,16
000000679824,MACHAO LONGWAY DRY 3285A PMGGG MAS,19.99,16
000000679831,MACHAO LONGWAY DRY 3286A PMGGG MAS,19.99,16
000000679879,REGATA LONGWAY DRY 2123A PMGGG MAS,19.99,16
000000679886,BERMUDA LONGWAY DRY 91393A PMGGG MA,14.99,16
000000679893,BERMUDA LONGWAY DRY 91397A PMGGG MA,14.99,16
000000679923,BERMUDA LONGWAY DRY 91431A PMGGG MA,14.99,16
000000679954,BERMUDA LONGWAY DRY 91398A PMGGG MA,14.99,16
000000679992,BERMUDA LONGWAY DRY 91411P G1G3 MAS,19.99,16
000000680011,BERMUDA LONGWAY DRY 91430P G1G3 MAS,19.99,16
000000680028,BERMUDA LONGWAY DRY 91405P G1G3 MAS,19.99,16
000000680035,BERMUDA LONGWAY DRY 91429P G1G3 MAS,19.99,16
000000680042,BERMUDA LONGWAY DRY 91428P G1G3 MAS,19.99,16
000000683319,CAMISETA DIXIE ALG 11242179 AD MAS,19.99,16
000000683616,CAMISETA GANGSTER MM 10162512 PMGG,19.99,16
000000683623,CAMISETA GANGSTER MM 10162510 PMGG,19.99,16
000000687171,CAMISETA FATAL MM 28466 PMGG LARANJ,19.99,16
000000687188,CAMISETA FATAL MM 28466 PMGG AMAREL,19.99,16
000000687195,CAMISETA FATAL MM 28466 PMGG PRETO,19.99,16
000000687201,CAMISETA FATAL MM 28466 PMGG VERMEL,19.99,16
000000687218,CAMISETA FATAL MM 28466 PMGG VD DAR,19.99,16
000000687225,CAMISETA FATAL MM 28466 PMGG VD SEA,19.99,16
000000687249,CAMISETA FATAL MM 28466 PMGG BRANCO,19.99,16
000000687256,CAMISETA FATAL MM 28466 PMGG GRAFIT,19.99,16
000000687317,CAMISETA FATAL MM 28488 PMGG V MARI,19.99,16
000000687324,CAMISETA FATAL MM 28488 PMGG V PRET,19.99,16
000000687348,CAMISETA FATAL MM 28494 PMGG VERMEL,19.99,16
000000687355,CAMISETA FATAL MM 28494 PMGG PRETO,19.99,16
000000687423,REGATA FATAL MM 28770 PMGG PRETO,19.99,16
000000687706,REGATA FATAL MM 28770 PMGG GELO MES,19.99,16
000000687805,CAMISA BLUDSON MISTO DIV PMGG MASC,19.99,16
000000693271,BERMUDA NELLONDA MOL 9457 PMGG,19.99,16
000000693356,CAMISETA NELLONDA MALHA 9464 PMGG,19.99,16
000000693363,CAMISETA NELLONDA MALHA 9466 PMGG,19.99,16
000000693370,CAMISETA NELLONDA MALHA 9440 PMGG,19.99,16
000000695671,BERMUDA GOOD BLESS MOL 642 PMGG MAS,19.99,16
000000695756,SHORT GOOD BLESS MOL 710 PMGG MASC,19.99,16
000000697316,CAMISETA GANGSTER MM 11195056 AD MA,19.99,16
000000697323,CAMISETA GANGSTER MM 11195055 AD MA,19.99,16
000000697330,CAMISETA GANGSTER MM 11195074 AD MA,19.99,16
000000697347,CAMISETA GANGSTER MM 10163292 AD MA,19.99,16
000000697354,CAMISETA GANGSTER MM 10162912 AD MA,19.99,16
000000697378,CAMISETA GANGSTER MM 10163195 AD MA,19.99,16
000000697385,CAMISETA GANGSTER MM 10163117 AD MA,19.99,16
000000697392,CAMISETA GANGSTER MM 10163199 AD MA,19.99,16
000000697408,CAMISETA GANGSTER MM 10162867 AD MA,19.99,16
000000697415,CAMISETA GANGSTER MM 10163069 AD MA,19.99,16
000000697439,CAMISETA GANGSTER MM 10163073 AD MA,19.99,16
000000697453,CAMISETA GANGSTER MM 11195386 AD MA,19.99,16
000000697477,CAMISETA GANGSTER MM 10163063 AD MA,19.99,16
000000697491,CAMISETA GANGSTER MM 10163229 AD MA,19.99,16
000000697507,CAMISETA GANGSTER MM 10162925 AD MA,19.99,16
000000697514,CAMISETA GANGSTER MM 10162874 AD MA,19.99,16
000000697521,CAMISETA GANGSTER MM 10163269 AD MA,19.99,16
000000697538,CAMISETA GANGSTER MM 10163059 AD MA,19.99,16
000000697545,CAMISETA GANGSTER MM 10163062 AD MA,19.99,16
000000697552,CAMISETA GANGSTER MM 10162908 AD MA,19.99,16
000000697590,REGATA GANGSTER MM 13070344 AD MA,19.99,16
000000697606,REGATA GANGSTER MM 13060901 AD MA,19.99,16
000000699327,REGATA LOCAL MM 19698 PMGG MAS,19.99,16
000000699334,REGATA LOCAL MM 19693 PMGG MAS,19.99,16
000000699341,REGATA LOCAL MM 19700 PMGG MAS,19.99,16
000000699358,REGATA LOCAL MM 19692 PMGG MAS,19.99,16
000000699570,CAMISETA LOCAL MM 10716 PMGG MAS,19.99,16
000000699587,CAMISETA LOCAL MM 10737 PMGG MAS,19.99,16
000000699594,CAMISETA LOCAL MM 10720 PMGG MAS,19.99,16
000000699600,CAMISETA LOCAL MM 10758 PMGG MAS,19.99,16
000000699617,CAMISETA LOCAL MM 10757 PMGG MAS,19.99,16
000000699624,CAMISETA LOCAL MM 10768 PMGG MAS,19.99,16
000000699631,CAMISETA LOCAL MM 10739 PMGG MAS,19.99,16
000000699648,CAMISETA LOCAL MM 10755 PMGG MAS,19.99,16
000000699655,CAMISETA LOCAL MM 10711 PMGG MAS,19.99,16
000000699679,CAMISETA LOCAL MM 10751 PMGG MAS,19.99,16
000000699686,CAMISETA LOCAL MM 10766 PMGG MAS,19.99,16
000000700528,CAMISETA NINE EIG DRY 10140751 PMGG,19.99,16
000000700597,CAMISETA NINE EIG DRY 11820560 PMGG,19.99,16
000000700610,REGATA NINE EIG DRY 13760351 PMGG,19.99,16
000000701877,CAMISETA ULTIMATO MM 61591 G1G3 BAS,19.99,16
000000701891,CAMISETA ULTIMATO MM 61593 G1G3,19.99,16
000000702096,CAMISETA ROVITEX MALHA DIV PLUS,14.99,16
000000702904,REGATA OVER SURF MM 123213001 PMGG,19.99,16
000000703536,BERMUDA LONGWAY DRY 91471P G1G3,19.99,16
000000703567,BERMUDA LONGWAY DRY 91447P G1G3,19.99,16
000000703574,BERMUDA LONGWAY DRY 91474P G1G3,19.99,16
000000703581,BERMUDA LONGWAY DRY 91476P G1G3,19.99,16
000000703840,REGATA MALWEE MALHA 45670 PXGG MAS,19.99,16
000000703857,REGATA MALWEE MALHA 113460 PXGG MAS,19.99,16
000000703864,REGATA MALWEE MALHA 113461 PXGG MAS,19.99,16
000000703871,REGATA MALWEE MALHA 113462 PXGG MAS,19.99,16
000000703925,CAMISETA MALWEE MALHA 113468 PXGG,19.99,16
000000703932,CAMISETA MALWEE MALHA 113466 PXGG,19.99,16
000000704830,REGATA LONGWAY DRY 3311A PMGG,19.99,16
000000704854,REGATA LONGWAY DRY 2112A PMGG,19.99,16
000000704861,REGATA LONGWAY DRY 2137A PMGG,19.99,16
000000704878,MACHAO LONGWAY DRY 3326A PMGG,19.99,16
000000704892,BERMUDA LONGWAY DRY 91463A PMGG,14.99,16
000000704915,BERMUDA LONGWAY DRY 91464A PMGG,14.99,16
000000704922,BERMUDA LONGWAY DRY 91465A PMGG,14.99,16
000000704939,BERMUDA LONGWAY DRY 91466A PMGG,14.99,16
000000704946,BERMUDA LONGWAY DRY 91458A PMGG,14.99,16
000000709200,CAMISETA HERING MALHA 022B PMGGG,19.99,16
000000711630,BERMUDA TIGS MOLETON PMGGG,14.99,16
000000712613,CAMISETA OVERCORE MM 11193537 PMGG,19.99,16
000000712637,CAMISETA OVERCORE MM 11193776 PMGG,19.99,16
000000712651,CAMISETA NINE MM 11193767 PMGG,19.99,16
000000712668,CAMISETA NINE EIG DRY 11820247 PMGG,19.99,16
000000714945,CAMISETA GANGSTER MM 10162703 PMGG,19.99,16
000000715829,REGATA NINE EIG DRY 13760366 AD,19.99,16
000000715836,REGATA NINE EIG DRY 13760292 AD,19.99,16
000000402750,BERMUDA VILEJACK SARJA PRETA 36A50,19.99,16
000000452465,CALCA MAX DENIM LYCRA MASC DIVERSAS,19.99,16
000000586337,BERMUDA JEANS.COM SARJA 171 36A50,19.99,16
000000679848,MACHAO LONGWAY DRY 3287A PMGGG MAS LEGADO ZZ,19.99,16
000000679916,BERMUDA LONGWAY DRY 91367A PMGGG MA LEGADO ZZ,14.99,16
000000699693,CAMISETA LOCAL MM 10769 PMGG MAS LEGADO ZZ,19.99,16
000000536721,CAMISA ARMANELLI MM 5216 AD POLO,14.99,16
000000595087,SHORT LOCAL DRY DIV PMGG PETROLEO,14.99,16
000000613972,CAMISETA GANGSTER MM 11193982 PMGG,14.99,16
000000614085,CAMISETA GANGSTER MM 10160983 PMGG,14.99,16
000000619554,CALCA EXPLORER SARJA LYC 4911 38A48,14.99,16
000000642590,CALCA DEFINITIVA TACTEL 115 MGG LIS,14.99,16
000000644426,CAMISETA AGATHOS MM 290106315 PMGG,14.99,16
000000644457,CAMISETA AGATHOS MM 290106308 PMGG,14.99,16
000000644464,CAMISETA AGATHOS MM 290106301 PMGG,14.99,16
000000644471,CAMISETA AGATHOS MM 290106320 PMGG,14.99,16
000000644488,CAMISETA AGATHOS MM 2901066 PMGG MA,14.99,16
000000644501,CAMISETA AGATHOS MM 2901065 PMGG MA,14.99,16
000000653220,SHORT DUBLACK TACTEL 120 G1G3 M NEO,14.99,16
000000701990,CAMISETA ULTIMATO MM 512490 G,14.99,16
000000702003,MACHAO ULTIMATO MM 63213 G1G3 BASIC,14.99,16
000000706957,CAMISA MILANO POLIE DIV PMGG MC BOL,14.99,16
000000712521,CAMISA FINAL Z PA 518 PMGG ML,14.99,16
000000605298,CAMISETA NINE EIG DRY 11820087 PMGG,14.99,16
000000667289,BERMUDA LONGWAY DRY 91361A PMGG MA LEGADO ZZ,14.99,16
000000689434,CAMISETA MELHOR STILO PV G1G3 MC,14.99,16
000000503495,CALCA KADORY 1130 SOCIAL FET MAS AD,9.99,16
000000503501,CALCA KADORY MICRO SOCIAL FET 52A60,9.99,16
000000503525,CALCA KADORY OXFORD 500 52A60 MASC,9.99,16
000000515795,CAMISA MILANO ALG DIVERSAS PMGG,9.99,16
000000532945,CAMISA BY FOR MEN TRICOLINE DIV ML,9.99,16
000000533959,CAMISETA LOCAL MM 12125 PMGG ML,9.99,16
000000535618,CAMISA TAYLOR MISTO PMGG ML LISTRA,9.99,16
000000550963,CAMISA MILANO FLAME 11011 PMGG MC,9.99,16
000000560818,CALCA MAX DENIM JEANS DIV MASC LD,9.99,16
000000568456,CAMISETA BATMAN MM WM520002 G1G4,9.99,16
000000578318,CAMISETA COLISAO MM DIV PMGG,9.99,16
000000579964,CAMISETA DIXIE MM 11192998 PMGG,9.99,16
000000584715,CAMISETA ELEMENTO ZERO MM 2021 PMGG,9.99,16
000000585408,SHORT NINE EIGHT DRY 68090013 PMGG,9.99,16
000000589017,CAMISA AGA ALG 2A5 ML ADULTO,9.99,16
000000596718,CAMISETA LOCAL MM 28810 PMGG URBAN,9.99,16
000000600644,CAMISETA OVERCORE MM 11193959 PMGG,9.99,16
000000600668,CAMISETA OVERCORE MM 10161124 PMGG,9.99,16
000000613606,CAMISETA GANGSTER MM 10160887 PMGG,9.99,16
000000613651,CAMISETA GANGSTER MM 10160893 PMGG,9.99,16
000000618175,BERMUDA CDKA MOL DIV PMGG,9.99,16
000000619189,CAMISETA GANGSTER MM 10161388 PMGG,9.99,16
000000619271,CAMISETA GANGSTER MM 50011575 G1G3,9.99,16
000000641043,CAMISETA BELLER PLAYER1 MAX005 AD,9.99,16
000000663984,CAMISETA RALAKIDS MM 42183 4A10 MAS,9.99,16
000000668149,BERMUDA SCANER VILEJ DIV BA06 AD LD,9.99,16
000000701907,CAMISETA ULTIMATO MM 512170 PMGG,9.99,16
000000701921,CAMISETA ULTIMATO MM 512178 PMGG,9.99,16
000000701938,CAMISETA ULTIMATO MM 512179 PMGG,9.99,16
000000701976,CAMISETA ULTIMATO MM 512185 PMGG,9.99,16
000000702027,MACHAO ULTIMATO MM 530146 PMGG EST,9.99,16
000000707626,CAMISETA PROM MM PL168 169 PMGG,9.99,16
000000695770,BERMUDA GOOD BLESS MOL 631 PMGG LEGADO ZZ,9.99,16
000000274807,SHORT FORCA DO MAR 4CABOS EST 3BOLS,9.99,16
000000402422,CALCA KADORY MICRO DIVERSAS 36A50 M,9.99,16
000000438834,CAMISA ARMANELLI TRI 1747 MC LISA,9.99,16
000000463379,CAMISA NIVEL II DIVERSAS 5A8 T EXTR,9.99,16
000000478137,CALCA ECLETICA MICRO SOCIAL AD,9.99,16
000000520003,CAMISETA NICOBOCO MM 106068 G1G2G3,9.99,16
000000535564,CAMISETA ECKO MM E624A PMGG PICAPAU,9.99,16
000000536202,CAMISETA ECKO MM E500A PMGG,9.99,16
000000544863,CAMISETA ALLFREE MM 12365 PMGG MASC,9.99,16
000000546607,SHORT NINE EIGH MICRO 17021474 PMGG,9.99,16
000000549110,CALCA JEZZIAN SARJA DIV BRANCA MASC,9.99,16
000000552974,CAMISETA LOCAL MM 28462 PMGG,9.99,16
000000571166,CAMISETA COSTAO MM DIV PMGG LISA,9.99,16
000000583756,CAMISETA FATAL MM 25715 PMGG P1,9.99,16
000000598323,CAMISETA AERODRY MM 23131 PMGG,9.99,16
000000598354,CAMISETA AERODRY MM 23111 PMGG,9.99,16
000000598385,CAMISETA AERODRY MM 23747 PMGG,9.99,16
000000600156,SHORT BONNO ELAST PMGG MASC,9.99,16
000000600163,SHORT VEST SURF TACTEL CITY PMGG MA,9.99,16
000000610216,SHORT LUKYS TACTEL 125LE PMGG MASC,9.99,16
000000612012,CAMISETA LOONEY TUN MM WM020203 PMG,9.99,16
000000613569,CAMISETA GANGSTER MM 10160859 PMGG,9.99,16
000000615143,CAMISETA LOCAL MM 10319 PMGG,9.99,16
000000615211,CAMISETA LOCAL MM 10382 PMGG,9.99,16
000000615945,CAMISETA OVERCORE MM 11830002 PMGG,9.99,16
000000616355,CAMISETA DIXIE MM 11193672 PMGG,9.99,16
000000616874,CAMISETA DIXIE MM 11193625 PMGG,9.99,16
000000617567,CAMISA ULTIMATO MM 540363 PMGG POLO,9.99,16
000000619561,SHORT SKL SARJA 3802 38A48 MASC LIS,9.99,16
000000620161,CAMISETA DUBLACK MM 1001 PMGG V,9.99,16
000000623933,CALCA KADORY MICRO DIV PROMO ADULTO,9.99,16
000000635790,CAMISETA VITORIA MM 7712 PMGG BASIC,9.99,16
000000643825,CALCA LM TACTEL 157 PMGG MASC,9.99,16
000000664004,CAMISETA RALAKIDS MM B4200 4A10 MAS,9.99,16
000000668187,CAMISETA VILEJACK MM CM001 PMGG LD,9.99,16
000000403450,CAMISETA DIXIE MM 10016312,9.99,16
000000507417,CAMISETA DIXIE MM 11240456 PMG,9.99,16
000000503488,CAMISETA RESERVA MM 3023 7000 PMG,4.99,16
000000519922,CAMISETA ECKO MM E190A PMGG,4.99,16
000000549967,CAMISETA FATAL MM 23402 PMGG P2,4.99,16
000000600637,CAMISETA OVERCORE MM 11830018 PMGG,4.99,16
000000615235,CAMISETA LOCAL MM 10401 PMGG,4.99,16
000000618137,SHORT KANAL SURF 4CABOS 206 207 PMG,4.99,16
000000274814,SHORT FORCA DO MAR 4CABOS LISO 3BOL,4.99,16
000000378055,CAMISA RESERVA ALG POLO PMGGG DIV,4.99,16
000000443166,CAMISETA FATAL MM 13802 XPXMXG,4.99,16
000000443371,CAMISA FATAL MM 13464 PMGGG POLO,4.99,16
000000443401,CAMISA FATAL MM 14056 PMGGG POLO,4.99,16
000000448611,CAMISA RESERVA PIQUET BORD POLO BCA,4.99,16
000000451260,BERMUDA ROTA DA ONDA 512 PMG,4.99,16
000000466509,BERMUDA FORCA DO MAR TACTEL 3BOLSOS,4.99,16
000000473385,CAMISETA MOMENTUS MM 58492 AD MASC,4.99,16
000000473545,CAMISETA MOMENTUS MM 61027 G1G2G3,4.99,16
000000480123,CAMISETA OVER CORE MM 51180052 G1G2,4.99,16
000000484312,CAMISA RBA PIQUET 002 POLO BOLSO AD,4.99,16
000000520133,CAMISETA NICOBOCO MM 106218 PMG BAS,4.99,16
000000520218,CAMISETA NICOBOCO MM 23187 PMG DIFE,4.99,16
000000520829,CAMISETA LOCAL MM 10074 BASICA PMG,4.99,16
000000538473,CAMISETA SELECT MM VARIADAS PMGG,4.99,16
000000563857,CAMISETA FATAL MM 24319 PMGG,4.99,16
000000564489,CAMISETA SILVERGOLD MM DIV-1 PMGG,4.99,16
000000607575,CAMISETA SILVERGOLD MM DIV PMGG BAS,4.99,16
000000608381,CAMISETA ULTIMATO MM 510174 PMGG,4.99,16
000000617253,CAMISETA ULTIMATO MM 510348 PMGG,4.99,16
000000617277,CAMISETA ULTIMATO MM 510354 PMGG,4.99,16
000000617284,CAMISETA ULTIMATO MM 510355 PMGG,4.99,16
000000617390,CAMISETA ULTIMATO MM 510552 MGG BAS,4.99,16
000000533874,CAMISETA LOCAL MM 11254 PMGG BASICA,4.99,16
000000566179,CAMISETA OVER MM 7301 PMGG,4.99,16
000000607612,CAMISETA SUPERIOR MM 7301 PMGG,4.99,16
000000620178,CAMISETA DUBLACK MM 1002 PMGG CAREC,4.99,16
000000452410,CAMISETA TIFA MM MM1560P G1G3 LEGADO ZZ,4.99,16
000000473811,BEMUDA AMUAGE JEANS 19366 44A52,9.99,16
000000420945,BERMUDA ABU JEANS 34A44 MASC PROMOC,29.99,16
000000644679,BERMUDA AGATHOS HELANCA 2908073 AD,19.99,16
000000265669,BERMUDA AIJ TACTEL PMG ESTAMP ELAST,4.99,16
000000511209,BERMUDA BEMAX LYCRA DIV MASC 36A46,24.99,16
000000689335,BERMUDA BONNO ELAST G1G3 MASC LISO,19.99,16
000000446167,BERMUDA BONNO SARJA COS AD COM BOLS,9.99,16
000000442916,BERMUDA BROKEN SARJA 130092 MASC,4.99,16
000000605441,BERMUDA CARLYLE MOLETIM 19004 PMGG,9.99,16
000000605434,BERMUDA CARLYLE MOLETIM 19320 G1G4,9.99,16
000000605465,BERMUDA CARLYLE MOLETIM 19323 G1G4,9.99,16
000000421782,BERMUDA CARLYLE TACTEL ESTAMPADA AD,4.99,16
000000538831,BERMUDA CARLYLE TACTEL G1G4 LISA,4.99,16
000000517133,BERMUDA CARLYLE XIMPA PMGG MASC,9.99,16
000000589086,BERMUDA CASUAL SARJA 277 40A54 GRAF,9.99,16
000000764988,BERMUDA CONSCIENC JEANS 23919 MASC,99.99,16
000000765008,BERMUDA CONSCIENC JEANS 23921 MASC,99.99,16
000000713429,BERMUDA CONSCIENC POLIA 90110 AD AR,69.99,16
000000770101,BERMUDA CONSCIENCIA LYCRA 24301 AD,99.99,16
000000599870,BERMUDA DEFINITIVA TACT ELAS 101 AD,14.99,16
000000576574,BERMUDA DEFINITIVA TACTEL 208 G1G3,19.99,16
000000557894,BERMUDA DEFINITIVA TACTEL 211 36A50,4.99,16
000000767798,BERMUDA DIXIE ALFAIATAR 17970048 AD,99.99,16
000000767804,BERMUDA DIXIE ALFAIATAR 17970049 AD,99.99,16
000000403528,BERMUDA DIXIE JEANS 17011799,4.99,16
000000616454,BERMUDA DIXIE JEANS 17350066 38A46,29.99,16
000000727426,BERMUDA DIXIE MOL 17860313 PMGG,59.99,16
000000727419,BERMUDA DIXIE MOLETINHO 17040008 AD,59.99,16
000000476027,BERMUDA DIXIE SARJA 17490078 AD MAS,9.99,16
000000599047,BERMUDA DLP TACTEL PMGG ZIPER ESTAM,4.99,16
000000599030,BERMUDA DLP TACTEL PMGG ZIPER LISA,4.99,16
000000716222,BERMUDA EPIPHANY LYCRA DIV 36A48 MA,29.99,16
000000405843,BERMUDA FATAL JEANS 6714-6407 48A54,14.99,16
000000334204,BERMUDA FATAL MICRO 08009 36-46 MAS,39.99,16
000000369428,BERMUDA FATAL MICRO 8467 38A46 WALK,39.99,16
000000376983,BERMUDA FATAL MICRO 9182 38A46 MASC,29.99,16
000000443579,BERMUDA FATAL SARJA 7506 PMGG,4.99,16
000000549141,BERMUDA FATAL TACTEL 21054 38A46,9.99,16
000000370479,BERMUDA FORA DE AREA SARJA 36A44 MA,39.99,16
000000466516,BERMUDA FORCA DO MAR ELASTA COZ NEW,14.99,16
000000697828,BERMUDA GANGST JEANS 17310596 AD MA LEGADO ZZ,69.99,16
000000769136,BERMUDA GANGST JEANS 17960066 38A48 LEGADO ZZ,69.99,16
000000657204,BERMUDA GANGST JEANS 57010274 G1G4,49.99,16
000000657211,BERMUDA GANGST JEANS 57010281 G1G4,49.99,16
000000657112,BERMUDA GANGST MOL 17050160 AD MAS,69.99,16
000000697798,BERMUDA GANGST SARJ 17540113 AD CAR,79.99,16
000000657143,BERMUDA GANGST SARJA 17200018 CARGO,59.99,16
000000752947,BERMUDA GANGSTER ALF 17050305 38A48,79.99,16
000000770026,BERMUDA GANGSTER ALF 17050306 38A48 LEGADO ZZ,79.99,16
000000661249,BERMUDA GANGSTER JEANS 17260140 AD,49.99,16
000000752909,BERMUDA GANGSTER MOL 17870646 PMGG,59.99,16
000000752916,BERMUDA GANGSTER MOL 17870647 PMGG,59.99,16
000000752930,BERMUDA GANGSTER MOL 17980002 PMGG,69.99,16
000000753616,BERMUDA GANGSTER MOL 57040155 PLUS,69.99,16
000000753623,BERMUDA GANGSTER MOL 57040156 PLUS,69.99,16
000000506199,BERMUDA GANGSTER MOLET 57140010 G1G,39.99,16
000000752954,BERMUDA GANGSTER TACTEL 68600002 AD,69.99,16
000000751704,BERMUDA GARRA JEANS SARJA DIV LD AD,39.99,16
000000695688,BERMUDA GOOD BLESS MOL 637 PMGG MAS,19.99,16
000000695695,BERMUDA GOOD BLESS MOL 640 PMGG MAS,19.99,16
000000555531,BERMUDA IRAMANDS JEANS IR500 PMGG,9.99,16
000000555548,BERMUDA IRAMANDS SARJA IR600 MGGXG,9.99,16
000000208635,BERMUDA JACKBOY TACTEL PMG COZ,9.99,16
000000638081,BERMUDA JEANS.COM BRIM CM001 AD LD LEGADO ZZ,29.99,16
000000678391,BERMUDA JEANS.COM BRIM DJCM001 AD M,29.99,16
000000712125,BERMUDA JEANS.COM BRIM M0196 AD ARE,49.99,16
000000712132,BERMUDA JEANS.COM BRIM M0196 AD KAK,49.99,16
000000712118,BERMUDA JEANS.COM BRIM M0196 AD PRE,49.99,16
000000586313,BERMUDA JEANS.COM LYCRA DIV 36A48,49.99,16
000000739948,BERMUDA JEANS.COM SARJA DIV 36A48,49.99,16
000000718899,BERMUDA JEZZIAN SARJA 211078 212751,49.99,16
000000505338,BERMUDA KADORY LYCRA 2011 DIV MASC,9.99,16
000000690607,BERMUDA KAUAN DIV SARJA 36A46 MAS,29.99,16
000000505352,BERMUDA K-DU ALG 7194 SPORT DIV MAS,4.99,16
000000521536,BERMUDA K-DU FIO TINTO 7217-19-20-2,9.99,16
000000464062,BERMUDA K-DU FIO TINTO DIVERSA MASC,9.99,16
000000442794,BERMUDA LF SARJA 38A48 MASC,9.99,16
000000764612,BERMUDA LIFE DENIM JEAN DIV 38A50 M,49.99,16
000000615426,BERMUDA LOCAL JEANS 31676 38A46 RAS LEGADO ZZ,24.99,16
000000615433,BERMUDA LOCAL JEANS 31901 38A46 RAS,29.99,16
000000615440,BERMUDA LOCAL JEANS 31905 38A46 RAS,29.99,16
000000534291,BERMUDA LOCAL MOLETOM 23093 PMGG,9.99,16
000000699785,BERMUDA LOCAL SARJA 32141 AD BR MAS,49.99,16
000000640701,BERMUDA LOCAL SARJA 32162 COLO AD M,39.99,16
000000658652,BERMUDA LOCAL SARJA 32163 PMGG RASG,49.99,16
000000615457,BERMUDA LOCAL SARJA 37910 48A54 RAS,29.99,16
000000679961,BERMUDA LONGWAY DRY 91339A PMGGG MA,19.99,16
000000679909,BERMUDA LONGWAY DRY 91353A PMGGG MA,19.99,16
000000667364,BERMUDA LONGWAY DRY 91356A PMGG MAS,19.99,16
000000667487,BERMUDA LONGWAY DRY 91376P G1G3 MAS,24.99,16
000000679947,BERMUDA LONGWAY DRY 91392A PMGGG MA,19.99,16
000000737524,BERMUDA LONGWAY DRY 91436A PMGGG,19.99,16
000000737548,BERMUDA LONGWAY DRY 91449A PMGGG,19.99,16
000000704908,BERMUDA LONGWAY DRY 91460A PMGG,19.99,16
000000737593,BERMUDA LONGWAY DRY 91461P G1G2G3,24.99,16
000000703543,BERMUDA LONGWAY DRY 91462P G1G3,19.99,16
000000737531,BERMUDA LONGWAY DRY 91468A PMGGG,19.99,16
000000703529,BERMUDA LONGWAY DRY 91472P G1G3,19.99,16
000000737555,BERMUDA LONGWAY DRY 91484A PMGGG,19.99,16
000000737586,BERMUDA LONGWAY DRY 91487P G1G2G3,24.99,16
000000737579,BERMUDA LONGWAY DRY 91488P G1G3,24.99,16
000000737562,BERMUDA LONGWAY DRY 91490A PMGGG,19.99,16
000000761598,BERMUDA LONGWAY DRY 91533A PMGG MAS,24.99,16
000000761840,BERMUDA MAX DEN SARJ 11878 PLUS CAQ,69.99,16
000000761154,BERMUDA MAX DEN. SARJ 11848 AD CARG,69.99,16
000000761130,BERMUDA MAX DEN. SARJ 11870 AD PR C,59.99,16
000000761147,BERMUDA MAX DEN. SARJA 11896 36A52,59.99,16
000000761833,BERMUDA MAX DENI SARJ 11874 PLUS PR,69.99,16
000000438681,BERMUDA MAX DENIM JEANS 10038 MASC,29.99,16
000000761826,BERMUDA MAX DENIM JEANS 11875 48A56,69.99,16
000000761819,BERMUDA MAX DENIM JEANS 11877 48A56,69.99,16
000000474375,BERMUDA NELL ONDA MOLET 3293 PMG,4.99,16
000000740968,BERMUDA NELLONDA MOL 9463 PMGG ESTA,24.99,16
000000693264,BERMUDA NELLONDA MOL 9465 PMGG,19.99,16
000000740975,BERMUDA NELLONDA MOL 9467 PMGG,24.99,16
000000693288,BERMUDA NELLONDA MOL 9478 PMGG CARG,24.99,16
000000693301,BERMUDA NELLONDA MOL 9589 G1G3,24.99,16
000000754224,BERMUDA NINE DRY 17500332 PMGGG,39.99,16
000000754323,BERMUDA NINE DRY 17500361 PMGGG,39.99,16
000000754255,BERMUDA NINE DRY 68090108 PMGGG,39.99,16
000000754316,BERMUDA NINE DRY 68090109 PMGGG,39.99,16
000000754293,BERMUDA NINE DRY 68090210 PMGGG,39.99,16
000000754309,BERMUDA NINE DRY 68100619 PMGGG,39.99,16
000000612296,BERMUDA NINE EIG DRY 17500119 PMGG,24.99,16
000000700634,BERMUDA NINE EIG DRY 17500276 PMGG,39.99,16
000000735094,BERMUDA NINE EIG DRY 17500295 AD,39.99,16
000000735070,BERMUDA NINE EIG DRY 17500329 AD,39.99,16
000000735100,BERMUDA NINE EIG DRY 17500330 AD,39.99,16
000000735117,BERMUDA NINE EIG DRY 17500333 AD,39.99,16
000000735063,BERMUDA NINE EIG DRY 17500334 AD,39.99,16
000000735124,BERMUDA NINE EIG DRY 17500335 AD,39.99,16
000000735087,BERMUDA NINE EIG DRY 17500344 AD,39.99,16
000000244442,BERMUDA OCCY TACTEL 130193 AD MASC,24.99,16
000000187671,BERMUDA OCEANICA KANVAS GG,4.99,16
000000176903,BERMUDA ONIVERES JEANS G1AG5,4.99,16
000000366816,BERMUDA ONSHORE TACTEL 4CABOS AD,14.99,16
000000687010,BERMUDA PARADOX JEANS 10052 AD MASC,29.99,16
000000687058,BERMUDA PARADOX JEANS 1813 AD TRADI,29.99,16
000000681469,BERMUDA PARADOX JEANS 1863 38A48,29.99,16
000000687034,BERMUDA PARADOX JEANS 8107 AD RASG,29.99,16
000000681506,BERMUDA PARADOX JEANS 9794 AD DESTR,24.99,16
000000567640,BERMUDA PARADOX LYCRA DIV AD MAS LD,9.99,16
000000567657,BERMUDA PARADOX LYCRA DIV JUV M LD,4.99,16
000000511414,BERMUDA PARADOX LYCRA DIV. 38A48 MA,29.99,16
000000641470,BERMUDA POINT BREAK ALFA ABATELCL M,29.99,16
000000516778,BERMUDA POINT BREAK ELAST PMG SURF,4.99,16
000000641494,BERMUDA POINT BREAK JBETELCL LIN JU,19.99,16
000000516730,BERMUDA POINT BREAK LINHO LN 36A48,4.99,16
000000539913,BERMUDA POINT BREAK SARJA TELMK AD,9.99,16
000000516723,BERMUDA POINT BREAK SARJA TELST AD,9.99,16
000000505574,BERMUDA POLO MOLETON DIVERSAS AD MA,29.99,16
000000689083,BERMUDA ROTULO SURF 4CAB RT1000 G1G,19.99,16
000000689144,BERMUDA ROTULO SURF 4CABOS 7001 PMG,14.99,16
000000689168,BERMUDA ROTULO SURF TACTEL 0010 PMG,14.99,16
000000689175,BERMUDA ROTULO SURF TACTEL 88 G1G3,14.99,16
000000412414,BERMUDA SCANER JEANS MASC DIVERSAS,4.99,16
000000728744,BERMUDA SCANNER JEANS AD MASC LD,29.99,16
000000423700,BERMUDA SCANNER JEANS MOLETON DIV M,4.99,16
000000668064,BERMUDA SCANNER SARJA BS001 AD LD,19.99,16
000000637961,BERMUDA SCANNER SARJA C001 PLUS LD,14.99,16
000000690577,BERMUDA SEVEN DRY 7S24S006 PMGG,39.99,16
000000690560,BERMUDA SEVEN DRY 7S24S007 PMGG,24.99,16
000000690553,BERMUDA SEVEN DRY 7S24S008 PMGG,39.99,16
000000690508,BERMUDA SEVEN DRY 7S24S009 PMGG,39.99,16
000000508865,BERMUDA VENTURY ELASTANO COZ ESTAMP,4.99,16
000000644068,BERMUDA VEST SURF TACTEL 38A48 SUBL,19.99,16
000000444545,BERMUDA VIA BEACH MICRO DIVERSAS MA,4.99,16
000000712088,BERMUDA VILEJ LYCRA VMBP0035 36A50,59.99,16
000000712071,BERMUDA VILEJ SARJ BS0002 36A50 ARE,49.99,16
000000712064,BERMUDA VILEJ SARJ BS0002 36A50 PRE,49.99,16
000000711999,BERMUDA VILEJ SARJ BS0108 SPORTW AR,59.99,16
000000712019,BERMUDA VILEJ SARJ BS0108 SPORTW KA,59.99,16
000000712026,BERMUDA VILEJ SARJ BS0108 SPORTW MA,59.99,16
000000682145,BERMUDA VILEJ SARJ LYC DIVERSAS 38A,59.99,16
000000712040,BERMUDA VILEJ SARJ VMBS0303 AD AREI,59.99,16
000000712033,BERMUDA VILEJ SARJ VMBS0303 AD PRET,59.99,16
000000668101,BERMUDA VILEJ SARJA BS002 AD M LD,29.99,16
000000682152,BERMUDA VILEJ SARJA DIVERSAS 50A56,69.99,16
000000725002,BERMUDA VILEJ SARJA VMBS1007 AD KAK,69.99,16
000000638050,BERMUDA VILEJACK DIVER BS003 AD LD,29.99,16
000000362054,BERMUDA VILEJACK JEANS 50A62 MASC,24.99,16
000000427319,BERMUDA VILEJACK JEANS BP 00 MASC,19.99,16
000000412216,BERMUDA VILEJACK JEANS TRAD PROMOCA,4.99,16
000000665230,BERMUDA VILEJACK LYCRA BG 50A62 MAS,69.99,16
000000503372,BERMUDA VILEJACK MICRO COM COZ AD,4.99,16
000000638036,BERMUDA VILEJACK SARJ 5002 36A50 LD,14.99,16
000000624169,BERMUDA VILEJACK SARJ DVMBS AD M LD,29.99,16
000000402743,BERMUDA VILEJACK SARJA BRANCO 36A50,9.99,16
000000515900,BERMUDA VILEJACK SARJA CARGO MARINH,29.99,16
000000513562,BERMUDA VILEJACK SARJA DIVER ESTAMP,4.99,16
000000360432,BERMUDA VILEJACK SARJA PRETA 50A62,24.99,16
000000729185,BERMUDA YOU JEANS DIV 38A48 MASC,49.99,16
000000693837,CALCA ALLEGORIA TECNOL CL028 AD MAS,59.99,16
000000693844,CALCA ALLEGORIA TECNOL CL029 AD MAS,59.99,16
000000433686,CALCA BIOTIPO JEANS 19134 MASC LEGADO ZZ,4.99,16
000000505062,CALCA BIOTIPO LYCRA 21925 MASC AD LEGADO ZZ,14.99,16
000000492324,CALCA BOKKER SARJA 15724 MASC BRANC LEGADO ZZ,9.99,16
000000735742,CALCA CONSCIENC JEANS 23335 AD MASC,99.99,16
000000713405,CALCA CONSCIENC POLIA 90109 AD AREI,79.99,16
000000713399,CALCA CONSCIENC POLIA 90109 AD PR M,79.99,16
000000713382,CALCA CONSCIENC SARJ 21933 AD AREIA,99.99,16
000000764957,CALCA CONSCIENCI JEANS 23804 MASC,99.99,16
000000735803,CALCA CONSCIENCIA JEANS 23152 AD MA,99.99,16
000000735841,CALCA CONSCIENCIA JEANS 23207 AD MA,129.99,16
000000735797,CALCA CONSCIENCIA JEANS 23463 AD MA,99.99,16
000000770118,CALCA CONSCIENCIA LYCRA 24300 AD,99.99,16
000000674973,CALCA DIXIE ALFAIAT 19550001 AD MAS,79.99,16
000000674997,CALCA DIXIE ALFAIAT 19550004 AD MAS,79.99,16
000000507653,CALCA DIXIE LYCRA 19370554 38A48 LEGADO ZZ,14.99,16
000000767842,CALCA DIXIE POLIA 19550119 AD ALFAI,129.99,16
000000652315,CALCA DOG CRAZY HELANC 6400521 AD,19.99,16
000000682114,CALCA DYJORIS JEAN DJ30161 36A48 MA,39.99,16
000000712477,CALCA DYJORIS JEANS 30173 TRAD MASC,49.99,16
000000712453,CALCA DYJORIS JEANS 30175 SLIM MASC,49.99,16
000000739023,CALCA DYJORIS JEANS DJ30181 AD MASC,59.99,16
000000739009,CALCA DYJORIS JEANS DJ30185 AD PRET,59.99,16
000000739016,CALCA DYJORIS JEANS DJ30187 AD MASC,59.99,16
000000738972,CALCA DYJORIS JEANS DJ30189 AD SLIM,59.99,16
000000738989,CALCA DYJORIS JEANS DJ30195 AD MASC,59.99,16
000000761239,CALCA DYJORIS JEANS DJ30203 AD MASC,59.99,16
000000761215,CALCA DYJORIS JEANS DJ30206 AD MASC,59.99,16
000000736398,CALCA ECXO SARJA 12237 AD MASC JOGG,69.99,16
000000736404,CALCA ECXO SARJA 907641 AD MASC JOG,69.99,16
000000736428,CALCA ECXO SARJA 909232 AD SPORT PR,59.99,16
000000736442,CALCA ECXO SARJA 909233 47781 SP AR,59.99,16
000000736435,CALCA ECXO SARJA 909235 AD SPORT CH,59.99,16
000000738781,CALCA ELCHAI JEANS 3102 38A50 MASC,69.99,16
000000764124,CALCA ELCHAI JEANS 3105 38A50 MASC,69.99,16
000000710497,CALCA ELCHAI LYCRA DIV 38A50 MASC,69.99,16
000000773164,CALCA ELCHAI MICRO 1012 38A50 MARIN,59.99,16
000000738835,CALCA ELCHAI SARJA 1060 38A50 MASC,99.99,16
000000716239,CALCA EPIPHANY LYCRA DIV 38A48 PREM,49.99,16
000000645652,CALCA EPIPHANY LYCRA DIV 38A48 TRAD,49.99,16
000000657310,CALCA GANGSTER JEANS 19320024 AD MA,59.99,16
000000752879,CALCA GANGSTER JEANS 19380431 38A48,89.99,16
000000711838,CALCA JEANS.COM LYC JCM0570 38A48 M,69.99,16
000000568876,CALCA JEANS.COM LYCRA DIV 36A48 MAS,69.99,16
000000623643,CALCA KADORY SARJA LYCRA PROMO ADUL,14.99,16
000000764605,CALCA LIFE DENIM JEANS DIVE 38A50 M,59.99,16
000000679442,CALCA LOCAL JEANS 33353 38A48 SKINY,59.99,16
000000679466,CALCA LOCAL JEANS 33389 38A48 SKINY,69.99,16
000000699808,CALCA LOCAL JEANS 33438 AD MAS,69.99,16
000000699815,CALCA LOCAL JEANS 33446 AD MAS,69.99,16
000000699792,CALCA LOCAL JEANS 33482 AD MAS,69.99,16
000000501682,CALCA LOCAL LYCRA 30151 MASC AD,14.99,16
000000615594,CALCA LOCAL SARJA 34036 38A46 JOGGE,39.99,16
000000658713,CALCA LOCAL SARJA 34065 AD RASG BRA,59.99,16
000000615617,CALCA LOCAL SARJA 37508 48A54 JOGGE,39.99,16
000000648394,CALCA LONGBONG ELAST 7001 PMGG MASC,29.99,16
000000354981,CALCA M S TACTEL PMGGG 3 BOLSOS,14.99,16
000000682497,CALCA MAX DEN JEANS 10890 AD M COUN,69.99,16
000000738873,CALCA MAX DEN SARJ 11173 MASC CARGO,69.99,16
000000711135,CALCA MAX DEN.SARJ 11178 AD CARG MA,69.99,16
000000641777,CALCA MAX DEN.SKINNY 11276 AD MASC LEGADO ZZ,39.99,16
000000738897,CALCA MAX DENIM JEANS 11684 MASC TR,69.99,16
000000738910,CALCA MAX DENIM JEANS 11719 MASC SL,69.99,16
000000705134,CALCA MURANO JEANS 80930L 38A48 MAS,69.99,16
000000705189,CALCA MURANO SARJ 80949-48ES M JOG,79.99,16
000000674393,CALCA NINE EIGHT MICRO 19290172 AD,69.99,16
000000727143,CALCA NINE EIGHT MICRO 19290188 AD,59.99,16
000000425179,CALCA ONIREVES JEANS DIVERSAS G1AG5 LEGADO ZZ,4.99,16
000000573221,CALCA ORUAM LYC DIV 36A46 MASC TRAD,39.99,16
000000658010,CALCA OVERCORE JEANS 19320034 AD MA,49.99,16
000000658041,CALCA OVERCORE JEANS 19320040 CARGO,49.99,16
000000658027,CALCA OVERCORE JEANS 19870018 AD MA LEGADO ZZ,49.99,16
000000681575,CALCA PARADOX JEANS 10044 AD M DEST LEGADO ZZ,39.99,16
000000681520,CALCA PARADOX JEANS 9393 38A48 MASC,59.99,16
000000511346,CALCA PARADOX LYC DIV 38A48 RASG MA,39.99,16
000000507011,CALCA PERUSIN LYCRA DIV MAS PREMIUM LEGADO ZZ,14.99,16
000000461962,CALCA PERUSIN LYCRA DIVERSAS MASC,49.99,16
000000491082,CALCA Q DE ESTILO 10966 MASC AD LEGADO ZZ,9.99,16
000000464031,CALCA QUESTAO ESTILO JEANS 10816 MA LEGADO ZZ,9.99,16
000000424936,CALCA SCANER LYCRA CP DIVERSAS MASC,9.99,16
000000759342,CALCA SCANNER JEANS DIV 52A56 M LD,49.99,16
000000551755,CALCA SCANNER SARJA SMCB0002 AREIA,59.99,16
000000436809,CALCA SCANNER SARJA SMCB0002 PRETA,59.99,16
000000668736,CALCA SOCIAL ELCHAI MICRO DIV SLIN,59.99,16
000000668729,CALCA SOCIAL ELCHAI MICRO DIV TRADI,59.99,16
000000669504,CALCA TERMINAL LYCRA DIV 38A48 PRET,39.99,16
000000217637,CALCA TRADICIONAL MAXSHOP LEGADO LEGADO,4.99,16
000000744324,CALCA USTOP JEANS 353 36A50 MASC,89.99,16
000000744348,CALCA USTOP JEANS 451 52A62 MASC,99.99,16
000000721516,CALCA VILEJ ELEG VMCS1103 PRETA SOC LEGADO ZZ,49.99,16
000000718912,CALCA VILEJ ELEG VMCS1104 CHUMB SOC,59.99,16
000000682237,CALCA VILEJ JEANS VMCT1006 AD TRADI,69.99,16
000000711951,CALCA VILEJ JEANS VMCT1008 AD TRADI,69.99,16
000000682220,CALCA VILEJ LYC CG00 CONFORT PLUS M,89.99,16
000000711876,CALCA VILEJ LYC VMCI0102 TRADIC MAS,69.99,16
000000711937,CALCA VILEJ LYC VMCL0006 CONFORT AD,69.99,16
000000681933,CALCA VILEJ MICR VMCS1001 CHUMB SOC,49.99,16
000000681940,CALCA VILEJ MICR VMCS1001 PRETA SOC,39.99,16
000000732574,CALCA VILEJ MICR VMCS1104 CAQUI SOC LEGADO ZZ,39.99,16
000000732598,CALCA VILEJ MICR VMCS2100 52A62 SOC,39.99,16
000000711982,CALCA VILEJ MICRO VMCS1105 AD CINZA,39.99,16
000000711975,CALCA VILEJ MICRO VMCS1105 AD MARIN,39.99,16
000000682169,CALCA VILEJ SARJ CJ0005 36A48 DESER,69.99,16
000000643214,CALCA VILEJACK JEANS CG00 50A62,59.99,16
000000362719,CALCA VILEJACK JEANS SPORT FINO MAS,24.99,16
000000711753,CALCA VILEJACK LYC VMCI0002 38A48 M,79.99,16
000000721554,CALCA VILEJACK LYC VMCI0104 38A48 M,79.99,16
000000721578,CALCA VILEJACK LYC VMCI0110 38A48 M,79.99,16
000000682275,CALCA VILEJACK SARJ CJ0005 36A48 AR,69.99,16
000000682282,CALCA VILEJACK SARJ CJ0005 36A48 KA,79.99,16
000000682268,CALCA VILEJACK SARJ CJ0005 36A48 PR,79.99,16
000000747479,CALCA VILEJACK SARJ LYC VMBL0019 AR,79.99,16
000000747455,CALCA VILEJACK SARJ LYC VMBL0019 KA LEGADO ZZ,79.99,16
000000747462,CALCA VILEJACK SARJ LYC VMBL0019 MU LEGADO ZZ,79.99,16
000000366007,CALCA VILEJACK SARJ VMCB0001 AD BRA,59.99,16
000000728911,CALCA VILEJACK SARJ VMCB0001 AD CHU LEGADO ZZ,59.99,16
000000688796,CALCA VILEJACK SPORT FINO 38A50 LD,59.99,16
000000759366,CALCA WRANGLER JEANS DIV 48A58 M LD,99.99,16
000000733205,CAMISA ARMANEL MM 6116 G1G3 POLO BO,49.99,16
000000733229,CAMISA ARMANEL MM 6116 G4G5 POLO BO,49.99,16
000000682657,CAMISA ARMANELLI CHAMB 9946 PMGG ML,69.99,16
000000644266,CAMISA ARMANELLI JACQ 6096 PMGG POL,49.99,16
000000682671,CAMISA ARMANELLI LINHO 9947 PMGG,59.99,16
000000682688,CAMISA ARMANELLI LINHO 9948 PMGG ML,69.99,16
000000682619,CAMISA ARMANELLI MALH 6122 PMGG POL,39.99,16
000000644372,CAMISA ARMANELLI MM 6082 PMGG POLO,29.99,16
000000682589,CAMISA ARMANELLI MM 6119 PMGG POLO,39.99,16
000000733212,CAMISA ARMANELLI MM 6120 G1G3 POLO,49.99,16
000000682664,CAMISA ARMANELLI TRIC 9953 PMGG,49.99,16
000000458894,CAMISA BROKEM JEANS 570092 PMGG MAS LEGADO ZZ,9.99,16
000000678810,CAMISA CAW POLIEST 12088 DENIM MLAD,79.99,16
000000678803,CAMISA CAW POLIEST 12112 ML AD,49.99,16
000000678780,CAMISA CAW TRICOLI 12078 ML AD,69.99,16
000000678797,CAMISA CAW TRICOLI 2242 ML BOLSO AD,49.99,16
000000604178,CAMISA D O LISTR PL119 120 PMGG POL,29.99,16
000000635776,CAMISA D O PIQ PL092 PL091 AD POLO,24.99,16
000000584487,CAMISA D O PIQU PL017 018 AD POLO B,19.99,16
000000767477,CAMISA DIXIE ALG 15350309 PMGG MC,79.99,16
000000767484,CAMISA DIXIE ALG 15350310 PMGG MC,79.99,16
000000767491,CAMISA DIXIE ALG 15350311 PMGG MC,79.99,16
000000766906,CAMISA DIXIE ALG 29012446 AD POLO,99.99,16
000000714181,CAMISA DIXIE ALG 29080797 AD POLO LEGADO ZZ,49.99,16
000000766807,CAMISA DIXIE ALG 29081354 PMGG POLO LEGADO ZZ,59.99,16
000000766777,CAMISA DIXIE ALG 29090583 PMGG POLO LEGADO ZZ,49.99,16
000000766999,CAMISA DIXIE ALG 29570032 PMGG POLO LEGADO ZZ,59.99,16
000000767521,CAMISA DIXIE CROCHET 15260003 AD MC,99.99,16
000000767507,CAMISA DIXIE CROCHET 15260012 AD MC,99.99,16
000000674720,CAMISA DIXIE FLANEL 15270124 AD ML,79.99,16
000000752244,CAMISA DIXIE JACK 29060040 PMGG POL,59.99,16
000000752251,CAMISA DIXIE JACK 29081288 PMGG POL,49.99,16
000000734790,CAMISA DIXIE MM 29081004 PMGG POLO,49.99,16
000000734776,CAMISA DIXIE MM 29081053 PMGG POLO,49.99,16
000000734806,CAMISA DIXIE MM 29081054 PMGG POLO,49.99,16
000000734752,CAMISA DIXIE MM 29081068 PMGG POLO,49.99,16
000000699877,CAMISA DIXIE MM 29090452 AD POLO ZI,39.99,16
000000767620,CAMISA DIXIE POLIA 15050102 AD ML,99.99,16
000000767613,CAMISA DIXIE POLIA 15050106 AD ML LEGADO ZZ,99.99,16
000000766715,CAMISA DIXIE POLIA 29060043 AD POLO,99.99,16
000000766692,CAMISA DIXIE POLIA 29060044 AD POLO,99.99,16
000000766746,CAMISA DIXIE TOUCH 29060042 AD POLO LEGADO ZZ,59.99,16
000000752275,CAMISA DIXIE TOUCH 29520003 PMGG PO,49.99,16
000000752213,CAMISA DIXIE TRICOT 29660001 PMGG P,79.99,16
000000752220,CAMISA DIXIE TRICOT 29660002 PMGG P,79.99,16
000000752237,CAMISA DIXIE TRICOT 29660007 PMGG P,79.99,16
000000732420,CAMISA DRAZZO COTTON 110986 AD POLO,49.99,16
000000732437,CAMISA DRAZZO COTTON 110993 AD POLO,49.99,16
000000696654,CAMISA DRAZZO FLAME 330856 PMGG MC,49.99,16
000000732475,CAMISA DRAZZO MALHA 110998 AD POLO,49.99,16
000000732482,CAMISA DRAZZO MALHA 110999 AD POLO,49.99,16
000000732499,CAMISA DRAZZO MALHA 111000 AD POLO,49.99,16
000000732505,CAMISA DRAZZO MALHA 111001 AD POLO,49.99,16
000000732512,CAMISA DRAZZO MALHA 111003 AD POLO,49.99,16
000000732529,CAMISA DRAZZO MALHA 111005 AD POLO,49.99,16
000000681087,CAMISA DRAZZO MM DIV POLO PMGG,49.99,16
000000696609,CAMISA DRAZZO PIQUET 110893 AD POLO,39.99,16
000000696616,CAMISA DRAZZO PIQUET 110894 AD POLO,39.99,16
000000732444,CAMISA DRAZZO PIQUET 110992 AD POLO,49.99,16
000000732451,CAMISA DRAZZO PIQUET 111007 AD POLO,49.99,16
000000732468,CAMISA DRAZZO PIQUET 111021 AD POLO,39.99,16
000000747356,CAMISA FATAL LINHO 29763 AD MC VD M,59.99,16
000000687768,CAMISA FATAL MM 28506 AD POLO CINZA,39.99,16
000000687713,CAMISA FATAL PIQ 28641 AD POLO PRET,39.99,16
000000687720,CAMISA FATAL PIQ 28641 AD POLO VERM,29.99,16
000000733618,CAMISA GANGSTE MM 64410192 PLUS POL,59.99,16
000000733632,CAMISA GANGSTE MM 64410193 PLUS POL,59.99,16
000000733625,CAMISA GANGSTE MM 64560124 PLUS POL,59.99,16
000000770057,CAMISA GANGSTER ALG 29970007 POLO A LEGADO ZZ,79.99,16
000000683845,CAMISA GANGSTER MM 29071031 PMGG PO,49.99,16
000000683876,CAMISA GANGSTER MM 29071034 PMGG PO LEGADO ZZ,49.99,16
000000734042,CAMISA GANGSTER MM 29071082 AD POLO,49.99,16
000000752824,CAMISA GANGSTER MM 29080949 PMGG PO,49.99,16
000000734066,CAMISA GANGSTER MM 29081000 AD POLO LEGADO ZZ,49.99,16
000000734059,CAMISA GANGSTER MM 29081003 AD POLO,49.99,16
000000734073,CAMISA GANGSTER MM 29081008 AD POLO,49.99,16
000000752787,CAMISA GANGSTER MM 29081072 PMGG PO,49.99,16
000000734004,CAMISA GANGSTER MM 29081080 AD POLO,49.99,16
000000734011,CAMISA GANGSTER MM 29081082 AD POLO,49.99,16
000000752800,CAMISA GANGSTER MM 29081109 PMGG PO,39.99,16
000000752794,CAMISA GANGSTER MM 29081110 PMGG PO,39.99,16
000000752848,CAMISA GANGSTER MM 29081261 PMGG PO,59.99,16
000000683883,CAMISA GANGSTER MM 64410178 G1G4 PO,59.99,16
000000753487,CAMISA GANGSTER MM 64410190 PLUS PO,59.99,16
000000753494,CAMISA GANGSTER MM 64560127 PLUS PO,49.99,16
000000753500,CAMISA GANGSTER MM 64560130 PLUS PO,59.99,16
000000737043,CAMISA HERING ALG 3M24AZ2EN AD POLO,39.99,16
000000737036,CAMISA HERING ALG 3M24EACEN AD POLO,39.99,16
000000737050,CAMISA HERING ALG 3M24N10EN AD POLO,39.99,16
000000653527,CAMISA JEZZIAN VISC EK1610A AD ML M,29.99,16
000000762625,CAMISA MAC GIAN MM 6102 G1G3 POLO B,49.99,16
000000667074,CAMISA MAC GIANT 6098 AD POLO BOLSO LEGADO ZZ,39.99,16
000000762670,CAMISA MAC GIANT ALG 8033 PMGG ML,59.99,16
000000762717,CAMISA MAC GIANT ALG 8052 PMGG MC,49.99,16
000000732918,CAMISA MAC GIANT ALG 8076 AD ML BOL,69.99,16
000000732611,CAMISA MAC GIANT DIVERSAS G GG POLO,39.99,16
000000732864,CAMISA MAC GIANT MM 6133 AD POLO,39.99,16
000000732871,CAMISA MAC GIANT MM 6139 AD POLO,39.99,16
000000732833,CAMISA MAC GIANT MM 6145 AD POLO BO,39.99,16
000000762649,CAMISA MAC GIANT MM 6163 G1G3 POLO,49.99,16
000000732840,CAMISA MAC GIANT PIQ 6143 AD POLO B,39.99,16
000000551564,CAMISA MAC GIANT PIQUET 6026 AD POL,39.99,16
000000536707,CAMISA MAC GIANT PIQUET 6086 AD POL,39.99,16
000000732857,CAMISA MAC GIANT PIQUET 6117 AD POL,39.99,16
000000732895,CAMISA MAC GIANT PIQUET 6146 AD POL,39.99,16
000000732925,CAMISA MAC GIANT TENCEL 8015 ML,69.99,16
000000750158,CAMISA MALWEE MM 4429 AD POLO BO AZ,39.99,16
000000750165,CAMISA MALWEE MM 4429 AD POLO BO BR,39.99,16
000000750110,CAMISA MALWEE MM 4430 AD POLO AMARE,39.99,16
000000750103,CAMISA MALWEE MM 4430 AD POLO AZUL,39.99,16
000000750127,CAMISA MALWEE MM 4430 AD POLO BRANC,39.99,16
000000750134,CAMISA MALWEE MM 4430 AD POLO PRETO,39.99,16
000000750141,CAMISA MALWEE MM 4430 AD POLO VERME,39.99,16
000000669290,CAMISA MALWEE MM 87849 G1G5 POLO PR,39.99,16
000000685924,CAMISA MALWEE MOUL 104403 G1G5 POLO,39.99,16
000000750189,CAMISA MALWEE PIQ 4427 AD POL BO AZ,39.99,16
000000750196,CAMISA MALWEE PIQUET 4426 AD POL AZ,39.99,16
000000750202,CAMISA MALWEE PIQUET 4426 AD POL PR,39.99,16
000000685870,CAMISA MALWEE PIQUET 4426 PMGG POLO,39.99,16
000000524582,CAMISA MILANO LINHO 9062 MANGA LONG LEGADO ZZ,9.99,16
000000725194,CAMISA MX72 ACETINAD DIV PMGG ML LD,24.99,16
000000678681,CAMISA MX72 ALG 23052 PMGGG ML,59.99,16
000000732703,CAMISA MX72 ALG 24030 AD ML BOLSO,69.99,16
000000732734,CAMISA MX72 ALG 24097 AD ML,79.99,16
000000732673,CAMISA MX72 ALG 24355 AD ML BOLSO,49.99,16
000000765978,CAMISA MX72 ALGODAO 24507 MC,59.99,16
000000765954,CAMISA MX72 ALGODAO 24541 ML,69.99,16
000000586825,CAMISA MX72 CAMBRAIA 20579 G1G3 ML LEGADO ZZ,14.99,16
000000701310,CAMISA MX72 CAMBRAIA 23546 PMGG ML,59.99,16
000000733243,CAMISA MX72 CAMBRAIA 24137 AD ML,79.99,16
000000678674,CAMISA MX72 CHAMBRAY 23030 AD ML BO,59.99,16
000000732796,CAMISA MX72 CHAMBRAY 24005 AD MC BO,49.99,16
000000732826,CAMISA MX72 CHAMBRAY 24020 AD MC,49.99,16
000000675833,CAMISA MX72 DIVERSAS AD MC,39.99,16
000000430098,CAMISA MX72 FIOAFIO 17173 74 ML 5A8 LEGADO ZZ,9.99,16
000000668385,CAMISA MX72 FIOAFIO 22504 AD MC,49.99,16
000000668408,CAMISA MX72 FIOAFIO 22523 PMGG MC,49.99,16
000000668316,CAMISA MX72 FIOAFIO 22534 AD ML BOL,24.99,16
000000732727,CAMISA MX72 FIOAFIO 24101 AD ML,69.99,16
000000678636,CAMISA MX72 FLAME 23000 PMGG MC BOL,49.99,16
000000569293,CAMISA MX72 HAVANA 20004 PMGG,14.99,16
000000725200,CAMISA MX72 JEANS DIV PMGG ML LD,24.99,16
000000420648,CAMISA MX72 MICRO 1664EX MC LISA LEGADO ZZ,4.99,16
000000586641,CAMISA MX72 MIST ELAS 20550 PMGG ML,69.99,16
000000535946,CAMISA MX72 MISTO 19016 AD ML XADRE,59.99,16
000000677219,CAMISA MX72 MISTO 19078 EXTRA XA MC,59.99,16
000000535885,CAMISA MX72 MISTO 19100 INF ML,49.99,16
000000636216,CAMISA MX72 MISTO 22028 PMGG ML,59.99,16
000000732802,CAMISA MX72 MISTO 24014 AD MC,49.99,16
000000503921,CAMISA MX72 MIXTO 18018 ML XADREZ A,14.99,16
000000732697,CAMISA MX72 OXFORD 24026 AD ML BOLS LEGADO ZZ,79.99,16
000000732758,CAMISA MX72 OXFORD 24041 PLUS ML LEGADO ZZ,99.99,16
000000732789,CAMISA MX72 VISCOLI 24133 PLUS MC,69.99,16
000000569330,CAMISA MX72 XADREZ 19503 PMGG,49.99,16
000000658294,CAMISA NIVEL II PA DIVERSAS AD ML,29.99,16
000000645676,CAMISA PLANE MM DIV PMGG POLO CAVAL,19.99,16
000000645683,CAMISA PLANE PIQUET DIV AD POLO BOL,29.99,16
000000645690,CAMISA PLANE PIQUET DIV AD POLO CAV,29.99,16
000000758031,CAMISA POLO LABELLA TRICOT PMGG,49.99,16
000000598033,CAMISA POLO PIQUET 23973 PMGG POLO,19.99,16
000000657525,CAMISA RESERVA MM 1001 AD POLO BOLS LEGADO ZZ,14.99,16
000000735865,CAMISA SEVEN FLAN 7W24MPLS PLUS ML,49.99,16
000000735759,CAMISA SEVEN FLANE 7W240F01 INF ML,39.99,16
000000690515,CAMISA SEVEN LINHO 7A23M012 PMGG ML,24.99,16
000000690522,CAMISA SEVEN LINHO 7A23M014 PMGG MC,24.99,16
000000725767,CAMISA TIFA MM 5450 PMGG POLO,29.99,16
000000744201,CAMISA USTOP ALG 604 PMGG XADREZ,69.99,16
000000744102,CAMISA USTOP ALG 704 2A5 ML XADREZ,79.99,16
000000744126,CAMISA USTOP ALG 711 2A5 ML XADREZ,79.99,16
000000711524,CAMISA VILEJACK MM VMGP0315 PMGG PO,49.99,16
000000711517,CAMISA VILEJACK MM VMGP0316 PMGG PO,49.99,16
000000711531,CAMISA VILEJACK MM VMGP0317 PMGG PO,49.99,16
000000711500,CAMISA VILEJACK MM VMGP0323 PMGG PO,49.99,16
000000713924,CAMISA WE RE ALG 210461 AD BOLSO ML,69.99,16
000000713955,CAMISA WE RE ALG 214229C PLUS,49.99,16
000000713900,CAMISA WE RE LINH 210488 AD BOLS MC,69.99,16
000000698993,CAMISA WE RE LINHO 214259 AD MC,59.99,16
000000705905,CAMISA WE RE VISC 210372EV461 AD MC,29.99,16
000000705882,CAMISA WE RE VISC 210537J10 PMGG MC,39.99,16
000000724449,CAMISA WE RE VISC 210537R18 AD MASC,39.99,16
000000705899,CAMISA WE RE VISC 210537X24 PMGG MC,29.99,16
000000713856,CAMISA WE RE VISC 210550T1 PMGG MC,49.99,16
000000698962,CAMISA WE RE VISCOS 210537P16 AD MC,39.99,16
000000698986,CAMISA WE RE VISCOS 210537Z25 AD MC,29.99,16
000000766159,CAMISA WRANGLER JEANS PMGG ML SALDO,69.99,16
000000770323,CAMISA YUNEE VISCOSE 86008 PMGG FEM LEGADO ZZ,39.99,16
000000731959,CAMISETA ACTVITTA 40004225403 15745,69.99,16
000000731966,CAMISETA ACTVITTA 40004225403 69090,69.99,16
000000739757,CAMISETA ACTVITTA 40004225403 89993,69.99,16
000000731973,CAMISETA ACTVITTA 40004425401 81476,49.99,16
000000739764,CAMISETA ACTVITTA 40004525401 15745,59.99,16
000000731980,CAMISETA ACTVITTA 40004525401 89993,59.99,16
000000731997,CAMISETA ACTVITTA 40004622766 15745,49.99,16
000000732000,CAMISETA ACTVITTA 40004622766 16072,49.99,16
000000739771,CAMISETA ACTVITTA 40004622766 89993,49.99,16
000000598255,CAMISETA AERODRY MM 23122 PMGG Sortida P,9.99,16
000000740678,CAMISETA BROOK STHIL MM 10A16 ESTAM,19.99,16
000000740661,CAMISETA BROOK STHIL MM PLUS ESTAMP,29.99,16
000000740654,CAMISETA BROOK STHIL MM PMGG LISA,19.99,16
000000684491,CAMISETA DESAYNER MM 10A14 SALDO,9.99,16
000000643207,CAMISETA DEZALI MM 159235 PMGG LEGADO ZZ,24.99,16
000000747523,CAMISETA DH MM G1G3 MC,14.99,16
000000683227,CAMISETA DIXIE ALG 11242102 PMGG MA,29.99,16
000000713474,CAMISETA DIXIE ALG 11242333 PMGG MA,29.99,16
000000713764,CAMISETA DIXIE COTON 10210117 AD OF,59.99,16
000000713795,CAMISETA DIXIE COTON 10210119 AD PR,59.99,16
000000713788,CAMISETA DIXIE COTON 10210120 AD MA,59.99,16
000000713771,CAMISETA DIXIE COTON 10210121 AD CA,59.99,16
000000734561,CAMISETA DIXIE MM 10200084 PMGG,29.99,16
000000734578,CAMISETA DIXIE MM 10200085 PMGG,29.99,16
000000734523,CAMISETA DIXIE MM 10200090 PMGG,29.99,16
000000734509,CAMISETA DIXIE MM 10200094 PMGG,24.99,16
000000734516,CAMISETA DIXIE MM 10200095 PMGG,24.99,16
000000734530,CAMISETA DIXIE MM 10200096 PMGG,29.99,16
000000734547,CAMISETA DIXIE MM 10200099 PMGG,24.99,16
000000734370,CAMISETA DIXIE MM 10200102 PMGG,29.99,16
000000734592,CAMISETA DIXIE MM 10200104 PMGG,29.99,16
000000752022,CAMISETA DIXIE MM 10200243 PMGG,39.99,16
000000752039,CAMISETA DIXIE MM 10200245 PMGG,29.99,16
000000727082,CAMISETA DIXIE MM 10210115 PMGG CZ,59.99,16
000000727013,CAMISETA DIXIE MM 10210118 PMGG VD,59.99,16
000000727068,CAMISETA DIXIE MM 10210125 PMGG ROU,29.99,16
000000727020,CAMISETA DIXIE MM 10210127 PMGG OFF,29.99,16
000000751940,CAMISETA DIXIE MM 10210259 PMGG,29.99,16
000000654586,CAMISETA DIXIE MM 11194294 PMGG MAS LEGADO ZZ,19.99,16
000000654562,CAMISETA DIXIE MM 11241920 PMGG MAS LEGADO ZZ,24.99,16
000000700030,CAMISETA DIXIE MM 11242261 PMGG,29.99,16
000000734363,CAMISETA DIXIE MM 11242434 PMGG,29.99,16
000000699990,CAMISETA DIXIE MM 11242449 PMGG LEGADO ZZ,29.99,16
000000700009,CAMISETA DIXIE MM 11242495 PMGG,29.99,16
000000752114,CAMISETA DIXIE MM 11242540 PMGG,39.99,16
000000734462,CAMISETA DIXIE MM 11242552 PMGG,29.99,16
000000734554,CAMISETA DIXIE MM 11242584 PMGG,29.99,16
000000734301,CAMISETA DIXIE MM 11242586 PMGG,29.99,16
000000734455,CAMISETA DIXIE MM 11242608 PMGG,29.99,16
000000734318,CAMISETA DIXIE MM 11242614 PMGG,29.99,16
000000734448,CAMISETA DIXIE MM 11242695 PMGG,29.99,16
000000734479,CAMISETA DIXIE MM 11242756 PMGG,29.99,16
000000734349,CAMISETA DIXIE MM 11242761 PMGG,29.99,16
000000734356,CAMISETA DIXIE MM 11242764 PMGG,29.99,16
000000734400,CAMISETA DIXIE MM 11242790 PMGG,29.99,16
000000734325,CAMISETA DIXIE MM 11242791 PMGG,29.99,16
000000751933,CAMISETA DIXIE MM 11242824 PMGG,29.99,16
000000751964,CAMISETA DIXIE MM 11242825 PMGG,29.99,16
000000751971,CAMISETA DIXIE MM 11242859 PMGG,29.99,16
000000752060,CAMISETA DIXIE MM 11242881 PMGG,29.99,16
000000767385,CAMISETA DIXIE MM 11242948 PMGG LEGADO ZZ,29.99,16
000000767408,CAMISETA DIXIE MM 11242979 PMGG Sortida P,29.99,16
000000752077,CAMISETA DIXIE MM 11243186 PMGG,39.99,16
000000752053,CAMISETA DIXIE MM 11243190 PMGG,29.99,16
000000751995,CAMISETA DIXIE MM 11243319 PMGG,29.99,16
000000767422,CAMISETA DIXIE MM 11243362 PMGG LEGADO ZZ,39.99,16
000000752107,CAMISETA DIXIE MM 11243399 PMGG,39.99,16
000000752015,CAMISETA DIXIE MM 11243414 PMGG,39.99,16
000000751957,CAMISETA DIXIE MM 11243418 PMGG,29.99,16
000000752008,CAMISETA DIXIE MM 11243462 PMGG,29.99,16
000000713726,CAMISETA DIXIE PERUA 10210114 AD VE,39.99,16
000000713740,CAMISETA DIXIE PERUA 10210122 AD MA,39.99,16
000000713719,CAMISETA DIXIE PERUA 10210123 AD BR,29.99,16
000000713757,CAMISETA DIXIE PERUA 10210124 AD PR,39.99,16
000000713733,CAMISETA DIXIE PERUA 10210126 AD MI,39.99,16
000000696746,CAMISETA DRAZZO MM 220787 PMGG,24.99,16
000000519861,CAMISETA ECKO MM E196A PMGG LEGADO ZZ,4.99,16
000000519809,CAMISETA ECKO MM E232A PMGG LEGADO ZZ,4.99,16
000000519915,CAMISETA ECKO MM E463A PMGG LEGADO ZZ,4.99,16
000000687539,CAMISETA ECKO MM J208A PMGG AZUL,29.99,16
000000687522,CAMISETA ECKO MM J208A PMGG VD CRIS,29.99,16
000000687508,CAMISETA ECKO MM J209A PMGG PRETO LEGADO ZZ,24.99,16
000000687591,CAMISETA ECKO MM J234A PMGG AREIA,24.99,16
000000687621,CAMISETA ECKO MM J242A PMGG AZUL,29.99,16
000000687669,CAMISETA ECKO MM J313A PMGG VD MILI LEGADO ZZ,29.99,16
000000740753,CAMISETA ECKO MM J501A PLUS VERDE,39.99,16
000000740777,CAMISETA ECKO MM J503A PLUS PRETO LEGADO ZZ,39.99,16
000000737272,CAMISETA ECKO MM J613A AD AREIA,39.99,16
000000737289,CAMISETA ECKO MM J613A AD VD TEMP,39.99,16
000000737296,CAMISETA ECKO MM J613A AD VERMELHO,39.99,16
000000737265,CAMISETA ECKO MM J613A PMGGG MESCLA,39.99,16
000000740715,CAMISETA ECKO MM J630A PMGG BRANCA,39.99,16
000000740722,CAMISETA ECKO MM J630A PMGG MARINHO,39.99,16
000000740739,CAMISETA ECKO MM J647A AD AZ TURQUE,39.99,16
000000737234,CAMISETA ECKO MM J657A PMGG,39.99,16
000000737227,CAMISETA ECKO MM J658A PMGG,39.99,16
000000737258,CAMISETA ECKO MM J672A PMGG,39.99,16
000000737241,CAMISETA ECKO MM J673A PMGG,39.99,16
000000738330,CAMISETA ECKO MM J674A PMGG MASC,39.99,16
000000738323,CAMISETA ECKO MM J718A PMGG MASC,39.99,16
000000746670,CAMISETA ECKO MM J930A PMGG AZUL FU,39.99,16
000000746557,CAMISETA ECKO MM J939A PMGG PRETO,39.99,16
000000746465,CAMISETA ECKO MM J957A PMGG AREIA,39.99,16
000000746595,CAMISETA ECKO MM J959A PMGG MARINHO,39.99,16
000000746625,CAMISETA ECKO MM J971A PMGG AREIA,39.99,16
000000746601,CAMISETA ECKO MM J986A PMGG BRANCO,39.99,16
000000746694,CAMISETA ECKO MM J997A PMGG AZUL,39.99,16
000000640756,CAMISETA FATAL 25688 PMGG,19.99,16
000000640794,CAMISETA FATAL 26995 PMGG,19.99,16
000000077613,CAMISETA FATAL MALHA AD LEGADO ZZ,4.99,16
000000443265,CAMISETA FATAL MM 13953 PMGGG LEGADO ZZ,4.99,16
000000563598,CAMISETA FATAL MM 24306 PMGG LEGADO ZZ,9.99,16
000000640763,CAMISETA FATAL MM 26203 PMGG LEGADO ZZ,19.99,16
000000668576,CAMISETA FATAL MM 26947 PMGG,19.99,16
000000740555,CAMISETA FATAL MM 27883 PMGG,24.99,16
000000740548,CAMISETA FATAL MM 27912 PMGG,24.99,16
000000687294,CAMISETA FATAL MM 28466 AD VD MESCL,24.99,16
000000687287,CAMISETA FATAL MM 28466 PMGG AZ GLA,24.99,16
000000687263,CAMISETA FATAL MM 28466 PMGG GELO,19.99,16
000000687232,CAMISETA FATAL MM 28466 PMGG MARINH,19.99,16
000000687270,CAMISETA FATAL MM 28466 PMGG ROSA,19.99,16
000000687300,CAMISETA FATAL MM 28466 PMGG VD AGU,19.99,16
000000740531,CAMISETA FATAL MM 28494 AD AZ TURQU,24.99,16
000000740500,CAMISETA FATAL MM 28535 PMGG,24.99,16
000000740494,CAMISETA FATAL MM 28584 PMGG,24.99,16
000000687331,CAMISETA FATAL MM 28839 PMGG,29.99,16
000000740630,CAMISETA FATAL MM 28860 PLUS AZUL,29.99,16
000000740623,CAMISETA FATAL MM 28860 PLUS BRANCO,29.99,16
000000740609,CAMISETA FATAL MM 28866 PLUS PRETO,29.99,16
000000740524,CAMISETA FATAL MM 29262 AD AZ TURQU,24.99,16
000000740463,CAMISETA FATAL MM 29264 AD LARANJA,24.99,16
000000719353,CAMISETA FATAL MM 29264 PMGG,24.99,16
000000740470,CAMISETA FATAL MM 29264 PMGG VERDE,24.99,16
000000740487,CAMISETA FATAL MM 29323 PMGG,24.99,16
000000740562,CAMISETA FATAL MM 29368 PMGG BRANCO,24.99,16
000000740579,CAMISETA FATAL MM 29374 PMGG MARINH,24.99,16
000000747127,CAMISETA FATAL MM 29596 PMGG ESTAMP,29.99,16
000000747103,CAMISETA FATAL MM 29603 PMGG ESTAMP,24.99,16
000000747158,CAMISETA FATAL MM 29685 PMGG ESTAMP,29.99,16
000000748483,CAMISETA FBR MALHA 13906 PMGG,39.99,16
000000748490,CAMISETA FBR MALHA 13911 PMGG,39.99,16
000000613439,CAMISETA GANGSTER MM 10160551 PMGG LEGADO ZZ,9.99,16
000000613507,CAMISETA GANGSTER MM 10160623 PMGG LEGADO ZZ,9.99,16
000000655927,CAMISETA GANGSTER MM 10161034 AD MA LEGADO ZZ,24.99,16
000000619059,CAMISETA GANGSTER MM 10161243 PMGG Sortida P,14.99,16
000000619158,CAMISETA GANGSTER MM 10161374 PMGG LEGADO ZZ,9.99,16
000000619196,CAMISETA GANGSTER MM 10161385 PMGG LEGADO ZZ,9.99,16
000000619134,CAMISETA GANGSTER MM 10161405 PMGG LEGADO ZZ,9.99,16
000000656085,CAMISETA GANGSTER MM 10161763 AD MA LEGADO ZZ,19.99,16
000000656399,CAMISETA GANGSTER MM 10162045 AD MA LEGADO ZZ,24.99,16
000000656382,CAMISETA GANGSTER MM 10162180 AD MA LEGADO ZZ,24.99,16
000000683661,CAMISETA GANGSTER MM 10162704 PMGG,24.99,16
000000683685,CAMISETA GANGSTER MM 10162708 PMGG,24.99,16
000000697361,CAMISETA GANGSTER MM 10162826 AD MA,19.99,16
000000697422,CAMISETA GANGSTER MM 10163211 AD MA,24.99,16
000000733847,CAMISETA GANGSTER MM 10163308 PMGG,29.99,16
000000733762,CAMISETA GANGSTER MM 10163311 PMGG,29.99,16
000000733793,CAMISETA GANGSTER MM 10163326 PMGG,29.99,16
000000733779,CAMISETA GANGSTER MM 10163327 PMGG,29.99,16
000000733663,CAMISETA GANGSTER MM 10163388 PMGG,24.99,16
000000733656,CAMISETA GANGSTER MM 10163515 PMGG,24.99,16
000000733700,CAMISETA GANGSTER MM 10163517 PMGG,24.99,16
000000733687,CAMISETA GANGSTER MM 10163518 PMGG,24.99,16
000000733649,CAMISETA GANGSTER MM 10163521 PMGG,24.99,16
000000733717,CAMISETA GANGSTER MM 10163526 PMGG,24.99,16
000000733670,CAMISETA GANGSTER MM 10163529 PMGG,24.99,16
000000751575,CAMISETA GANGSTER MM 10163616 PMGG,24.99,16
000000751599,CAMISETA GANGSTER MM 10163668 PMGG,24.99,16
000000751605,CAMISETA GANGSTER MM 10163761 PMGG,24.99,16
000000767897,CAMISETA GANGSTER MM 10163849 PMGG LEGADO ZZ,24.99,16
000000751650,CAMISETA GANGSTER MM 10163850 PMGG,24.99,16
000000751667,CAMISETA GANGSTER MM 10163858 PMGG,24.99,16
000000751643,CAMISETA GANGSTER MM 10163865 PMGG,24.99,16
000000751582,CAMISETA GANGSTER MM 10163890 PMGG,24.99,16
000000751629,CAMISETA GANGSTER MM 10164068 PMGG,24.99,16
000000767705,CAMISETA GANGSTER MM 10164142 PMGG LEGADO ZZ,24.99,16
000000751568,CAMISETA GANGSTER MM 10164155 PMGG,24.99,16
000000752411,CAMISETA GANGSTER MM 10164156 PMGG,29.99,16
000000752398,CAMISETA GANGSTER MM 10164181 PMGG,29.99,16
000000752404,CAMISETA GANGSTER MM 10164190 PMGG,29.99,16
000000752381,CAMISETA GANGSTER MM 10164206 PMGG,29.99,16
000000656160,CAMISETA GANGSTER MM 10200011 AD MA LEGADO ZZ,24.99,16
000000733755,CAMISETA GANGSTER MM 10200108 PMGG,24.99,16
000000733748,CAMISETA GANGSTER MM 10200109 PMGG,24.99,16
000000733731,CAMISETA GANGSTER MM 10200117 PMGG,24.99,16
000000733724,CAMISETA GANGSTER MM 10200118 PMGG,24.99,16
000000547611,CAMISETA GANGSTER MM 11192109 PMGG LEGADO ZZ,9.99,16
000000655842,CAMISETA GANGSTER MM 11194627 AD MA,24.99,16
000000683470,CAMISETA GANGSTER MM 11194827 PMGG,29.99,16
000000697125,CAMISETA GANGSTER MM 11194987 AD MA,24.99,16
000000697057,CAMISETA GANGSTER MM 11195005 AD MA LEGADO ZZ,24.99,16
000000697231,CAMISETA GANGSTER MM 11195292 AD MA,29.99,16
000000655729,CAMISETA GANGSTER MM 11241930 AD MA LEGADO ZZ,39.99,16
000000683739,CAMISETA GANGSTER MM 11242189 PMGG,29.99,16
000000683715,CAMISETA GANGSTER MM 11242194 PMGG,29.99,16
000000697156,CAMISETA GANGSTER MM 11242268 AD MA,24.99,16
000000752558,CAMISETA GANGSTER MM 11242460 PMGG,29.99,16
000000697262,CAMISETA GANGSTER MM 11242463 AD MA,29.99,16
000000697279,CAMISETA GANGSTER MM 11242466 AD MA,29.99,16
000000733861,CAMISETA GANGSTER MM 11242493 PMGG,29.99,16
000000715119,CAMISETA GANGSTER MM 11242518 PMGG,39.99,16
000000733939,CAMISETA GANGSTER MM 11242570 PMGG,29.99,16
000000733854,CAMISETA GANGSTER MM 11242572 PMGG,29.99,16
000000733946,CAMISETA GANGSTER MM 11242575 PMGG,29.99,16
000000733809,CAMISETA GANGSTER MM 11242623 PMGG,29.99,16
000000733953,CAMISETA GANGSTER MM 11242638 PMGG,29.99,16
000000733878,CAMISETA GANGSTER MM 11242643 PMGG,29.99,16
000000733892,CAMISETA GANGSTER MM 11242651 PMGG,29.99,16
000000752602,CAMISETA GANGSTER MM 11242658 PMGG,29.99,16
000000733960,CAMISETA GANGSTER MM 11242661 PMGG,29.99,16
000000733977,CAMISETA GANGSTER MM 11242812 PMGG,29.99,16
000000752442,CAMISETA GANGSTER MM 11242887 PMGG,29.99,16
000000752459,CAMISETA GANGSTER MM 11242888 PMGG,29.99,16
000000752435,CAMISETA GANGSTER MM 11242889 PMGG,29.99,16
000000752473,CAMISETA GANGSTER MM 11242893 PMGG,29.99,16
000000752701,CAMISETA GANGSTER MM 11242897 PMGG,29.99,16
000000752534,CAMISETA GANGSTER MM 11242964 PMGG,29.99,16
000000752664,CAMISETA GANGSTER MM 11243034 PMGG,39.99,16
000000768702,CAMISETA GANGSTER MM 11243046 PMGG LEGADO ZZ,29.99,16
000000752633,CAMISETA GANGSTER MM 11243110 PMGG,29.99,16
000000752619,CAMISETA GANGSTER MM 11243111 PMGG,29.99,16
000000752640,CAMISETA GANGSTER MM 11243112 PMGG,29.99,16
000000752428,CAMISETA GANGSTER MM 11243152 PMGG,29.99,16
000000768177,CAMISETA GANGSTER MM 11243153 PMGG LEGADO ZZ,29.99,16
000000752480,CAMISETA GANGSTER MM 11243313 PMGG,29.99,16
000000752497,CAMISETA GANGSTER MM 11243314 PMGG,29.99,16
000000752695,CAMISETA GANGSTER MM 11243323 PMGG,49.99,16
000000752527,CAMISETA GANGSTER MM 11243380 PMGG,29.99,16
000000752565,CAMISETA GANGSTER MM 11243501 PMGG,29.99,16
000000526418,CAMISETA GANGSTER MM 11420050 PMGG LEGADO ZZ,9.99,16
000000464581,CAMISETA GANGSTER MM 11540117 118 A,4.99,16
000000697569,CAMISETA GANGSTER MM 11640024 AD MA LEGADO ZZ,29.99,16
000000656658,CAMISETA GANGSTER MM 11750019 AD CP LEGADO ZZ,24.99,16
000000613224,CAMISETA GANGSTER MM 50011355 G1G4 LEGADO ZZ,14.99,16
000000637503,CAMISETA GANGSTER MM 50011482 PLUS,39.99,16
000000637534,CAMISETA GANGSTER MM 50011513 G1G3 LEGADO ZZ,39.99,16
000000656283,CAMISETA GANGSTER MM 50011749 G1G3,24.99,16
000000683814,CAMISETA GANGSTER MM 50011829 G1G4 LEGADO ZZ,29.99,16
000000733151,CAMISETA GANGSTER MM 50011929 PLUS,29.99,16
000000733137,CAMISETA GANGSTER MM 50011933 PLUS,29.99,16
000000753128,CAMISETA GANGSTER MM 50012004 PLUS,29.99,16
000000753104,CAMISETA GANGSTER MM 50012005 PLUS,39.99,16
000000698481,CAMISETA GANGSTER MM 50110005 G1G3 LEGADO ZZ,39.99,16
000000733144,CAMISETA GANGSTER MM 50110013 PLUS,29.99,16
000000753081,CAMISETA GANGSTER MM 50110036 PLUS,39.99,16
000000683791,CAMISETA GANGSTER MM 51180795 G1G4,24.99,16
000000753166,CAMISETA GANGSTER MM 51180852 PLUS,39.99,16
000000733588,CAMISETA GANGSTER MM 51240329 PLUS LEGADO ZZ,39.99,16
000000733595,CAMISETA GANGSTER MM 51240331 PLUS LEGADO ZZ,39.99,16
000000733571,CAMISETA GANGSTER MM 51240332 PLUS LEGADO ZZ,39.99,16
000000733601,CAMISETA GANGSTER MM 51240334 PLUS,39.99,16
000000733113,CAMISETA GANGSTER MM 51240345 PLUS,39.99,16
000000753159,CAMISETA GANGSTER MM 51240382 PLUS,39.99,16
000000753210,CAMISETA GANGSTER MM 51240404 PLUS,49.99,16
000000753180,CAMISETA GANGSTER MM 51240407 PLUS,49.99,16
000000737029,CAMISETA HERING ALG 4FFZN0AEN PMGG,39.99,16
000000737012,CAMISETA HERING ALG 4FFZN10EN PMGG,39.99,16
000000737005,CAMISETA HERING CANEL 4K4DN10EN PMG,39.99,16
000000736992,CAMISETA HERING CANEL 4K4DNMCEN PMG,39.99,16
000000709194,CAMISETA HERING MALHA 4FEF PMGGG,14.99,16
000000736824,CAMISETA HERING MM 4F8713UEN PMGG,29.99,16
000000736848,CAMISETA HERING MM 4F8714BEN PMGG,29.99,16
000000736817,CAMISETA HERING MM 4F8716HEN PMGG,29.99,16
000000736855,CAMISETA HERING MM 4F87HN8EN PMGG,29.99,16
000000736923,CAMISETA HERING MM 4FEF1BEN PMGG,29.99,16
000000736909,CAMISETA HERING MM 4FEF1CEN PMGG,29.99,16
000000736930,CAMISETA HERING MM 4FEFAZ2EN PMGG,29.99,16
000000736893,CAMISETA HERING MM 4FEFN10EN PMGG,29.99,16
000000736886,CAMISETA HERING MM 4FEFNATEN PMGG,29.99,16
000000736947,CAMISETA HERING MM 4FEFNOAEN PMGG,29.99,16
000000736978,CAMISETA HERING MM 4FXQEACEN AD PAD,39.99,16
000000736985,CAMISETA HERING MM 4FXQN10EN AD PAD,39.99,16
000000679251,CAMISETA LOCAL DRY 25609 PMGGG,29.99,16
000000441025,CAMISETA LOCAL MM 11042 PMGGG MASC LEGADO ZZ,4.99,16
000000615334,CAMISETA LOCAL MM 19642 G1G3 LEGADO ZZ,14.99,16
000000615099,CAMISETA LOCAL MM 29054 PMGG,9.99,16
000000615105,CAMISETA LOCAL MM 29057 PMGG,9.99,16
000000699440,CAMISETA LOCAL MM 29665 PMGG MAS,24.99,16
000000738309,CAMISETA LONGWAY DRY 11165A AD ML,29.99,16
000000737401,CAMISETA LONGWAY DRY 11284A PMGGG,24.99,16
000000667272,CAMISETA LONGWAY DRY 11287A PMGG MA,19.99,16
000000737326,CAMISETA LONGWAY DRY 11387A PMGGG,24.99,16
000000738293,CAMISETA LONGWAY DRY 11393A AD ML,29.99,16
000000737364,CAMISETA LONGWAY DRY 11439P G1G2G3,29.99,16
000000706551,CAMISETA LONGWAY DRY 11446A PMGG,24.99,16
000000711425,CAMISETA LONGWAY DRY 11455A PMGG,24.99,16
000000703437,CAMISETA LONGWAY DRY 11459P G1G3,29.99,16
000000711432,CAMISETA LONGWAY DRY 11478A PMGG,24.99,16
000000711623,CAMISETA LONGWAY DRY 11481A PMGGG,24.99,16
000000737319,CAMISETA LONGWAY DRY 11505P G1G2G3,29.99,16
000000737333,CAMISETA LONGWAY DRY 11515A PMGGG,24.99,16
000000737302,CAMISETA LONGWAY DRY 11517A PMGGG,24.99,16
000000737371,CAMISETA LONGWAY DRY 11518A PMGGG,24.99,16
000000737388,CAMISETA LONGWAY DRY 11519A PMGGG,24.99,16
000000737340,CAMISETA LONGWAY DRY 11522A PMGGG,24.99,16
000000737357,CAMISETA LONGWAY DRY 11539A PMGGG,24.99,16
000000737395,CAMISETA LONGWAY DRY 11540P G1G2G3 LEGADO ZZ,29.99,16
000000761376,CAMISETA LONGWAY DRY 11585A PMGG M,24.99,16
000000761383,CAMISETA LONGWAY DRY 11591A PMGG M,24.99,16
000000761321,CAMISETA LONGWAY DRY 11639A PMGG M,24.99,16
000000761314,CAMISETA LONGWAY DRY 11640A PMGG M,24.99,16
000000761406,CAMISETA LONGWAY DRY 11645P G1G3 M,29.99,16
000000761420,CAMISETA LONGWAY DRY 11646P G1G3 M,29.99,16
000000437073,CAMISETA MAIDALE MM G1G2G3 LEGADO ZZ,4.99,16
000000726917,CAMISETA MALBECK POLI CA01 AD ML UV,24.99,16
000000750554,CAMISETA MALWE MM 87848 G1G5 G V BR,29.99,16
000000750561,CAMISETA MALWE MM 87848 G1G5 G V PR,29.99,16
000000750264,CAMISETA MALWEE COTT 124371 AD PRET,29.99,16
000000750257,CAMISETA MALWEE COTT 124371 PMGG,29.99,16
000000685955,CAMISETA MALWEE MALHA,29.99,16
000000750516,CAMISETA MALWEE MM 120673 PMGG,29.99,16
000000750509,CAMISETA MALWEE MM 120674 AD AMAREL,29.99,16
000000750486,CAMISETA MALWEE MM 120674 PMGG,29.99,16
000000750493,CAMISETA MALWEE MM 120674 PMGG AZUL,29.99,16
000000750523,CAMISETA MALWEE MM 120675 PMGG,29.99,16
000000750479,CAMISETA MALWEE MM 120676 AD VERDE,29.99,16
000000750462,CAMISETA MALWEE MM 120676 PMGG,29.99,16
000000750455,CAMISETA MALWEE MM 120677 PMGG,29.99,16
000000750448,CAMISETA MALWEE MM 15037 AD PESSEGO,24.99,16
000000750394,CAMISETA MALWEE MM 15037 PMGG AZUL,24.99,16
000000750424,CAMISETA MALWEE MM 15037 PMGG MESCL,24.99,16
000000750400,CAMISETA MALWEE MM 15037 PMGG VERDE,24.99,16
000000750530,CAMISETA MALWEE MM 4422 AD G V BR,24.99,16
000000750547,CAMISETA MALWEE MM 4422 AD G V PRET,24.99,16
000000750363,CAMISETA MALWEE MM 4423 AD MESCLA C,24.99,16
000000750318,CAMISETA MALWEE MM 4423 PMGG AMAREL,24.99,16
000000750295,CAMISETA MALWEE MM 4423 PMGG AZUL,24.99,16
000000750325,CAMISETA MALWEE MM 4423 PMGG BRANCO,24.99,16
000000750349,CAMISETA MALWEE MM 4423 PMGG MARINH,24.99,16
000000750332,CAMISETA MALWEE MM 4423 PMGG PRETO,24.99,16
000000750301,CAMISETA MALWEE MM 4423 PMGG VD CLA,24.99,16
000000750356,CAMISETA MALWEE MM 4423 PMGG VERMEL,24.99,16
000000750219,CAMISETA MALWEE MM 68860 PMGG AZUL,29.99,16
000000750226,CAMISETA MALWEE MM 68860 PMGG BRANC,29.99,16
000000750240,CAMISETA MALWEE MM 68860 PMGG PRETO,29.99,16
000000669245,CAMISETA MALWEE MM 87847 G1G5 PRETO,29.99,16
000000669252,CAMISETA MALWEE MM 87847 G1G5 VERDE,29.99,16
000000669276,CAMISETA MALWEE MM 87847 G1G5 VERME,29.99,16
000000750288,CAMISETA MALWEE VISC 121546 AD MARR,29.99,16
000000750271,CAMISETA MALWEE VISCOS 121546 PMGG,29.99,16
000000716154,CAMISETA NBA MM N479A AD NY LEGADO ZZ,39.99,16
000000716109,CAMISETA NBA MM N733A AD LOS ANGELE,39.99,16
000000716147,CAMISETA NBA MM N736A AD BOSTON,39.99,16
000000693349,CAMISETA NELLONDA MALHA 9454 PMGG,19.99,16
000000693325,CAMISETA NELLONDA MM DIV G1G3 BASIC,24.99,16
000000726993,CAMISETA NINE EI DRY 11250199 AD ML,29.99,16
000000727075,CAMISETA NINE EI DRY 11480041 AD ML,29.99,16
000000715805,CAMISETA NINE EIG DRY 10140410 AD LEGADO ZZ,29.99,16
000000766548,CAMISETA NINE EIG DRY 10140613 AD LEGADO ZZ,29.99,16
000000753975,CAMISETA NINE EIG DRY 10140673 AD,29.99,16
000000735209,CAMISETA NINE EIG DRY 10140748 AD,24.99,16
000000700542,CAMISETA NINE EIG DRY 10140749 PMGG,29.99,16
000000753999,CAMISETA NINE EIG DRY 10140829 AD,29.99,16
000000734851,CAMISETA NINE EIG DRY 10140835 AD,29.99,16
000000734844,CAMISETA NINE EIG DRY 10140847 AD,29.99,16
000000754194,CAMISETA NINE EIG DRY 10140862 AD,24.99,16
000000735049,CAMISETA NINE EIG DRY 10140878 AD,19.99,16
000000754187,CAMISETA NINE EIG DRY 10140879 AD,24.99,16
000000754019,CAMISETA NINE EIG DRY 10140895 AD,24.99,16
000000754170,CAMISETA NINE EIG DRY 10140966 AD,24.99,16
000000754088,CAMISETA NINE EIG DRY 10220013 AD,24.99,16
000000754040,CAMISETA NINE EIG DRY 10220016 AD,24.99,16
000000754095,CAMISETA NINE EIG DRY 10220024 AD,24.99,16
000000754101,CAMISETA NINE EIG DRY 10220037 AD,24.99,16
000000655040,CAMISETA NINE EIG DRY 11820440 AD M LEGADO ZZ,29.99,16
000000715775,CAMISETA NINE EIG DRY 11820453 AD LEGADO ZZ,24.99,16
000000735230,CAMISETA NINE EIG DRY 11820539 AD,29.99,16
000000735216,CAMISETA NINE EIG DRY 11820543 AD,29.99,16
000000754132,CAMISETA NINE EIG DRY 11820554 AD,29.99,16
000000754156,CAMISETA NINE EIG DRY 11820645 AD,29.99,16
000000766487,CAMISETA NINE EIG DRY 11820655 AD LEGADO ZZ,29.99,16
000000715782,CAMISETA NINE EIG DRY 11820656 AD,29.99,16
000000735179,CAMISETA NINE EIG DRY 11820660 AD,29.99,16
000000735032,CAMISETA NINE EIG DRY 11820700 AD,29.99,16
000000734882,CAMISETA NINE EIG DRY 11820706 AD,29.99,16
000000754163,CAMISETA NINE EIG DRY 11820709 AD,29.99,16
000000734943,CAMISETA NINE EIG DRY 11820710 AD,29.99,16
000000734875,CAMISETA NINE EIG DRY 11820722 AD,29.99,16
000000766944,CAMISETA NINE EIG DRY 11820734 PMGG LEGADO ZZ,29.99,16
000000754057,CAMISETA NINE EIG DRY 11820737 AD,24.99,16
000000754064,CAMISETA NINE EIG DRY 11820739 AD,24.99,16
000000754071,CAMISETA NINE EIG DRY 11820741 AD,24.99,16
000000754149,CAMISETA NINE EIG DRY 11820750 AD,29.99,16
000000753890,CAMISETA NINE EIG POLI 10140994 AD,29.99,16
000000753876,CAMISETA NINE EIG POLI 11820786 AD,29.99,16
000000753838,CAMISETA NINE EIG POLI UV DIV PMGGG,49.99,16
000000754200,CAMISETA NINE EIG POLY 10141017 PMG,39.99,16
000000682787,CAMISETA NYCALOOK MM DIV PMGG,24.99,16
000000479721,CAMISETA OVER CORE MM 10017713 AD M,4.99,16
000000677363,CAMISETA OVER MM 20559 G1G3 MAS,24.99,16
000000748162,CAMISETA OVER SUR MM 124241001 G1G3,39.99,16
000000748193,CAMISETA OVER SUR MM 124241003 G1G3,39.99,16
000000677943,CAMISETA OVER SURF MM 123111105 PMG,29.99,16
000000678056,CAMISETA OVER SURF MM 123111106 PMG,29.99,16
000000677967,CAMISETA OVER SURF MM 123111200 PMG,29.99,16
000000677981,CAMISETA OVER SURF MM 123111302 PMG LEGADO ZZ,29.99,16
000000677998,CAMISETA OVER SURF MM 123111304 PMG,29.99,16
000000702874,CAMISETA OVER SURF MM 123211004 AD,24.99,16
000000740425,CAMISETA OVER SURF MM 124111009 PMG,29.99,16
000000740401,CAMISETA OVER SURF MM 124111014 PMG,29.99,16
000000740418,CAMISETA OVER SURF MM 124111019 PMG,29.99,16
000000740432,CAMISETA OVER SURF MM 124111020 PMG,29.99,16
000000740449,CAMISETA OVER SURF MM 124111108 PMG,39.99,16
000000740319,CAMISETA OVER SURF MM 124211000 PMG,29.99,16
000000748063,CAMISETA OVER SURF MM 124211002 AD,29.99,16
000000740326,CAMISETA OVER SURF MM 124211004 PMG,29.99,16
000000740333,CAMISETA OVER SURF MM 124211005 PMG,29.99,16
000000740340,CAMISETA OVER SURF MM 124211007 PMG,29.99,16
000000748070,CAMISETA OVER SURF MM 124211008 AD,29.99,16
000000740357,CAMISETA OVER SURF MM 124211009 PMG,29.99,16
000000740364,CAMISETA OVER SURF MM 124211020 PMG,29.99,16
000000740371,CAMISETA OVER SURF MM 124211021 PMG,29.99,16
000000740395,CAMISETA OVER SURF MM 124211047 PMG,29.99,16
000000748100,CAMISETA OVER SURF MM 124211104 AD,29.99,16
000000740456,CAMISETA OVER SURF MM 124211106 PMG,39.99,16
000000733106,CAMISETA OVER SURF MM DIV 10A16 MAS,19.99,16
000000704632,CAMISETA OVER SURF MM DIV G1G3,24.99,16
000000511728,CAMISETA OVER SURF MM DIVERSAS PMG LEGADO ZZ,4.99,16
000000621052,CAMISETA OVER SURF MM M0473 PMGG LEGADO ZZ,9.99,16
000000615914,CAMISETA OVERCORE MM 10160498 PMGG,9.99,16
000000683111,CAMISETA OVERCORE MM 10162584 AD MA,29.99,16
000000768252,CAMISETA OVERCORE MM 10250058 PMGG LEGADO ZZ,39.99,16
000000683074,CAMISETA OVERCORE MM 11194818 AD MA LEGADO ZZ,29.99,16
000000600613,CAMISETA OVERCORE MM 11830017 PMGG LEGADO ZZ,9.99,16
000000657600,CAMISETA PERNALONGA MM WM020417 AD LEGADO ZZ,19.99,16
000000505536,CAMISETA POLO MM DIVERSAS G1G2 PLUS LEGADO ZZ,4.99,16
000000548571,CAMISETA RESERVA MM 1011 PMGG LEGADO ZZ,4.99,16
000000548687,CAMISETA RESERVA MM 1020 PMGG TINTU LEGADO ZZ,4.99,16
000000540711,CAMISETA ROVITEX MM 6019295 PMGG LEGADO ZZ,4.99,16
000000724678,CAMISETA SEVEN DRY 7W24S489D PMGG,14.99,16
000000724654,CAMISETA SEVEN DRY 7W24S489E PMGG,19.99,16
000000724661,CAMISETA SEVEN DRY 7W24S489F PMGG,19.99,16
000000724647,CAMISETA SEVEN DRY 7W24S489G PMGG,19.99,16
000000690447,CAMISETA SEVEN DRY 7W24S489I PMGG,19.99,16
000000690454,CAMISETA SEVEN DRY 7W24S490 PMGG,19.99,16
000000690461,CAMISETA SEVEN DRY 7W24S491 PMGG,19.99,16
000000690485,CAMISETA SEVEN DRY 7W24S492 PMGG,19.99,16
000000690478,CAMISETA SEVEN DRY 7W24S493 PMGG,19.99,16
000000690492,CAMISETA SEVEN DRY 7W24S494 PMGG,19.99,16
000000612142,CAMISETA SPACE JAM MM WM020314 PMGG LEGADO ZZ,14.99,16
000000737845,CAMISETA THE LIO DRY 252 AD MC MASC,39.99,16
000000741293,CAMISETA TIFA MALHA DIVERSAS PMGG,19.99,16
000000741361,CAMISETA TIFA SUEDINE DIVERSAS PMGG,24.99,16
000000725279,CAMISETA TIFA SUEDINE SD5464 PMGG,29.99,16
000000742160,CAMISETA ULTIMATO DRY 512547 PMGG,19.99,16
000000742177,CAMISETA ULTIMATO DRY 512549 PMGG,24.99,16
000000742184,CAMISETA ULTIMATO DRY 512552 PMGGG,24.99,16
000000742191,CAMISETA ULTIMATO DRY 512554 PMGGG,24.99,16
000000742207,CAMISETA ULTIMATO DRY 512556 PMGGG,19.99,16
000000742214,CAMISETA ULTIMATO DRY 512558 PMGGG,24.99,16
000000617550,CAMISETA ULTIMATO DRY 61262 G1G3 LEGADO ZZ,9.99,16
000000742238,CAMISETA ULTIMATO DRY 61683 PLUS,24.99,16
000000742030,CAMISETA ULTIMATO MM 51016 PMGGG,14.99,16
000000742023,CAMISETA ULTIMATO MM 51022 PMGGG,14.99,16
000000701914,CAMISETA ULTIMATO MM 512172 PMGG,9.99,16
000000701945,CAMISETA ULTIMATO MM 512180 PMGG,9.99,16
000000742047,CAMISETA ULTIMATO MM 512514 PMGGG,14.99,16
000000742054,CAMISETA ULTIMATO MM 512516 PMGGG,14.99,16
000000742061,CAMISETA ULTIMATO MM 512518 PMGGG,14.99,16
000000742078,CAMISETA ULTIMATO MM 512521 PMGGG,14.99,16
000000742085,CAMISETA ULTIMATO MM 512522 PMGGG,14.99,16
000000742092,CAMISETA ULTIMATO MM 512524 PMGGG,14.99,16
000000742108,CAMISETA ULTIMATO MM 512525 PMGGG,14.99,16
000000742115,CAMISETA ULTIMATO MM 512526 PMGGG,14.99,16
000000742122,CAMISETA ULTIMATO MM 512528 PMGGG,14.99,16
000000742146,CAMISETA ULTIMATO MM 512535 PMGGG,14.99,16
000000742221,CAMISETA ULTIMATO MM 512564 PMGG,19.99,16
000000742153,CAMISETA ULTIMATO MM 52726 PMGGG,14.99,16
000000617451,CAMISETA ULTIMATO MM 61234 G1G3 BAS LEGADO ZZ,9.99,16
000000647601,CAMISETA ULTIMATO MM 61312 G1G3 LEGADO ZZ,19.99,16
000000742245,CAMISETA ULTIMATO MM 61681 PLUS,24.99,16
000000744263,CAMISETA USTOP MM 533 PMGG,39.99,16
000000725958,CAMISETA VILEJACK MM VMCM1060 G1G3,19.99,16
000000682572,CAMISETA VITORIA PA 9362 PMGGG MAS,9.99,16
000000623315,CAMISETA VOLDEMORT MM WM020274 PMGG,9.99,16
000000667630,MACHAO LONGWAY DRY 3104P G1G3 MAS,19.99,16
000000737470,MACHAO LONGWAY DRY 3239A PMGGG,24.99,16
000000703512,MACHAO LONGWAY DRY 3325P G1G3 LEGADO ZZ,24.99,16
000000737517,MACHAO LONGWAY DRY 3333P G1G2G3,24.99,16
000000737487,MACHAO LONGWAY DRY 3334P G1G2G3,24.99,16
000000737432,MACHAO LONGWAY DRY 3335A PMGGG,24.99,16
000000737456,MACHAO LONGWAY DRY 3340A PMGGG,24.99,16
000000737449,MACHAO LONGWAY DRY 3341A PMGGG,24.99,16
000000737425,MACHAO LONGWAY DRY 3342A PMGGG,24.99,16
000000737463,MACHAO LONGWAY DRY 3344A PMGGG,24.99,16
000000737500,MACHAO LONGWAY DRY 3345P G1G2G3,24.99,16
000000737494,MACHAO LONGWAY DRY 3346P G1G2G3,24.99,16
000000761499,MACHAO LONGWAY DRY 3368A PMGG MASC,24.99,16
000000761536,MACHAO LONGWAY DRY 3374A PMGG MASC,24.99,16
000000713146,MACHAO MDI POLIE 3020 30 40 PMGG M,14.99,16
000000773478,MACHAO OVERCORE MM 13770019 PMGG LEGADO ZZ,29.99,16
000000768887,MACHAO OVERCORE MM 13770028 PMGG MA LEGADO ZZ,29.99,16
000000742313,MACHAO ULTIMATO DRY 530225 PMGGG,19.99,16
000000742276,MACHAO ULTIMATO MM 53000 PMGGG,14.99,16
000000742283,MACHAO ULTIMATO MM 530220 PMGGG,14.99,16
000000742290,MACHAO ULTIMATO MM 530221 PMGGG,14.99,16
000000647939,MACHAO ULTIMATO MM 53851 PMGG,9.99,16
000000647953,MACHAO ULTIMATO MM 53855 PMGG,9.99,16
000000617673,MACHAO ULTIMATO MM 63116 G1G3 LEGADO ZZ,9.99,16
000000702010,MACHAO ULTIMATO MM 63214 G1G3 ESTAM,14.99,16
000000731928,REGATA ACTVITTA 40004125400 15745 M,59.99,16
000000588126,REGATA CDKA MM 4118 PMGG,4.99,16
000000752329,REGATA DIXIE MM 13011250 PMGG,29.99,16
000000752312,REGATA DIXIE MM 13080249 PMGG,29.99,16
000000368292,REGATA EAGLE MM PMG MACHAO LEGADO ZZ,4.99,16
000000687683,REGATA FATAL MM 28770 PMGG MARINHO,19.99,16
000000687690,REGATA FATAL MM 28770 PMGG VERMELHO,24.99,16
000000747240,REGATA FATAL MM 29749 PMGG ARGILA,24.99,16
000000321556,REGATA FATAL MM F0056 MACHAO PMGG LEGADO ZZ,4.99,16
000000697620,REGATA GANGSTER MM 13011129 AD MA,19.99,16
000000697583,REGATA GANGSTER MM 13011147 AD MA,19.99,16
000000697613,REGATA GANGSTER MM 13070360 AD MA,24.99,16
000000753449,REGATA GANGSTER MM 13070466 PLUS,29.99,16
000000752756,REGATA GANGSTER MM 13410104 PMGG,29.99,16
000000752749,REGATA GANGSTER MM 13410105 PMGG,29.99,16
000000752732,REGATA GANGSTER MM 13410106 PMGG,29.99,16
000000752770,REGATA GANGSTER MM 13420005 PMGG,29.99,16
000000753432,REGATA GANGSTER MM 53040334 PLUS,29.99,16
000000698610,REGATA GANGSTER MM 53050226 G1G3 MA,24.99,16
000000753470,REGATA GANGSTER MM 53050240 PLUS,29.99,16
000000753463,REGATA GANGSTER MM 53050244 PLUS,29.99,16
000000753425,REGATA GANGSTER MM 53050245 PLUS,29.99,16
000000753456,REGATA GANGSTER MM 53070015 PLUS,39.99,16
000000709170,REGATA HERING M CANELADA 015M PMGGG,24.99,16
000000703758,REGATA LOCAL DRY 13708 PMGG,24.99,16
000000703741,REGATA LOCAL DRY 13733 PMGG,24.99,16
000000699365,REGATA LOCAL MM 19695 PMGG MAS,19.99,16
000000704885,REGATA LONGWAY DRY 2138A PMGG,19.99,16
000000704847,REGATA LONGWAY DRY 2139A PMGG,24.99,16
000000750592,REGATA MALWEE MM 4421 PMGG AMARELO,24.99,16
000000750615,REGATA MALWEE MM 4421 PMGG BRANCO,24.99,16
000000750608,REGATA MALWEE MM 4421 PMGG PRETO,24.99,16
000000750585,REGATA MALWEE MM 4421 PMGG VERDE,24.99,16
000000669207,REGATA MALWEE MM 87846 G1G5 MASC,29.99,16
000000750578,REGATA MALWEE MM 87846 G1G5 PRETO,29.99,16
000000669214,REGATA MALWEE MM 87846 G1G5 VERDE M,29.99,16
000000473682,REGATA MOMENTUS MM 53104 PMGG MASC LEGADO ZZ,4.99,16
000000693431,REGATA NELLONDA MALHA 9476 PMGG,19.99,16
000000693417,REGATA NELLONDA MALHA 9590 G1G3,24.99,16
000000693424,REGATA NELLONDA MALHA 9594 G1G3,24.99,16
000000730921,REGATA NINE DRY 53690083 G1G4 LEGADO ZZ,29.99,16
000000753937,REGATA NINE EIG DRY 13760394 AD,19.99,16
000000753920,REGATA NINE EIG DRY 13760399 AD,24.99,16
000000753913,REGATA NINE EIG DRY 13760473 AD,24.99,16
000000753951,REGATA NINE EIG DRY 13760477 AD,24.99,16
000000753944,REGATA NINE EIG DRY 13760499 AD,24.99,16
000000691581,REGATA SANGOS DRY DIV PMGG MASC,14.99,16
000000610711,REGATA SUMMER DRY 7081 PMGG LEGADO ZZ,4.99,16
000000742320,REGATA ULTIMATO MM 53001 PMGGG,14.99,16
000000608718,REGATA ULTIMATO MM 53606 PMGG LEGADO ZZ,4.99,16
000000732017,SHORT ACTVITTA 40005625401 15745 MA,49.99,16
000000732024,SHORT ACTVITTA 40005625401 33300 MA,49.99,16
000000616850,SHORT DIXIE JEANS 68080002 PMGG LEGADO ZZ,24.99,16
000000692830,SHORT DUBLACK RIPSTOP 315 PMGG MASC,19.99,16
000000653213,SHORT DUBLACK TACTEL 120 PMGG M NEO,9.99,16
000000747301,SHORT FATAL LINHO 29768 PMGG OLIVIA,39.99,16
000000769679,SHORT GANGST ELAST 68090044 PMGG MA,49.99,16
000000578677,SHORT GANGSTER ELAST 58030013 PLUS LEGADO ZZ,14.99,16
000000698467,SHORT GANGSTER MICRO 58060043 G1G3,49.99,16
000000770088,SHORT GANGSTER POLY 68600005 PMGG,59.99,16
000000725217,SHORT LX ELASTANO 110 PMGG LISO,24.99,16
000000728867,SHORT MX72 PA 22586 PMGG,24.99,16
000000700665,SHORT NINE EIG DRY 68100585 PMGG,29.99,16
000000766593,SHORT NINE EIG DRY 68100590 AD MASC LEGADO ZZ,39.99,16
000000735148,SHORT NINE EIG MICRO 68100079 AD,39.99,16
000000545983,SHORT RED CULT 4CABOS 180 PMGG EST,4.99,16
000000705929,SHORT WE RE POLIESTER 210535J10 AD,24.99,16
000000713962,SHORT WE RE TACTEL 210376EV434 PLUS,39.99,16
000000713986,SHORT WE RE TACTEL 210376EV441 PLUS,39.99,16
000000724302,SHORT WE RE TACTEL 210378CX A MASC,24.99,16
000000724319,SHORT WE RE TACTEL 210378CX E MASC,24.99,16
000000724333,SHORT WE RE TACTEL 210430CX A MASC,24.99,16
000000724364,SHORT WE RE TACTEL 210535 N14 MASC,24.99,16
000000724326,SHORT WE RE TACTEL 210535R18 AD MAS,24.99,16
000000724357,SHORT WE RE TACTEL EV464 MASC,24.99,16
000000699051,SHORT WE RE VISCOSE 210535L12 AD MA,24.99,16
000000554305,TERNO WL OXFORD SLIN PR AZ CZ CH LEGADO ZZ,49.99,16
000000811668,BIQUINI AYLANA LYC 0105462 44A48 Sortida LEGADO,99.99,16
000000811583,BIQUINI AYLANA LYC 0105880 PMG Sortida P,69.99,16
000000811781,BIQUINI AYLANA LYC 0105803 PMG LEGADO ZZ,69.99,16
000000811217,BIQUINI VIA MAR LYCRA 2225 PMG CORT Sortida P,59.99,16
000000167338,BIQUINI COM BOJO MAXSHOP LEGADO P,29.99,16
000000243322,SUNGAO TRADICIONAL MAXSHOP LEGADO P,14.99,16
000000107044,BIQUINI VIA MAR LYCRA 026 PMG LEGADO ZZ,9.99,16
000000205573,BIQUINI COM BOJO MAXSHOP LEGADO P,9.99,16
000000585132,SAIDA PRAIA DIARA LYCRA 19003 PMGG LEGADO ZZ,7.99,16
000000205610,BIQUINI SEM BOJO MAXSHOP LEGADO P,7.99,16
000000412360,SAIDA DE PRAIA ELLAND,7.99,16
000000453288,MAIO ONDAS LYCRA 04A08,7.99,16
000000427289,SUNGA VIA MAR ESTAMPADA PMG,7.99,16
000000452779,SUNGA AYLANA LAYCRA BOXER PMGG,4.99,16
000000454155,MAIO MISS BETTY LYCRA ADULTO,4.99,16
000000423670,BIQUINI ELLAND AD CALCINHA LEGADO ZZ,4.99,16
000000233132,MAIO VIA MAR 065-1 064-1 PMG GG,14.99,16
000000063708,SUNGA VIA MAR REF 626 625 AD,7.99,16
000000453264,SUNGA ONDAS LYCRA PMGG MASCULINO,4.99,16
000000512831,MAIO VIA MAR LYCRA 060 PMGG,14.99,16
000000555517,MAIO SOL DO CARIBE LYCRA 233 PMG,14.99,16
000000446662,BIQUINI VIA MAR LYCRA 1325 PMGGG,14.99,16
000000527866,BIQUINI VIA MAR LYCRA 4022 PMG BOJO LEGADO ZZ,14.99,16
000000525749,SUNGA SOL DO CARIBE LYCRA 036 ESTAM,4.99,16
000000525732,SUNGAO SOL DO CARIBE LYCRA 003 GG,19.99,16
000000539852,MAIO SOL DO CARIBE LYCRA 114 145 AD,19.99,16
000000539869,MAIO SOL CARIBE LYCR 140 PMGG ESTAM,19.99,16
000000554732,BIQUINI SOL DO CARIBE CIRRE 112 PMG,19.99,16
000000412391,SAIDA DE PRAIA ELLAND VESTIDO CURTO LEGADO ZZ,14.99,16
000000555494,MAIO SOL DO CARIBE CIRRE 318 PMG MO LEGADO ZZ,14.99,16
000000576062,MAIO DIARA LYCRA 20104 PMGG,9.99,16
000000063692,SUNGAO VIA MAR REF 627 AD,4.99,16
000000452762,SAIDA DE PRAIA AYLANA DIVERSAS PMG,4.99,16
000000453240,BIQUINI ONDAS LYCRA 10A16,4.99,16
000000559874,SAIDA DE PRAIA LUMAR HELANCA,4.99,16
000000391085,MAIO VIA MAR LYCRA 951 04A08,29.99,16
000000626859,BIQUINI P.L.A. LYCRA PMG,19.99,16
000000589178,SAIDA DE PRAIA HAD RENDA M LEGADO ZZ,19.99,16
000000626606,CANGA HAD TULE SAIDA M,14.99,16
000000665063,BIQUINI SOL CARIBE LYC 446 AD HOT P,49.99,16
000000665124,MAIO SOL CARIBE LYC 355 AD VAZADO,49.99,16
000000665087,BIQUINI SOL CARIBE CANEL 412 AD COR,49.99,16
000000665100,BIQUINI SOL CARIBE LYC 341 MGG ESTA,49.99,16
000000560788,MAIO ELLAND LYCRA PMGG AD,39.99,16
000000620635,MAIO CIA DO SOL LYCRA 925 4A10 ML,24.99,16
000000620642,BIQUINI CIA DO SOL LYCRA 3042 PMG,29.99,16
000000665049,BIQUINI SOL CARIBE LYC 343 AD BABAD,49.99,16
000000714129,SAIDA DE PRAIA JWZ CREPE 19 PMG,49.99,16
000000664066,BIQUINI CIA DO SOL LYC 3540 PMG,49.99,16
000000713214,BIQUINI SKY LYCRA DIV PMG,39.99,16
000000702966,MAIO SELENE LYCRA 30115001 04A08,29.99,16
000000706445,SAIDA DE PRAIA JOINHA 320287 LINHA,29.99,16
000000713221,BIQUINI SKY LYCRA 1794 1183 44A50,29.99,16
000000665131,BIQUINI SOL CARIBE SUMMER 026 JUV E,24.99,16
000000678070,SAIDA DE PRAIA P.L.A. VISC 01 M,24.99,16
000000713153,SUNGA SKY LYC 1131205 PMGG BOX ESTA,19.99,16
000000713160,SUNGA SKY LYC 1131206 PMGG SLIP,19.99,16
000000713177,SUNGA SKY LYCRA DIV PMGG BOX,19.99,16
000000713207,SUNGA SKY LYCRA DIV 04A08,14.99,16
000000512855,BIQUINI VIA MAR LYCRA 9413 PMG,14.99,16
000000352277,BIQUINI VIA MAR LAYCRA 3836 BOJO AD,7.99,16
000000412377,SAIDA DE PRAIA ELLAND CALCA,7.99,16
000000365376,BIQUINE VIA MAR LYCRA 2928 FRANJA,4.99,16
000000576079,SUNGA DIARA LYCRA 20102 PMGG,4.99,16
000000702980,MAIO SELENE LYCRA 30135001 G1G3,99.99,16
000000452663,MAIO VIA MAR LYCRA 085 PMGG,59.99,16
000000770347,SAIDA DE PRAIA YUNEE VISCOS 019 U LEGADO ZZ,59.99,16
000000664073,BIQUINI CIA DO SOL LYC 2214 PMG DET,59.99,16
000000665056,BIQUINI SOL CARIBE LYC 435 AD HOT P,59.99,16
000000665094,BIQUINI SOL CARIBE LYC 434 AD HOT P,59.99,16
000000665117,BIQUINI SOL CARIBE LYC 447 AD BUMBU,59.99,16
000000701587,BIQUINI VIA MAR LYCRA 3328 PMGG,59.99,16
000000702935,SUNGA SELENE LYCRA 30065001 PMGG,59.99,16
000000584456,SUNGAO VIA MAR LYCRA 637 G1G3 ES,49.99,16
000000620628,MAIO CIA DO SOL LYCRA 110 PMG,49.99,16
000000624435,BIQUINI CIA DO SOL LYCRA 9028 PMG,49.99,16
000000714136,SAIDA DE PRAIA JWZ TULE 12 PMG LONG,49.99,16
000000632560,BIQUINI P.L.A. LYCRA PMG LEVANTA BU,29.99,16
000000465298,SUNGA ELLAND ADULTO PMGGG,24.99,16
000000525725,SUNGAO SOL DO CARIBE LYCRA 002 PMGG,24.99,16
000000665193,SUNGAO SOL CARIBE LYC 036 4A10 MAS,19.99,16
000000706452,SAIDA DE PRAIA JOINHA LINHA 320294,24.99,16
000000510233,BIQUINI SOL CARIBE LYCR 123 142 CIG,19.99,16
000000391054,BIQUINE VIA MAR 3824 BABADO ADULTO,14.99,16
000000510219,BIQUINI SOL DO CARIBE LYCRA 102 EST,14.99,16
000000525718,BIQUINI SOL DO CARIBE LYCRA 124 PMG,14.99,16
000000671859,SUNGA ELLAND LYCRA 2247 AD SALDO,14.99,16
000000539845,SUNGAO SOL DO CARIBE LYCRA 06 PMG LEGADO ZZ,14.99,16
000000486422,SUNGA MULLI RUGI LYCRA DIVERSAS AD LEGADO ZZ,9.99,16
000000247719,SUNGAO VIA MAR LYCRA 625 PMG,7.99,16
000000391023,BIQUINE VIA MAR LYCRA 029B FRANJA,7.99,16
000000454162,SUNGA MISS BETTY LYCRA ADULTO LEGADO ZZ,7.99,16
000000063678,SUNGA VIA MAR 631 628 630 04 14,4.99,16
000000806725,MAIO PUMA POL 26000002 PMGGG CLASS LEGADO P,129.99,16
000000801188,MAIO SELENE 30130001 REGATA PMGGG,89.99,16
000000811705,BIQUINI AYLANA LYC 0105798 44A48 Sortida LEGADO,89.99,16
000000801171,MAIO SELENE 30131001 RECORTE ABERT,79.99,16
000000806473,MAIO SELENE 30109001 MANGA LONG 2A8,59.99,16
000000784962,BIQUINI SELENE 30105001 AD ALCA CRU,59.99,16
000000806411,TOP SELENE 30074001 BIQ REGATA PLUS,59.99,16
000000806466,MAIO SELENE 30113001 ALCIN 10A16,59.99,16
000000784931,SUNGA SELENE LYCRA 30066001 PMGG,49.99,16
000000784993,BIQUINI REGATA SELENE 30073001 PLUS,49.99,16
000000785013,MAIO SELENE 30117001 POLY 2A8,49.99,16
000000801133,TOP SELENE SUPLEX 30032 BIQU AMARRA,49.99,16
000000806428,CALCINHA SELENE 30079001 BIQU PLUS,49.99,16
000000785006,CALCINHA BIQUI SELENE 30071001 PLUS,49.99,16
000000801119,TOP SELENE SUPLEX 30102 PMGG BIQUIN,49.99,16
000000806480,CAMISETA SELENE 30122 INF FEM ML,49.99,16
000000806398,TOP SELENE SUPLEX 30031 PMGG CORTIN,39.99,16
000000806459,MAIO SELENE 30108001 ALCINHA 2A8,39.99,16
000000784948,BIQUINI TOP SELENE 30030001 PMGG,39.99,16
000000801126,CALCINHA SUPLEX 30103 PMGG BIQUINI,39.99,16
000000801164,CALC SELENE 30037001 BIQUINI AMARRA Sortida P,39.99,16
000000806435,TOP SELENE 30111001 BIQ AMARRAC JUV,29.99,16
000000806442,CALCINHA SELENE 30112001 BIQUIN JUV,29.99,16
000000784955,CALCINHA BIQUINI SELENE 30035001 AD,29.99,16
000000784979,CALCINHA BIQUINI SELENE 30101001 AD,29.99,16
000000454148,MAIO MISS BETTY LYCRA 01A16 LEGADO,4.99,16
000000512848,BIQUINI VIA MAR LYCRA 9430 PMG LEGADO,14.99,16
000000762939,MAIO SELENE LYCR 30155 30156 G1G3 LEGADO,89.99,16
000000702973,MAIO SELENE LYCRA 30150001 AD SHORT LEGADO,79.99,16
000000665070,BIQUINI SOL CARIBE LYC 438 AD AMARR LEGADO,59.99,16
000000770019,BIQUINI SIDEWAY LYC SD2313 PAD EMPI LEGADO,29.99,16
000000440073,BIQUINI ELLAND INFANTIL LEGADO,39.99,16
000000620666,BIQUINI CIA DO SOL LYCRA 938 14A16 LEGADO,29.99,16
000000412339,BIQUINI ELLAND DIVERSOS 10A16 LEGADO,29.99,16
000000412346,MAIO ELLAND INFANTIL LEGADO,29.99,16
000000544412,BIQUINI VIA MAR LYCRA 936 14A16 LEGADO,29.99,16
000000620659,BIQUINI CIA DO SOL LYCRA 1522 PMG LEGADO,29.99,16
000000412353,SUNGA ELLAND INFANTIL LEGADO,24.99,16
000000632553,CANGA P.L.A. RENDA M LEGADO,19.99,16
000000665148,SAIDA SOL CARIBE MICRO 048 M DETALH LEGADO,24.99,16
000000557931,BIQUINI SOL CARIBE CIRRE PMG NEON LEGADO,19.99,16
000000654272,SAIDA DE PRAIA MY DREAM DRY DIV AD LEGADO,19.99,16
000000510226,BIQUINI SOL DO CARIBE LYCRA 113 IMP LEGADO,14.99,16
000000512862,BIQUINI VIA MAR LYCRA 9828 PMG LEGADO,14.99,16
000000089814,BIQUINE VIA MAR 921 925 926 46 4A08 LEGADO,9.99,16
000000243308,BIQUINI COM BOJO MAXSHOP LEGADO,7.99,16
000000452687,TOP NONOAI LYCRA DIV PMG PRAIA LEGADO,7.99,16
000000365383,BIQUINE VIA MAR LYCRA 3829 PMGG LEGADO,4.99,16
000000423663,BIQUINI ELLAND AD SOUTIEN LEGADO,4.99,16
000000576055,BIQUINI DIARA LYCRA 20101 PMGG LEGADO,4.99,16
000000489683,BIQUINI VIA MAR LYCRA 2827 GGG LEGADO,59.99,16
000000670616,BIQUINI ELLAND DIVERSOS PMGG LEGADO,59.99,16
000000702928,SUNGA SELENE LYCRA 30060001 PMGG LEGADO,49.99,16
000000702959,SUNGA SELENE LYCRA 30091001 10A16,39.99,16
000000762915,SUNGA SELENE LYCRA 30096001 10A16,39.99,16
000000762922,SUNGA SELENE LYCRA 30090001 INF BOX,39.99,16
000000702942,SUNGA SELENE LYCRA 30095001 INF,29.99,16
000000770569,MACAQUINHO KELLY KETY MM 50143 PMGG LEGADO,49.99,16
000000770620,MACAQUINHO REI REX MM 51119 PMGG LEGADO,49.99,16
000000675871,CONJUNTO OLLELE MOL 1648 PMG FEM LEGADO,39.99,16
000000741507,MACACAO LUIZINHO BABY TED 15936 PMG,39.99,16
000000301183,JAQUETA MALWEE MOLETON 36277 PMG FM LEGADO,39.99,16
000000642316,CONJUNTO KIKO MOL 9195 FEM PMG BB LEGADO,39.99,16
000000675857,CONJUNTO OLLELE MOL 1643 PMG FEM LEGADO,29.99,16
000000675864,CONJUNTO OLLELE MOL 1644 PMG FEM LEGADO,29.99,16
000000675970,CONJUNTO OLLELE MOL 1697 PMG MAS LEGADO,29.99,16
000000681681,MACACAO HEBENEZER MALHA 949 BB FEM LEGADO,29.99,16
000000681759,CONJUNTO HEBENEZER MALHA 012 BB FE LEGADO,29.99,16
000000727730,MACACAO HEBENEZER 904 MALHA MASC LEGADO,29.99,16
000000594813,CONJUNTO FORFAN MOL 1175 PMG BB MAS LEGADO,29.99,16
000000620543,BOLSA BB RICA BABY LONA 23 G LUXO LEGADO UNICO,29.99,16
000000363914,CONJUNTO HEBENEZER ALG PAGAO FRASES LEGADO,24.99,16
000000465281,PAGAO HEBENEZER MALHA 09 10 13 UNIS LEGADO,24.99,16
000000599924,NANINHA PAPI MICRO 1166 LEGADO UNICO,19.99,16
000000681780,CONJUNTO HEBENEZER MALHA 061 BB FE LEGADO,24.99,16
000000681827,PAGAO HEBENEZER MALHA 066 BB MAS LEGADO,24.99,16
000000681834,PAGAO HEBENEZER MALHA 069 BB MAS LEGADO,24.99,16
000000694186,MACACAO FEROZ SUEDINE 4137 LONGO UN LEGADO,24.99,16
000000592611,CONJUNTO RALAKIDS MOL 7093 MGG FEM LEGADO,24.99,16
000000592635,CONJUNTO RALAKIDS MOL 8087 MGG MASC LEGADO,24.99,16
000000594752,CONJUNTO FORFAN MOL 1153 PMG BB FEM LEGADO,24.99,16
000000596220,CONJUNTO KAPPES MOL 1049-59 PMG UNI LEGADO,19.99,16
000000645980,CONJUNTO LECIMAR MOL 402175 BB FEM LEGADO,24.99,16
000000646024,CONJUNTO LECIMAR MOL 402196 BB MASC LEGADO,24.99,16
000000760553,NANINHA PAPI MALHA 1569 CHEIRINHO LEGADO UNICO,19.99,16
000000246644,VESTUARIO BODY M CURTA MAXSHOP LEGADO,19.99,16
000000363921,CONJUNTO HEBENEZER ALG PAGAO BORDAD LEGADO,14.99,16
000000510974,CONJUNTO HEBENEZER ALG 426 SHORT MA LEGADO,14.99,16
000000619745,CONJUNTO HEBENEZER MM 423 PMG FEM LEGADO,14.99,16
000000642323,CALCA KIKO MOLETOM 9201 PMG FEM BB LEGADO,19.99,16
000000692441,CONJUNTO OLLELE MOLETIN 1790 PMG MA LEGADO,19.99,16
000000731331,CALCA KIKO SUEDINE 11977 PMG FEM LEGADO,14.99,16
000000423526,CALCA DUZIZO MOLETON 3434 PMG MASC LEGADO,14.99,16
000000492003,JAQUETA NELL ONDA MOLET 3407 BEBE LEGADO,14.99,16
000000599894,NANINHA KARINHO ALGODAO 1171 LEGADO UNICO,9.99,16
000000620482,FRASQUEIRA RICA BABY LONA 112 P LEGADO UNICO,14.99,16
000000620499,FRASQUEIRA RICA BABY LONA 68 P LEGADO UNICO,14.99,16
000000620505,FRASQUEIRA RICA BABY LONA VERN 24 M LEGADO UNICO,14.99,16
000000620512,BOLSA BB RICA BABY LONA 122 P LEGADO UNICO,14.99,16
000000623452,BODY LUIZINHO SUED 15097 PMG SAIA LEGADO,14.99,16
000000634991,BODY BUCHECHINHA RIB 1189002 PMG MA LEGADO,14.99,16
000000640077,PANINHO BOCA PAPI ALG 1543 32X32 2P LEGADO UNICO,9.99,16
000000652445,BODY BUCHECHI ALG 1195001 BB M SILK LEGADO,9.99,16
000000692434,CONJUNTO OLLELE COTTON 1744 PMG FEM LEGADO,14.99,16
000000714372,CONJUNTO PAGAO FEROZ MM 3548 MG 3PC LEGADO,14.99,16
000000504041,MACACAO HEBENEZER MALHA 464 MASC LEGADO,9.99,16
000000532501,CONJUNTO CLUBINHO MOL 2141 PMG FEM LEGADO,9.99,16
000000623636,MACACAO LUIZINHO SUEDINE 15370 VP LEGADO,9.99,16
000000652407,REGATA BUCHECHI MM 1189005 BB M SIL LEGADO,9.99,16
000000694216,BODY FEROZ SUEDINE 4149 4150 MC UNI LEGADO,9.99,16
000000441582,MACACAO LUIZINHO MM 11532 PMG EST LEGADO,9.99,16
000000620550,BOLSA BB RICA BABY PLASTICO 6 LEGADO UNICO,9.99,16
000000209311,CALCADO SAPATO MAXSHOP LEGADO,4.99,16
000000051507,BABADOR FEROZ ESPONJA REF 110 C 3 LEGADO UNICO,4.99,16
000000328951,TROCADOR FRALDA KARINHO ALG 2280 LEGADO,4.99,16
000000419666,BLUSA MARLAN MM 20219 PMG ML,4.99,16
000000421010,BODY BUCHECHINHA RIBANA 1247001 FEM LEGADO,4.99,16
000000441551,BODY LUIZINHO MM 11945 01A03 LEGADO,4.99,16
000000491259,CALCA LUIZINHO SUEDINE 11198 BORDAD LEGADO,4.99,16
000000574457,BODY BUCHECHINHA COTTON 2246004 MG LEGADO,4.99,16
000000335843,CAMISETA LUIZINHO MM 11792 ML PMG LEGADO,4.99,16
000000304252,CALCA DUZIZO MOLETON 1530 MASC INF LEGADO,4.99,16
000000784887,MACACAO FAKINI FLEE 1069 BB MAS LEGADO,89.99,16
000000784870,CONJUNTO FAKINI MOL 1068 BB MASC LEGADO,59.99,16
000000781008,MACACAO KELY KETY PELUCIA 60184 BB LEGADO,49.99,16
000000781862,MACACAO REI REX POL 62172 BB MASC LEGADO,49.99,16
000000773256,MACACAO VITORIA SOFT 7004 RN 1A3 LEGADO,39.99,16
000000359023,CONJUNTO LUIZINHO PLUSH 9270 PMG,39.99,16
000000606608,CONJUNTO BUCHECHINHA COTT 1272002 P LEGADO,24.99,16
000000384636,MACACAO LUIZINHO PLUSH 8501 PMG,19.99,16
000000600552,MACACAO LUIZINHO SUEDINE 14755 PMG,19.99,16
000000681650,MACACAO LUIZINHO SOFT 14960 BB,19.99,16
000000760560,NANINHA PAPI MALHA 1178 CHEIRINHO,19.99,16
000000623483,MACACAO LUIZINHO SUED 14816 PMG SIL,14.99,16
000000351737,MIJAO LUIZINHO M SUEDINE 5913 VP,9.99,16
000000384629,MACACAO LUIZINHO MALHA 17 PMG,14.99,16
000000420983,MIJAO LUIZINHO PLUSH 8082 PMG,14.99,16
000000588898,BODY LUIZINHO SUEDINE 12867 PMG,14.99,16
000000694230,CULOTE FEROZ SUEDINE 4161 4162 UNIS LEGADO,14.99,16
000000335829,CALCA LUIZINHO SOFT 9287-7672 PMG LEGADO,14.99,16
000000728614,KIT MEIA LUVINHA SELENE 1006 RN UNI LEGADO UNICO,14.99,16
000000335799,BODY LUIZINHO SUED 10559 ML PMG EST,9.99,16
000000335805,BODY LUIZINHO BABY SUEDINE 6156 PMG,9.99,16
000000559751,MIJAO LUIZINHO 11891 ESTAMPADO PMG,9.99,16
000000567459,SAPATINHO SELENE 1950 17A20 UNISSEX LEGADO,9.99,16
000000600569,BODY LUIZINHO RIBANA 15066 PMG ML,9.99,16
000000638357,MANTA CELTA MICRO 700271 BEBE LISA LEGADO UNICO,9.99,16
000000640091,BABADOR PAPI PLAST 0925 25X19 2PCS,9.99,16
000000741514,CAMISETA LUIZINHO BABY 17596 RIB ML,9.99,16
000000785334,BODY LUIZINHO SUEDINE 18142 ML LIST,9.99,16
000000785341,MIJAO LUIZINHO SUEDINE 18166 BB LIS,9.99,16
000000339865,BODY LUIZINHO MALHA 6163 LISO PMG .,9.99,16
000000373258,BODY LUIZINHO MALHA 10757 SEM MANGA,7.99,16
000000512268,BODY LUIZINHO MALHA 13093 C MANGA,7.99,16
000000335928,MIJAO LUIZINHO MALHA 284 C PE PMG LEGADO,7.99,16
000000406512,BODY LUIZINHO MALHA 7382 PMG,7.99,16
000000606639,BERMUDA BUCHECHINHA MOL 1135003 PMG LEGADO,7.99,16
000000163927,DECORACAO CORTINA MAXSHOP LEGADO P,49.99,16
000000270601,VESTUARIO CONJUNTO ROVITEX LEGADO P,39.99,16
000000163736,ACESSORIO KIT HIGIENE MAXSHOP LEGADO UNICO,29.99,16
000000170611,VESTUARIO MACACAO MAXSHOP LEGADO P,29.99,16
000000252805,VESTUARIO CONJUNTO ROVITEX LEGADO P,29.99,16
000000170581,VESTUARIO MACACAO MAXSHOP LEGADO P,29.99,16
000000170574,VESTUARIO MACACAO MAXSHOP LEGADO P,24.99,16
000000170604,VESTUARIO MACACAO MAXSHOP LEGADO P,24.99,16
000000816007,BODY KIKO SUEDINE 03606 UNISSEX BEB LEGADO ZZ,24.99,16
000000125659,VESTUARIO MACACAO MAXSHOP LEGADO P,24.99,16
000000793001,BODY ROVITEX DIV PMG LEGADO ZZ,19.99,16
000000005883,CAMA JOGO BERCO MAXSHOP LEGADO ZZ,19.99,16
000000224901,ACESSORIO BOLSA MAXSHOP LEGADO UNICO,19.99,16
000000184090,VESTUARIO SAIDA MATERNIDADE MAXSHOP LEGADO P,19.99,16
000000181839,ACESSORIO BOLSA MAXSHOP LEGADO UNICO,19.99,16
000000181853,ACESSORIO BOLSA MAXSHOP LEGADO UNICO,19.99,16
000000172042,VESTUARIO CALCA MAXSHOP LEGADO P,14.99,16
000000209144,VESTUARIO PAGAO MAXSHOP LEGADO P,14.99,16
000000148849,VESTUARIO MACACAO MAXSHOP LEGADO P,14.99,16
000000148856,VESTUARIO MACACAO MAXSHOP LEGADO P,14.99,16
000000209151,VESTUARIO PAGAO MAXSHOP LEGADO P,14.99,16
000000209045,VESTUARIO VESTIDO MAXSHOP LEGADO P,14.99,16
000000209205,VESTUARIO PAGAO MAXSHOP LEGADO P,14.99,16
000000136501,VESTUARIO MACACAO MAXSHOP LEGADO P,14.99,16
000000170277,VESTUARIO MACACAO MAXSHOP LEGADO P,14.99,16
000000172103,VESTUARIO MACACAO MAXSHOP LEGADO P,14.99,16
000000172790,VESTUARIO CALCA MAXSHOP LEGADO P,14.99,16
000000209052,VESTUARIO MACAQUINHO MAXSHOP LEGADO P,14.99,16
000000162036,BANHO TOALHA MAXSHOP LEGADO P,14.99,16
000000000024,MOSQUITEIRO SO CLEAR SOLTEIRO  Sortida UNICO,9.99,16
000000136440,VESTUARIO MACAQUINHO MAXSHOP LEGADO P,9.99,16
000000148900,VESTUARIO CALCA MAXSHOP LEGADO P,9.99,16
000000198257,VESTUARIO CALCA MAXSHOP LEGADO P,9.99,16
000000215367,VESTUARIO CALCA MAXSHOP LEGADO P,9.99,16
000000249744,VESTUARIO MACAQUINHO MAXSHOP LEGADO P,9.99,16
000000006811,CAMA JOGO LENCOL MAXSHOP LEGADO UNICO,9.99,16
000000181785,ACESSORIO BOLSA MAXSHOP LEGADO UNICO,9.99,16
000000181792,ACESSORIO BOLSA MAXSHOP LEGADO UNICO,9.99,16
000000209083,VESTUARIO MACAQUINHO MAXSHOP LEGADO P,9.99,16
000000209090,VESTUARIO MACAQUINHO MAXSHOP LEGADO P,9.99,16
000000299282,VESTUARIO BODY M CURTA MAXSHOP LEGADO P,9.99,16
000000068093,MINI BOLSA SIAMAR REF 014 BOTAO LEGADO UNICO,9.99,16
000000172066,VESTUARIO BODY M CURTA MAXSHOP LEGADO P,9.99,16
000000181822,ACESSORIO BOLSA MAXSHOP LEGADO UNICO,9.99,16
000000184359,VESTUARIO VESTIDO MAXSHOP LEGADO P,9.99,16
000000184380,VESTUARIO PAGAO MAXSHOP LEGADO P,9.99,16
000000184427,VESTUARIO PAGAO MAXSHOP LEGADO P,9.99,16
000000195317,VESTUARIO CONJUNTO MAXSHOP LEGADO P,9.99,16
000000209229,VESTUARIO BODY M CURTA MAXSHOP LEGADO P,9.99,16
000000209540,VESTUARIO CONJUNTO MAXSHOP LEGADO P,9.99,16
000000209557,VESTUARIO VESTIDO MAXSHOP LEGADO P,9.99,16
000000209663,VESTUARIO CONJUNTO MAXSHOP LEGADO P,9.99,16
000000215374,VESTUARIO MACACAO MAXSHOP LEGADO P,9.99,16
000000215381,VESTUARIO MACACAO MAXSHOP LEGADO P,9.99,16
000000215411,VESTUARIO CONJUNTO MAXSHOP LEGADO P,9.99,16
000000215435,VESTUARIO CONJUNTO MAXSHOP LEGADO P,9.99,16
000000228237,VESTUARIO CONJUNTO MAXSHOP LEGADO P,9.99,16
000000249638,VESTUARIO PAGAO MAXSHOP LEGADO P,9.99,16
000000249652,VESTUARIO PAGAO MAXSHOP LEGADO P,9.99,16
000000136471,VESTUARIO MACAQUINHO MAXSHOP LEGADO P,9.99,16
000000148894,VESTUARIO CALCA MAXSHOP LEGADO P,9.99,16
000000158381,VESTUARIO BODY M CURTA MAXSHOP LEGADO P,9.99,16
000000158596,VESTUARIO PAGAO MAXSHOP LEGADO P,9.99,16
000000172257,VESTUARIO CONJUNTO MAXSHOP LEGADO P,9.99,16
000000184137,VESTUARIO BODY M CURTA MAXSHOP LEGADO P,9.99,16
000000184328,VESTUARIO CONJUNTO MAXSHOP LEGADO P,9.99,16
000000186612,VESTUARIO BODY M CURTA MALWEE LEGADO P,9.99,16
000000209106,VESTUARIO MACAQUINHO MAXSHOP LEGADO P,9.99,16
000000209113,VESTUARIO MACAQUINHO MAXSHOP LEGADO P,9.99,16
000000215336,VESTUARIO BODY M CURTA MAXSHOP LEGADO P,9.99,16
000000215343,VESTUARIO BODY M CURTA MAXSHOP LEGADO P,9.99,16
000000215350,VESTUARIO BODY M CURTA MAXSHOP LEGADO P,9.99,16
000000229418,BANHO TOALHA MAXSHOP LEGADO P,9.99,16
000000248679,HIGIENE E SAUDE MAMADEIRA MAXSHOP LEGADO P,9.99,16
000000099004,VESTUARIO FRALDA MAXSHOP LEGADO P,9.99,16
000000148788,VESTUARIO MACACAO MAXSHOP LEGADO P,9.99,16
000000148924,VESTUARIO CONJUNTO MAXSHOP LEGADO P,9.99,16
000000148931,CONJUNTO BODY FEROZ REF 155 ML FEM Sortida P,9.99,16
000000148979,VESTUARIO PAGAO MAXSHOP LEGADO P,9.99,16
000000158411,VESTUARIO CALCA MAXSHOP LEGADO P,9.99,16
000000172295,VESTUARIO PAGAO MAXSHOP LEGADO P,9.99,16
000000184144,VESTUARIO CONJUNTO MAXSHOP LEGADO P,9.99,16
000000184151,VESTUARIO BODY M CURTA MAXSHOP LEGADO P,9.99,16
000000184212,VESTUARIO CAMISETA MAXSHOP LEGADO P,9.99,16
000000184298,VESTUARIO MACAQUINHO MAXSHOP LEGADO P,9.99,16
000000184311,VESTUARIO MACAQUINHO MAXSHOP LEGADO P,9.99,16
000000184366,VESTUARIO PAGAO MAXSHOP LEGADO P,9.99,16
000000249973,VESTUARIO BODY M LONGA MAXSHOP LEGADO P,9.99,16
000000115452,VESTUARIO MACACAO ROVITEX LEGADO P,4.99,16
000000136433,VESTUARIO MACAQUINHO MAXSHOP LEGADO P,4.99,16
000000136495,VESTUARIO JARDINEIRA MAXSHOP LEGADO P,4.99,16
000000154864,VESTUARIO FRALDA MAXSHOP LEGADO P,4.99,16
000000158558,VESTUARIO CONJUNTO MAXSHOP LEGADO P,4.99,16
000000172240,VESTUARIO MACACAO MAXSHOP LEGADO P,4.99,16
000000181808,ACESSORIO BOLSA MAXSHOP LEGADO UNICO,4.99,16
000000181815,ACESSORIO BOLSA MAXSHOP LEGADO UNICO,4.99,16
000000195294,VESTUARIO CONJUNTO MAXSHOP LEGADO P,4.99,16
000000196055,VESTUARIO PAGAO MAXSHOP LEGADO P,4.99,16
000000249782,VESTUARIO BODY M CURTA MAXSHOP LEGADO P,4.99,16
000000527200,CALCA KIKO MALHA 5514 BEBE LEGADO ZZ,4.99,16
000000170314,VESTUARIO CAMISETA MAXSHOP LEGADO P,4.99,16
000000172059,VESTUARIO CALCA MAXSHOP LEGADO P,4.99,16
000000208994,VESTUARIO BODY M CURTA MAXSHOP LEGADO P,4.99,16
000000209007,BODY FEROZ MALHA 844 01 03 Sortida P,4.99,16
000000249966,VESTUARIO BODY M CURTA MAXSHOP LEGADO P,4.99,16
000000012638,FRALDA DENGO 850001 65X65 LISA LEGADO ZZ,4.99,16
000000030298,FRALDA DENGO 850002 65X65 ESTAMPADA LEGADO ZZ,4.99,16
000000071956,BODY MALWEE REF 18726 10 16 LEGADO ZZ,4.99,16
000000089081,MACACAO TRICK NICK 3057 PMG LEGADO ZZ,4.99,16
000000100298,BODY FEROZ SUEDINE 152 C MIJAO PMG Sortida P,4.99,16
000000100311,VESTUARIO MACAQUINHO MAXSHOP LEGADO P,4.99,16
000000136396,VESTUARIO BODY M CURTA MAXSHOP LEGADO P,4.99,16
000000195997,VESTUARIO BODY M CURTA MAXSHOP LEGADO P,4.99,16
000000209137,ACESSORIO BABETE MAXSHOP LEGADO UNICO,4.99,16
000000228206,VESTUARIO CALCA MAXSHOP LEGADO P,4.99,16
000000249676,VESTUARIO BODY M LONGA MAXSHOP LEGADO P,4.99,16
000000058063,CONJUNTO FEROZ MALHA REF 150 MIJAO Sortida P,4.99,16
000000058070,CONJUNTO FEROZ MALHA REF 122 SHORT LEGADO ZZ,4.99,16
000000100236,VESTUARIO PAGAO MAXSHOP LEGADO P,4.99,16
000000112093,VESTUARIO MACACAO ROVITEX LEGADO P,4.99,16
000000125673,VESTUARIO MACACAO MAXSHOP LEGADO P,4.99,16
000000126038,VESTUARIO PAGAO MAXSHOP LEGADO P,4.99,16
000000148764,VESTUARIO PAGAO MAXSHOP LEGADO P,4.99,16
000000172141,ACESSORIO JOGO TOUCA MAXSHOP LEGADO UNICO,4.99,16
000000196017,VESTUARIO BODY M CURTA MAXSHOP LEGADO P,4.99,16
000000207058,ACESSORIO JOGO COLHERES MAXSHOP LEGADO UNICO,4.99,16
000000228190,VESTUARIO BODY M CURTA MAXSHOP LEGADO P,4.99,16
000000261555,VESTUARIO CAMISETA MAXSHOP LEGADO P,4.99,16
000000280426,CALCADO PANTUFA MAXSHOP LEGADO P,4.99,16
000000148740,VESTUARIO PAGAO MAXSHOP LEGADO P,4.99,16
000000196147,VESTUARIO BODY M CURTA MAXSHOP LEGADO P,4.99,16
000000203944,VESTUARIO SHORT MAXSHOP LEGADO P,4.99,16
000000224949,ACESSORIO JOGO TOUCA MAXSHOP LEGADO UNICO,4.99,16
000000058001,PAGAO DOCES SONHOS MALHA CABIDE LEGADO ZZ,4.99,16
000000100243,VESTUARIO PAGAO MAXSHOP LEGADO P,4.99,16
000000125970,BANHO TOALHA MAXSHOP LEGADO P,4.99,16
000000154888,VESTUARIO BODY M LONGA MAXSHOP LEGADO P,4.99,16
000000172073,ACESSORIO BABETE MAXSHOP LEGADO UNICO,4.99,16
000000195935,ACESSORIO BABETE MAXSHOP LEGADO UNICO,4.99,16
000000237383,VESTUARIO CAMISETA MAXSHOP LEGADO P,4.99,16
000000248846,VESTUARIO CALCA MAXSHOP LEGADO P,4.99,16
000000262811,VESTUARIO CONJUNTO MAXSHOP LEGADO P,4.99,16
000000266642,VESTUARIO CAMISETA MAXSHOP LEGADO P,4.99,16
000000288620,VESTUARIO BODY M CURTA MAXSHOP LEGADO P,4.99,16
000000019040,CONJ PAGAO JM JARDIM 03 PC LEGADO ZZ,4.5,16
000000013352,PAGAO FEROZ MALHA 03PC LEGADO ZZ,3.99,16
000000070577,CONJUNTO PAGAO DOCES SONHOS MALHA 3 LEGADO ZZ,3.99,16
000000100274,VESTUARIO CAMISETA MAXSHOP LEGADO P,3.99,16
000000148757,VESTUARIO PAGAO MAXSHOP LEGADO P,3.99,16
000000148771,VESTUARIO PAGAO MAXSHOP LEGADO P,3.99,16
000000154871,VESTUARIO BODY M CURTA MAXSHOP LEGADO P,3.99,16
000000207065,ACESSORIO MAMADEIRA/COPO MAXSHOP LEGADO UNICO,3.99,16
000000058025,MACACAO FEROZ MALHA REF 106 LEGADO ZZ,2.99,16
000000102964,VESTUARIO MIJAO MAXSHOP LEGADO P,2.99,16
000000151467,CALCADO PANTUFA MAXSHOP LEGADO P,2.99,16
000000162012,CALCADO SAPATO MAXSHOP LEGADO P,2.99,16
000000248709,ACESSORIO PORTA CHUPETA MAXSHOP LEGADO UNICO,2.99,16
000000051491,MIJAO FEROZ ESPONJA REF 023 S PE LEGADO ZZ,1.99,16
000000207072,ACESSORIO JOGO COLHERES MAXSHOP LEGADO UNICO,1.99,16
000000224895,VESTUARIO FRALDA MAXSHOP LEGADO P,1.99,16
000000126694,VESTUARIO MEIA MAXSHOP LEGADO P,1.7,16
000000058117,CAMISA FEROZ MALHA REF 087 088 PMG LEGADO ZZ,0.99,16
000000038928,BABADOR DENGO LEGADO UNICO,0.9,16
000000181884,VESTUARIO FRALDA MAXSHOP LEGADO P,0.5,16
000000053317,KIT MEIA SELENE 1355 RN 3 PARES Sortida UNICO,4.99,16
000000298063,BANHO TOALHA MAXSHOP LEGADO P,4.99,16
000000313377,BLUSA FAKINI MALHA 2896 PMGG FEM,7.99,16
000000313384,BLUSA FAKINI MALHA 2830 EX EGG FEM LEGADO ZZ,7.99,16
000000125727,VESTUARIO MACACAO MAXSHOP LEGADO P,7.99,16
000000234436,BANHO TOALHA MAXSHOP LEGADO P,7.99,16
000000237413,KIT BODY FEROZ MALHA 302 03PC,4.99,16
000000185172,VESTUARIO MACACAO MAXSHOP LEGADO P,4.99,16
000000209182,VESTUARIO PAGAO MAXSHOP LEGADO P,4.99,16
000000209250,VESTUARIO MACACAO MAXSHOP LEGADO P,4.99,16
000000209120,VESTUARIO MACAQUINHO MAXSHOP LEGADO P,4.99,16
000000237468,VESTUARIO BODY M CURTA MAXSHOP LEGADO P,4.99,16
000000209571,BANHO DE SOL TROPICAL MALHA 2406 FE Sortida P,4.99,16
000000209649,VESTUARIO MACAQUINHO MAXSHOP LEGADO P,4.99,16
000000215398,VESTUARIO MACACAO MAXSHOP LEGADO P,4.99,16
000000158329,VESTUARIO BODY M CURTA MAXSHOP LEGADO P,4.99,16
000000184229,VESTUARIO MACACAO MAXSHOP LEGADO P,4.99,16
000000184304,VESTUARIO MACAQUINHO MAXSHOP LEGADO P,4.99,16
000000184335,VESTUARIO VESTIDO MAXSHOP LEGADO P,4.99,16
000000185202,VESTUARIO MACACAO MAXSHOP LEGADO P,4.99,16
000000196123,VESTUARIO MACACAO MAXSHOP LEGADO P,4.99,16
000000209267,VESTUARIO MACACAO MAXSHOP LEGADO P,4.99,16
000000225076,VESTUARIO MACACAO MAXSHOP LEGADO P,4.99,16
000000100335,VESTUARIO MACACAO MAXSHOP LEGADO P,4.99,16
000000196062,VESTUARIO MACACAO MAXSHOP LEGADO P,4.99,16
000000196079,VESTUARIO MACACAO MAXSHOP LEGADO P,4.99,16
000000058018,MACACAO FEROZ MALHA REF 001 REGATA LEGADO ZZ,4.99,16
000000136488,VESTUARIO MACACAO MAXSHOP LEGADO P,4.99,16
000000148818,VESTUARIO MACACAO MAXSHOP LEGADO P,4.99,16
000000338196,CARRINHO DARDARA SONHO LEGADO ZZ,99.99,16
000000330336,CONJUNTO FEROZ MALHA 2110 RN LEGADO ZZ,4.99,16
000000296076,CAPA CARRINHO PAPI 2966,4.99,16
000000335881,MACACAO SOF E ENZ SUEDINE 9027 LONG LEGADO ZZ,4.99,16
000000172318,CONJUNTO PAGAO FEROZ 513 05PC,4.99,16
000000330435,BODY FEROZ MALHA 2108 PMG,4.99,16
000000158619,VESTUARIO PAGAO MAXSHOP LEGADO P,4.99,16
000000250160,VESTUARIO PAGAO MAXSHOP LEGADO P,4.99,16
000000304962,TOALHA FRALDA PAPI ALG 2788,4.99,16
000000296038,BABETE KARINHO 1565 3PCS Sortida UNICO,4.99,16
000000184106,KIT MIJAO FEROZ MALHA 016 S PE 3PCS,4.99,16
000000272735,VESTUARIO PAGAO MAXSHOP LEGADO P,4.99,16
000000298049,ACESSORIO BABETE MAXSHOP LEGADO UNICO,4.99,16
000000237420,VESTUARIO MACAQUINHO MAXSHOP LEGADO P,4.99,16
000000262231,VESTUARIO VESTIDO MAXSHOP LEGADO P,4.99,16
000000287470,VESTUARIO BODY M CURTA MAXSHOP LEGADO P,4.99,16
000000284868,KIT MIJAO FEROZ MALHA 032 CPE 3PCS,4.99,16
000000100281,BODY FEROZ SUEDINE 151 CURTO PMG,4.99,16
000000339872,BODY LUIZINHO MALHA 6637 C SAIA PMG,4.99,16
000000297998,VESTUARIO MIJAO MAXSHOP LEGADO P,4.99,16
000000330466,SAIDA MATERNIDADE FEROZ 2145 RN,9.99,16
000000029988,CORTINA SIAMAR REF 602 LEGADO ZZ,9.99,16
000000286589,VESTUARIO BLUSA MALWEE LEGADO P,4.99,16
000000357401,VESTIDO FAKINI MALHA 1062 BEBE,4.99,16
000000282505,PORTA BEBE PAPIBABY 2840 68X40,4.99,16
000000222594,VESTUARIO CONJUNTO MAXSHOP LEGADO P,4.99,16
000000374569,BODY FEROZ MALHA 2804 PMGG,4.99,16
000000123242,VESTUARIO MACACAO ROVITEX LEGADO P,4.99,16
000000172080,VESTUARIO MACACAO MAXSHOP LEGADO P,4.99,16
000000305136,SAPATINHO RIKAN 8001 8011 8021 8031,4.99,16
000000374583,BODY FEROZ MALHA 2818 PMGG,4.99,16
000000209168,VESTUARIO PAGAO MAXSHOP LEGADO P,4.99,16
000000224956,KIT CACHECOL FEROZ LA 770 03PC,4.99,16
000000195287,VESTUARIO CONJUNTO MAXSHOP LEGADO P,4.99,16
000000299602,KIT MIJAO FEROZ SUEDINE 1125 PMG 2P LEGADO ZZ,4.99,16
000000284936,CONJUNTO PAGAO FEROZ SUEDINE 1204,4.99,16
000000330428,BODY FEROZ MALHA 2104 PMG,4.99,16
000000330411,BODY FEROZ MALHA 2100 PMG LEGADO ZZ,4.99,16
000000374576,BODY FEROZ MALHA 2829 PMGG,4.99,16
000000272773,MACACAO FEROZ ESPONJA 1140 PMG,4.99,16
000000209670,CONJUNTO TROPICAL MALHA 2410 MASC,4.99,16
000000374590,CONJUNTO FEROZ MALHA 1220 RECEM NAS,4.99,16
000000158589,VESTUARIO PAGAO MAXSHOP LEGADO P,4.99,16
000000184410,PAGAO FEROZ 753 03PC,4.99,16
000000244213,MACACAO FEROZ SUEDINE DIVERSOS,4.99,16
000000248617,LIXEIRA CAJOVIL 741 2 6 LITROS,4.99,16
000000148832,VESTUARIO MACACAO MAXSHOP LEGADO P,4.99,16
000000232265,VESTUARIO CONJUNTO ROVITEX LEGADO P,4.99,16
000000298025,VESTUARIO CAMISETA MAXSHOP LEGADO P,4.99,16
000000351669,BODY LUIZINHO MALHA BICHINHO LEGADO ZZ,4.99,16
000000272759,VESTUARIO MACACAO MAXSHOP LEGADO P,4.99,16
000000237406,BODY FEROZ MALHA 298 PMG,4.99,16
000000136389,VESTUARIO BODY M CURTA MAXSHOP LEGADO P,4.99,16
000000162098,VESTUARIO SHORT MAXSHOP LEGADO P,4.99,16
000000225007,VESTUARIO CAMISETA MAXSHOP LEGADO P,4.99,16
000000339896,BODY LUIZINHO MALHA 8426 FRASES PMG LEGADO ZZ,4.99,16
000000351713,MIJAO LUIZINHO MALHA C PE LISO LEGADO ZZ,4.99,16
000000058056,MACACAO FEROZ MALHA REF 101 LONGO LEGADO ZZ,4.99,16
000000136402,BODY FEROZ M M 180 PMG,4.99,16
000000224932,KIT TOUCA FEROZ MALHA 449 02PC,4.99,16
000000330343,CONJUNTO FEROZ MALHA 2109 PMG,4.99,16
000000395441,SAIDA MATERNIDADE FEROZ M 3011 FEM,9.99,16
000000172196,VESTUARIO CJ BATIZADO MAXSHOP LEGADO P,9.99,16
000000339636,SACOLA RICA BABY COURINO 067 G,9.99,16
000000339629,SACOLA RICA BABY COURINO 068 M,9.99,16
000000385725,BODY FEROZ SUEDINE 2846 FEM,9.99,16
000000385749,BODY FEROZ SUEDINE 2699 MASC,9.99,16
000000393218,BODY GAGA COTTON 859 PMGG,4.99,16
000000393249,BODY GAGA COTTON 854 PMGG,4.99,16
000000393263,BODY GAGA COTTON 856 PMGG,4.99,16
000000395380,BODY FEROZ MALHA 2872 PMG MASC,7.99,16
000000396493,BODY DARDARA RIBANA BR006 REGATA,4.99,16
000000249669,VESTUARIO MACACAO MAXSHOP LEGADO P,4.99,16
000000393201,BODY GAGA COTTON 858 PMGG LEGADO ZZ,4.99,16
000000395328,BODY FEROZ MALHA 2874 PMG FEM LEGADO ZZ,7.99,16
000000406680,MACACAO BUCHECHINHA RIBANA 11320 LEGADO ZZ,4.99,16
000000369824,BODY BUCHECHINHA MALHA 10450 PMGG LEGADO ZZ,4.99,16
000000385800,CONJUNTO FEROZ SUEDINE 2844 FEM,7.99,16
000000393225,BODY GAGA COTTON 864 PMGG,4.99,16
000000393348,CONJUNTO GAGA COTTON 833 PMGG,7.99,16
000000331302,CONJUNTO LAY OUT SOFT 6026 6027 PMG LEGADO ZZ,4.99,16
000000359061,MACACAO LUIZINHO SUEDINE 10931 PMG LEGADO ZZ,4.99,16
000000393362,CONJUNTO GAGA COTTON 861 PMGG LEGADO ZZ,4.99,16
000000392631,BANHO DE SOL HEBENEZER 011 MALHA MA,4.99,16
000000396509,BODY DARDARA RIBANA BS002 MEIA MANG,4.99,16
000000339667,MACACAO RICA BABY ESPONJA 010 LUXO LEGADO ZZ,4.99,16
000000304986,JOGO LENCOL KARINHO ALG 2102 3PCS,7.99,16
000000422987,MACACAO PETUTINHA RIBANA 1111 ML FE,7.99,16
000000442343,MACACAO MEC BABY MM 077 PMG CM FEM,7.99,16
000000419642,CONJUNTO KIKO MOLETON 01764 PMG FEM LEGADO ZZ,7.99,16
000000442466,KIT TOALHA CHUPETA MEC BABY 117 3PC LEGADO UNICO,7.99,16
000000446112,TROCADOR PAPI ALGODAO 2228 LEGADO ZZ,7.99,16
000000436861,BODY SERELEPE MM 4201 PMG MASC,7.99,16
000000195928,PAGAO FEROZ MALHA 511 PMG,7.99,16
000000422390,MACACAO GAGA MOLETON 1000 PMG FEM,7.99,16
000000439886,BODY DUZIZO MM 3903 PMG,7.99,16
000000442411,MACACAO MEC BABY MM 100 PMG CM MASC,7.99,16
000000442459,MACACAO MEC BABY MM 016 PMG CM MASC,7.99,16
000000253536,VESTUARIO CONJUNTO MAXSHOP LEGADO P,7.99,16
000000393294,BODY GAGA COTTON 860 PMGG SHORT LEGADO ZZ,7.99,16
000000422406,MACACAO GAGA MOLETON 1005 PMG MASC LEGADO ZZ,7.99,16
000000280396,ACESSORIO TOUCA MAXSHOP LEGADO UNICO,4.99,16
000000393270,BODY GAGA COTTON 862 PMGG LEGADO ZZ,4.99,16
000000419802,BODY MARLAN RIBANA 24540 PMGGG LEGADO ZZ,4.99,16
000000420976,MIJAO LUIZINHO SUEDINE 9614 PMG LEGADO ZZ,4.99,16
000000426992,BODY DUZIZO MALHA 3867 RNXG FEM LEGADO ZZ,4.99,16
000000436960,BODY SERELEPE COTTON 4215 PMG FEM LEGADO ZZ,4.99,16
000000158350,BODY FEROZ 685 PMG,4.99,16
000000224994,BODY FEROZ MALHA 299 PMG,4.99,16
000000299275,PAGAO FEROZ MALHA 1221 RN,4.99,16
000000437424,BODY MARLAN MM 54002 PMGGG FEM,4.99,16
000000181846,ACESSORIO BOLSA MAXSHOP LEGADO UNICO,4.99,16
000000385763,MACACAO FEROZ SUEDINE 299 PMG FEM LEGADO ZZ,4.99,16
000000395496,KIT TOUCA FEROZ MALHA 2848 UNICO LEGADO UNICO,4.99,16
000000419628,CAMISETA KIKO MM 01748 PMG ML LEGADO ZZ,4.99,16
000000423045,BODY PETUTINHA RIBANA 6128 ML FEM LEGADO ZZ,4.99,16
000000426701,BODY DUZIZO MALHA 3735 PMG MASC LEGADO ZZ,4.99,16
000000461252,MACACAO FEROZ MALHA 3188 LONGO MASC,9.99,16
000000454957,JOGO DE BERCO SANTISTA ALG 3PC,9.99,16
000000339100,TOALHA PAPI 1938 BICHINHO,9.99,16
000000441681,MACACAO HEBENEZER MM 494 MASC,9.99,16
000000441698,MACACAO HEBENEZER MM 440 MASC,9.99,16
000000441711,MACACAO HEBENEZER MM 492 MASC,9.99,16
000000441728,MACACAO HEBENEZER MM 493 MASC,9.99,16
000000441858,VESTIDO HEBENEZER 508 FEM,9.99,16
000000441865,VESTIDO HEBENEZER 501 FEM,9.99,16
000000461221,BODY FEROZ MALHA 4242 M CURTA FEM,9.99,16
000000441780,VESTIDO HEBENEZER MM 504 FEM LEGADO ZZ,9.99,16
000000384612,CONJUNTO LUIZINHO SOFT 10993 PMG,4.99,16
000000456463,BLUSA RALAKIDS MALHA 7202 PMG FEM,4.99,16
000000470339,BODY DUZIZO SUEDINE 4376 RN MASC,4.99,16
000000459617,BODY DUZIZO COTTON 4012 FEM ESTAMPA LEGADO ZZ,4.99,16
000000426695,BODY DUZIZO MALHA 3734 PMG MASC,4.99,16
000000463447,BODY LUIZINHO 12577 SUED PROFISSOES,4.99,16
000000282598,BANHO TOALHA MAXSHOP LEGADO P,4.99,16
000000423366,BODY FEROZ SUEDINE 2639 PMG UNISSEX LEGADO ZZ,4.99,16
000000457675,CALCA BUCHECHINHA 1139004 PMG DIV LEGADO ZZ,4.99,16
000000446488,ALMOFADA PAPI 2658 AMAMENTACAO,19.99,16
000000503075,BERCO BABY JOY 0406420101 PORTATIL,14.99,16
000000494274,CONJUNTO DUZIZO MOLET 5041 MAS INF LEGADO ZZ,9.99,16
000000501408,SAIDA MATERNIDADE FEROZ ESP 3345,9.99,16
000000516921,EDREDON DENGO FIO PENTEADO 854225,9.99,16
000000491990,CAMISETA NELL ONDA 3406 ML BEBE,9.99,16
000000503129,NANINHA BAMBI 0200380101 C PELUCIA,9.99,16
000000504096,MACACAO HEBENEZER MALHA 450,9.99,16
000000503037,TOALHA BABY JOY 0411331601 BOQUINHA,9.99,16
000000503242,MANTA PAPI MALHA 1093 DIV,9.99,16
000000504102,MACACAO HEBENEZER MALHA 455,9.99,16
000000516884,MANTA DENGO FIO PENTEADO 850454,9.99,16
000000492232,KIT MATERNIDADE HAPPY 1641 BEBE LEGADO ZZ,9.99,16
000000498906,CONJUNTO BUCHECHINHA 1168003 PMG M LEGADO ZZ,9.99,16
000000491952,CAMISETA NELL ONDA 3402 ML BEBE,4.99,16
000000503136,LENCOL BAMBI ALG 0200200101 LISO,4.99,16
000000495615,BODY DUZIZO SUEDINE 4782 FEM ESTAMP LEGADO ZZ,4.99,16
000000351652,BODY LUIZINHO MALHA 7900 BALONE,4.99,16
000000454186,BODY LUIZINHO BABY SUEDINE 12157 PM,4.99,16
000000503112,BABADOR BAMBI 0201030001 BICHINHOS,4.99,16
000000517003,REGATA FITEDI COTTON 854729 PMG LIS,4.99,16
000000508063,CONJUNTO DUZIZO MALHA 4800 PMG FEM LEGADO ZZ,4.99,16
000000508179,CONJUNTO DUZIZO MALHA 4988 PMG MASC LEGADO ZZ,4.99,16
000000539692,KIT BERCO SERELEP MISTO 9PCS PADRAO,69.99,16
000000486231,ALMOFADA PAPI ALG 2650 AMAMENTACAO,24.99,16
000000517423,BOLSA JAMES COURINO BEBE LEGADO UNICO,14.99,16
000000486248,MANTA MAMI MALHA 5708 TRICOT,14.99,16
000000523172,MANTA COTEMINAS SANTISTA INFANTIL,14.99,16
000000511018,VESTIDO HEBENEZER MALHA 301 INF LEGADO ZZ,7.99,16
000000465250,VESTIDO HEBENEZER MALHA 504 INFANTI,7.99,16
000000511001,VESTIDO HEBENEZER MALHA 238 INF,7.99,16
000000533119,PANTUFA SELENE 2810 RN FEM.,7.99,16
000000533294,CONJUNTO HEBENEZER MOL 608 PMG FEM,7.99,16
000000533300,CONJUNTO HEBENEZER MOL 607 PMG MASC,7.99,16
000000465274,BANHO DE SOL HEBENEZER 022 INF FEM LEGADO ZZ,7.99,16
000000510981,CONJUNTO HEBENEZER ALG 025 LEGADO ZZ,7.99,16
000000511025,VESTIDO HEBENEZER MALHA 300 INF LEGADO ZZ,7.99,16
000000531085,CALCA FAKINI MOLETOM 1204 PMG MASC LEGADO ZZ,7.99,16
000000330459,TOALHA FEROZ MALHA 1065 UNICO,7.99,16
000000384674,COBERTOR PAPI ALG 5454 110X90,7.99,16
000000516891,JOGO LENCOL DENGO FIO P 850381 2PCS,7.99,16
000000328968,LENCOL PAPI ALG 2914,4.99,16
000000335942,MIJAO LUIZINHO SUEDINE 7832 BOLINHA,4.99,16
000000421003,BODY LUIZINHO SUEDINE 7870 PMG,4.99,16
000000532990,MIJAO LUIZINHO SUEDINE 13253 V PE,4.99,16
000000511032,BODY HEBENEZER MALHA 305 INF LEGADO ZZ,4.99,16
000000384704,TOALHA PAPI ALGODAO 908,14.99,16
000000328975,MANTA KARINHO ALG 4670,9.99,16
000000330350,MACACAO FEROZ MALHA 2149 PMG S PE,9.99,16
000000330381,MACACAO FEROZ MALHA 2134 PMG C PE F,9.99,16
000000282666,KIT BERCO KARINHO 2715 7 PC,24.99,16
000000395434,MACACAO FEROZ MALHA 2627 UNISEX,9.99,16
000000395489,CONJUNTO FEROZ M 3015 C SHORT MASC,9.99,16
000000465212,MACACAO HEBENEZER MALHA 460 M LONGA,9.99,16
000000516938,EDREDON DENGO FIO PENTEADO 854226,9.99,16
000000282673,EDREDON KARINHO 2502 130X85,9.99,16
000000172127,KIT SAPTO FEROZ LA 078 03PC,9.99,16
000000282543,PROTETOR KARINHO 2213 120X25 3 PC,9.99,16
000000330442,MACACAO FEROZ MALHA 136 RN,9.99,16
000000392600,MACACAO HEBENEZER 182 MALHA MA,9.99,16
000000423380,CONJUNTO FEROZ SUEDINE 3065 RN UNIS,9.99,16
000000442312,MACACAO MEC BABY MM 071 PMG SM FEM,9.99,16
000000481717,CALCA NELL ONDA MOLETOM 3300 BEBE,9.99,16
000000503259,JOGO DE BERCO PAPI 2713 AMERICANO,9.99,16
000000330398,BANHO DE SOL FEROZ 1405 PMG LEGADO ZZ,9.99,16
000000461245,CONJUNTO FEROZ MALHA 4292 3PCS FEM LEGADO ZZ,9.99,16
000000493772,CONJUNTO DUZIZO MOLET 4619 MASC INF LEGADO ZZ,9.99,16
000000298230,BLUSA MALWEE MALHA 00037 PMG,9.99,16
000000385794,MACACAO FEROZ SUEDINE 2747 FEM,9.99,16
000000395243,BANHO DE SOL FEROZ MALHA 3022 PMG M,9.99,16
000000422970,MACACAO PETUTINHA RIBANA 1236 ML FE,9.99,16
000000423410,CONJUNTO FEROZ SUEDINE 3106 PMG MAS,9.99,16
000000441704,MACACAO HEBENEZER MM 490 MASC,9.99,16
000000442329,MACACAO MEC BABY MM 001 PMG SM FEM,9.99,16
000000442367,MACACAO MEC BABY MM 054 PMG SM FEM,9.99,16
000000442381,MACACAO MEC BABY MM 052 PMG CM FEM,9.99,16
000000465182,MACACAO HEBENEZER MALHA 519 PMG,9.99,16
000000504010,MACACAO HEBENEZER MALHA 520 MASC,9.99,16
000000504027,MACACAO HEBENEZER MALHA 352 MASC,9.99,16
000000504034,MACACAO HEBENEZER MALHA 353 MASC,9.99,16
000000504065,MACACAO HEBENEZER MALHA 524 FEM,9.99,16
000000504072,MACACAO HEBENEZER MALHA 315 FEM,9.99,16
000000533218,MACACAO HEBENEZER MALHA 318 PMG MAS,9.99,16
000000533270,CONJUNTO HEBENEZER MALHA 021 PMG,9.99,16
000000533287,CONJUNTO HEBENEZER MALHA 317 PMG,9.99,16
000000442374,MACACAO MEC BABY MM 011 PMG CM FEM LEGADO ZZ,9.99,16
000000465229,MACACAO HEBENEZER MALHA 139 S MANGA LEGADO ZZ,9.99,16
000000559416,CONJUNTO KIKO MALHA 6414 PMG LEGADO ZZ,9.99,16
000000428941,BODY ANDRITEX COTTON 3665 PMG LEGADO ZZ,9.99,16
000000209243,MACACAO FEROZ MALHA 788 RN,9.99,16
000000209274,MACACAO FEROZ MALHA 782 RN,9.99,16
000000282659,CAPA CARRINHO PAPIBABY 2810,9.99,16
000000209076,BANHO DE SOL FEROZ MALHA 790 RN,9.99,16
000000209298,MACACAO FEROZ MALHA 780 RN,9.99,16
000000284905,MACACAO FEROZ LA 127 PMG,9.99,16
000000284943,CONJUNTO PAGAO FEROZ MALHA 207 3PCS,9.99,16
000000051446,MACACAO FEROZ ESPONJA REF 127 BOTAO,9.99,16
000000126021,PAGAO FEROZ REF 512 05 PC,9.99,16
000000215497,CONJUNTO TROPICAL PLUSH DIVERSOS,9.99,16
000000225038,MACACAO FEROZ MALHA 293 RN,9.99,16
000000225045,MACACAO FEROZ MALHA 291 RN,9.99,16
000000284882,KIT TOUCA FEROZ LA 075 3PCS,9.99,16
000000321013,MACACAO FEROZ MALHA 292 PMG,9.99,16
000000364157,MACACAO HEBENEZER ALG 084 PMG FEM,9.99,16
000000392617,BANHO DE SOL HEBENEZER 135 MALHA MA,9.99,16
000000392624,BANHO DE SOL HEBENEZER 169 MALHA MA,9.99,16
000000392709,CONJUNTO HEBENEZER 436 MALHA FEM,9.99,16
000000395267,BANHO DE SOL FEROZ MALHA 3045 PMG M,9.99,16
000000395274,BANHO DE SOL FEROZ MALHA 3018 PMG M,9.99,16
000000395281,BANHO DE SOL FEROZ MALHA 3029 PMG M,9.99,16
000000395342,BODY FEROZ MALHA 2870 PMG MASC,9.99,16
000000395359,BODY FEROZ MALHA 2871 PMG MASC,9.99,16
000000395397,BODY FEROZ MALHA 3035 PMG MASC,9.99,16
000000395403,BODY FEROZ MALHA 2876 PMG MASC,9.99,16
000000395427,MACACAO FEROZ MALHA 2626 FEM,9.99,16
000000441735,MACACAO HEBENEZER MM 446 MASC,9.99,16
000000441773,CONJUNTO HEBENEZER MM 435 FEM SHORT,9.99,16
000000441797,VESTIDO HEBENEZER MM 500 FEM,9.99,16
000000441896,MACACAO HEBENEZER 512 S MANGA,9.99,16
000000441902,MACACAO HEBENEZER 510 MC FEM,9.99,16
000000442336,MACACAO MEC BABY MM 017 PMG SM FEM,9.99,16
000000465205,MACACAO HEBENEZER MALHA 473 C MANGA,9.99,16
000000482080,BODY TIFA COTTON CO2342 PMG FEM,9.99,16
000000503228,CAPA CARRINHO PAPI MALHA 1092,9.99,16
000000504058,MACACAO HEBENEZER MALHA 463 FEM,9.99,16
000000504119,MACACAO HEBENEZER MALHA 526 ML,9.99,16
000000504133,CONJUNTO HEBENEZER MALHA 03 PAGAO,9.99,16
000000533249,CONJUNTO HEBENEZER MALHA 618 PMG,9.99,16
000000541268,TRAVESSEIRO PAPI ALG 2975,9.99,16
000000570008,CONJUNTO HEBENEZER MALHA 638 PMG MA,9.99,16
000000570015,CONJUNTO HEBENEZER MALHA 635 PMG MA,9.99,16
000000570022,CONJUNTO HEBENEZER MALHA 630 PMG MA,9.99,16
000000570039,CONJUNTO HEBENEZER MALHA 645 PMG FE,9.99,16
000000574525,CONJ BUCHECHINHA MM 1272001 MG BODY,9.99,16
000000209199,VESTUARIO PAGAO MAXSHOP LEGADO P,9.99,16
000000335898,MACACAO SOF E ENZ PLUSH 9157 LONGO LEGADO ZZ,9.99,16
000000335959,MACACAO LUIZINHO BABY PLUSH 7696 LEGADO ZZ,9.99,16
000000441803,VESTIDO HEBENEZER MM 506 FEM LEGADO ZZ,9.99,16
000000441834,VESTIDO HEBENEZER 507 FEM LEGADO ZZ,9.99,16
000000532594,CONJUNTO CLUBINHO MOL 2144 PMG MASC LEGADO ZZ,9.99,16
000000559355,BLUSA KIKA MALHA 6422 PMG FEM LEGADO ZZ,9.99,16
000000559423,CONJUNTO KIKO MALHA 6411 PMG LEGADO ZZ,9.99,16
000000569989,MACACAO HEBENEZER MALHA 1007 PMG M LEGADO ZZ,9.99,16
000000225083,KIT FEROZ ESPONJA 845 04PC,9.99,16
000000237451,BODY FEROZ MALHA 1118 C TIARA,9.99,16
000000284974,MACACAO FEROZ ESPONJA 287 RN,9.99,16
000000284981,CAMISETA FEROZ MALHA 1619 PMG,9.99,16
000000363976,MACACAO HEBENEZER ALGODAO 011 MASC,9.99,16
000000364119,VESTIDO HEBENEZER ALG 234 PMG,9.99,16
000000209212,VESTUARIO BODY M CURTA MAXSHOP LEGADO P,9.99,16
000000577519,CONJUNTO FAKINI MALHA 3216 PMG MASC LEGADO ZZ,9.99,16
000000185189,MACACAO FEROZ 496 PMG,9.99,16
000000209069,BANHO DE SOL FEROZ MALHA 792 RN,9.99,16
000000158527,VESTIDO FEROZ MALHA 626 PMG CALCINH,9.99,16
000000282550,CUEIRO KARINHO LISO 4151 80X50,4.99,16
000000051477,BODY FEROZ SUEDINE REF 117,4.99,16
000000126007,PAGAO FEROZ REF 031 133 03 PC,7.99,16
000000184120,CONJUNTO BODY FEROZ 747 PMG,4.99,16
000000330329,PAGAO FEROZ MALHA 455 RN,7.99,16
000000384698,BABETE KARINHO ALGODAO 1223,7.99,16
000000385695,BODY FEROZ SUEDINE 2845,7.99,16
000000387088,BODY FEROZ SUEDINE 2636 PMGG,7.99,16
000000395410,BODY FEROZ MALHA 2637 PMG FEM,7.99,16
000000441605,BODY FEROZ MM 2988 PMG,7.99,16
000000482097,BODY TIFA COTTON CO2343 PMG FEM SIL,7.99,16
000000503204,ALMOFADA PAPI ALGODAO 1150 PESCOCO,7.99,16
000000504126,CONJUNTO HEBENEZER MALHA 04 PAGAO,7.99,16
000000533256,CONJUNTO HEBENEZER MALHA 617 PMG,7.99,16
000000583183,CONJUNTO MUNDO MANIA MM 207401565 F,7.99,16
000000583190,CONJUNTO MUNDO MANIA MM 207901777 F,7.99,16
000000238298,VESTUARIO KIT MEIA MAXSHOP LEGADO P,7.99,16
000000455695,BODY MARLAN MALHA 54024 PMGG MASC LEGADO ZZ,7.99,16
000000559409,BLUSA KIKA MALHA 6420 PMG FEM LEGADO ZZ,7.99,16
000000560450,BODY MARIA JUJUBA COTTON PMG INF Sortida P,7.99,16
000000583176,CONJUNTO MUNDO MANIA MM 207201500 M LEGADO ZZ,7.99,16
000000585880,BODY KELY KETY MM 50025 PMGG BB FEM LEGADO ZZ,7.99,16
000000013390,MACACAO FEROZ MALHA REF 002,7.99,16
000000038911,CUEIRO DENGO ALGODAO 03PC,7.99,16
000000320993,MACACAO FEROZ MALHA 1138 RN C PE,7.99,16
000000272704,PAGAO FEROZ MALHA 1218 1219 RN,4.99,16
000000339940,MACACAO LUIZINHO MALHA 8990 PMG,4.99,16
000000358996,BODY LUIZINHO SUEDINE 7481 ML PMG,4.99,16
000000363990,MACACAO HEBENEZER ALGODAO 140 MASC,4.99,16
000000364003,MACACAO HEBENEZER ALGODAO 173 MASC,4.99,16
000000374552,BODY FEROZ MALHA 2640 PMGG,4.99,16
000000384643,MACACAO LUIZINHO SUEDINE 9638 PMG,4.99,16
000000446099,MANTA PAPI ALGODAO 4780,4.99,16
000000469968,MACAQUINHO DUZIZO MALHA 4208 PMG,4.99,16
000000482103,BODY TIFA COTTON CO1872 PMG FEM,4.99,16
000000574426,BODY BUCHECHINHA RIBANA 1246009 MG,4.99,16
000000574440,BODY BUCHECHINHA COTTON 2245005 MG,4.99,16
000000574464,BODY BUCHECHINHA RIBANA 1146008 MG,4.99,16
000000574471,BODY BUCHECHINHA RIBANA 1146009 MG,4.99,16
000000126014,VESTUARIO PAGAO MAXSHOP LEGADO P,4.99,16
000000284950,VESTUARIO PAGAO MAXSHOP LEGADO P,4.99,16
000000412650,CONJUNTO RANDA MUNDU B06 MENINAS BB LEGADO ZZ,4.99,16
000000433297,BODY BUCHECHINHA 1246001 PMG FEM LEGADO ZZ,4.99,16
000000433303,BODY BUCHECHINHA 1245001 PMG FEM LEGADO ZZ,4.99,16
000000467551,BODY BUCHECHINHA 1246002 PMG FEM LEGADO ZZ,4.99,16
000000467582,BODY BUCHECHINHA 1146003 PMG MASC LEGADO ZZ,4.99,16
000000541893,MACAQUINHO KELY KETY MM 22160 PMGG LEGADO ZZ,4.99,16
000000556293,CONJUNTO FORFAN MALHA 3354 PMG MASC LEGADO ZZ,4.99,16
000000556415,CONJUNTO KELY KETY MM 50012 MG FEM LEGADO ZZ,4.99,16
000000556569,CONJUNTO KELY KETY MM 51010 MG MASC LEGADO ZZ,4.99,16
000000574099,BODY KELY KETY MM 22196 PMGG BB MAS LEGADO ZZ,4.99,16
000000588911,MIJAO LUIZINHO RIBANA 14397 PMG LEGADO ZZ,4.99,16
000000589987,CAMISETA DIPLAY DIV PMGG LEGADO ZZ,4.99,16
000000222587,PECAS DIVERSAS TROPICAL BABY MALHA,4.99,16
000000339919,CAMISETA LUIZINHO MALHA 9423 01A03,4.99,16
000000237574,KIT BAMBINO M M 01 LUVA SAPATO TOUC,4.99,16
000000599900,KIT ALMOFADA PAPI ALG 1169 3 PCS,29.99,16
000000592604,CONJUNTO RALAKIDS MOL 70100 MGG FEM LEGADO ZZ,19.99,16
000000620536,BOLSA BB RICA BABY LONA 67 G,19.99,16
000000592703,CALCA RALAKIDS MOL 8119 MGG MASC LEGADO ZZ,9.99,16
000000620529,BOLSA BB RICA BABY LONA 111 G COLME,14.99,16
000000600576,PANTUFA HAD PLUSH 0A12 MESES,7.99,16
000000606585,BODY BUCHECHINHA RIB 1146010 PMG MA,7.99,16
000000606592,BODY BUCHECHINHA RIB 1146011 PMG MA,7.99,16
000000620567,KIT POTE RICA BABY PLASTICO 6 P 3PC,9.99,16
000000620598,KIT RICA BABY MM 1324 0A6M LUVA TOU,4.99,16
000000623469,BODY LUIZINHO SUED 15318 PMG FRASES,4.99,16
000000606615,CAMISETA BUCHECHINHA MM 1120006 PMG,4.99,16
000000606622,REGATA BUCHECHINHA MM 1115003 PMG,4.99,16
000000620574,SAPATINHO RICA BABY MM 290 M,4.99,16
000000623476,MIJAO LUIZINHO SUED 15479 PMG ESTAM,4.99,16
000000620581,KIT MEIA RICA BABY LA 60 0A12M 3PCS LEGADO ZZ,4.99,16
000000620611,MIJAO RICA BABY MM 529 PMG SEM PE LEGADO ZZ,4.99,16
000000642514,CONJUNTO KIKO MOL 9293 PMG MAS BB LEGADO ZZ,29.99,16
000000642521,CONJUNTO KIKO MOL 9302 MAS PMG BB LEGADO ZZ,29.99,16
000000642538,CONJUNTO KIKO MOL 9304 MASC PMG BB LEGADO ZZ,24.99,16
000000663731,MACAQUINHO RALAKIDS COTT 7352 BB FE,19.99,16
000000663755,CONJUNTO RALAKIDS MM 80135 BB MASC,19.99,16
000000663762,MACAQUINHO RALAKIDS MOLETIN 8347 BB,19.99,16
000000634960,MACACAO BUCHECH BOUCLE 1188002 PMG LEGADO ZZ,14.99,16
000000636544,NANINHA BENE CASA MICRO 14403 FEM,14.99,16
000000636551,NANINHA BENE CASA MICRO 14404 MASC,14.99,16
000000619769,CONJUNTO HEBENEZER MM 427 PMG FEM,14.99,16
000000642330,BLUSA KIKO MM 9199 ML FEM PMG BB,14.99,16
000000645768,JAQUETA MAFARI JEANS DIVER BB MASC,14.99,16
000000645782,JARDINEIRA MAFARI SARJA DIV BB FEM,14.99,16
000000652490,VESTIDO BUCHECHINHA COTT 1295003 BB,9.99,16
000000652452,SHORT BUCHECH MOL 1195003 BB M SARU,9.99,16
000000652476,CAMISETA BUCHECH MM 1196001 BB M MC,9.99,16
000000652506,BODY BUCHECHINHA COTT 1297001 BB FE,9.99,16
000000652513,SHORT BUCHECHIN COTT 1297002 BB FE,4.99,16
000000446082,MANTA PAPI ALGODAO 4678 AZUL ROSA,29.99,16
000000681308,CONJUNTO KELY KETY MOL 62130 BB MAS,24.99,16
000000681445,MANTA GLORIUS BABY 180F 700087 BEBE,24.99,16
000000685467,CONJUNTO KELY KETY MOL 43106 BB FEM,24.99,16
000000691031,CONJUNTO RALAKIDS MM 80159 PMGG MAS,24.99,16
000000504621,RAMPA ANTIREFLUXO PAPI 3950 BERCO,29.99,16
000000681315,CONJUNTO KELY KETY MOL 62128 BB MAS,19.99,16
000000685344,MACAQUINHO KELY KETY MM 45404 BB MA,19.99,16
000000685351,MACAQUINHO KELY KETY MOL 45416 BB M,19.99,16
000000696166,CONJUNTO KAPPES MM MOL 8010 BB MAS,19.99,16
000000707015,MACAQUINHO KELY KETY ALG 50104 PMG,24.99,16
000000685337,MACAQUINHO KELY KETY MM 45405 BB MA LEGADO ZZ,19.99,16
000000685542,VESTIDO KELY KETY COTTON 43094 MGG LEGADO ZZ,24.99,16
000000503211,NANINHA PAPI PLUSH 1152,19.99,16
000000590457,MACACAO MUNDO MANIA MOL 2205 MGG FE,14.99,16
000000663717,CONJUNTO RALAKIDS COTT 70139 BB FEM,19.99,16
000000663748,CONJUNTO RALAKIDS MM 80134 BB MASC,19.99,16
000000423083,BANHO DE SOL PETUTINHA RIBANA 1129,14.99,16
000000596213,MACACAO KAPPES SUED 2000 PMG UNISSE,14.99,16
000000691000,MACAQUINHO RALAKIDS MM 8353 PMGG MA,14.99,16
000000691024,CONJUNTO RALAKIDS MM 80160 PMGG MAS,19.99,16
000000691048,CONJUNTO RALAKIDS MM 80164 PMGG MAS,19.99,16
000000392662,MACACAO HEBENEZER 093 MALHA FEM,9.99,16
000000677134,BODY BUCHECHIN RIB 4001 02 03 PMG,14.99,16
000000685306,BODY KELY KETY COTT 45412 PMGG MASC,9.99,16
000000685320,BODY KELY KETY COTT 43103 PMGG FEM,9.99,16
000000689458,BLUSA KIKO COTTON 10020 PMG,9.99,16
000000696029,CONJUNTO KAPPES COTT 9050 PMG BB FE,14.99,16
000000696074,CONJUNTO KAPPES MM MOL 10100 BB MAS,14.99,16
000000696210,MACAQUINHO KAPPES MM 2090 BB UNISSE,14.99,16
000000158398,KIT BODY FEROZ 276 PMG 03 PC,14.99,16
000000429054,MACACAO ANDRITEX COTTON 3674 PMG M,14.99,16
000000555487,MACACAO LUIZINHO SUEDINE 13482 VP,14.99,16
000000645706,CALCA MAFARI SARJA DIVER BB MASC,14.99,16
000000652438,BODY BHUCHECHI ALG 1189007 BB M SIL,9.99,16
000000685313,BODY KELY KETY COTT 11114 PMGG MASC,9.99,16
000000687775,CAMISA BLUDSON MISTO DIV PMG BEBE,14.99,16
000000696265,JARDINEIRA BUCHECHINH MOL 1113008 M,14.99,16
000000385732,BODY FEROZ SUEDINE 2836 MASC,9.99,16
000000423137,MACACAO PETUTINHA RIBANA 1122 FEM,9.99,16
000000429061,CONJUNTO ANDRITEX COTTON 3673 PMG M,9.99,16
000000441766,CONJUNTO HEBENEZER MM 023 FEM SAIA,9.99,16
000000441827,MACAQUINHO HEBENEZER 082,9.99,16
000000583206,CONJUNTO MUNDO MANIA MM 208702054 F,9.99,16
000000600583,BOTINHA HAD PLUSH 12A24 MESES,9.99,16
000000384667,LENCOL PAPI ALG 2161 AMERICANO ESTA,9.99,16
000000296045,PORTA BEBE PAPI 2890 68X40,7.99,16
000000363945,MACACAO HEBENEZER ALGODAO 032 TAM U,7.99,16
000000441599,BODY FEROZ MM 2969A 3149 PMG FEM,7.99,16
000000585873,VESTIDO KELY KETY MM 50038 PMGG BB,7.99,16
000000652520,SHORT BUCHECH COTT 1295002 BB FE SA,7.99,16
000000696234,REGATA BUCHECHINHA MM 1113007 PMG M,7.99,16
000000696241,CAMISETA BUCHECHINHA MM 1113010 PMG,7.99,16
000000696289,BLUSA BUCHECHINHA MM 1213009 PMG FE,7.99,16
000000392655,MACACAO HEBENEZER 033 MALHA MA,4.99,16
000000406499,BODY LUIZINHO RIBANA 11242 PMG,4.99,16
000000583169,CONJUNTO MUNDO MANIA MM 207101426 M,4.99,16
000000606646,SHORT BUCHECHINHA COTT 1232007 PMG,4.99,16
000000481229,BERCO DARDARA JOY TAM UNICO,249.99,16
000000304665,KIT BERCO TALISMA AMERICANO 10 PCS,149.99,16
000000772242,TOALHA PAPI ALG 4698 SOFT 90X70 CPZ,49.99,16
000000522113,COBERTOR MAMI MICRO 4682 1.10X86,39.99,16
000000640107,COBERTOR PAPI 5455-4691 110X90,39.99,16
000000727709,CONJUNTO HEBENEZER 040 MALHA FEM,29.99,16
000000727716,CONJUNTO HEBENEZER 801 MALHA MASC,29.99,16
000000284929,KIT SAPATINHO FEROZ PLUSH 446 PMG,24.99,16
000000504089,MACACAO HEBENEZER MALHA 461 BB FEM,29.99,16
000000533232,CONJUNTO HEBENEZER MALHA 014 BB 4P,29.99,16
000000533263,CONJUNTO HEBENEZER MALHA 020 BB,29.99,16
000000533317,CONJUNTO HEBENEZER MALHA 452 BB,29.99,16
000000681698,MACACAO HEBENEZER MALHA 525 BB FEM,29.99,16
000000681711,MACACAO HEBENEZER MALHA 906 BB MAS,29.99,16
000000681728,MACACAO HEBENEZER MALHA 907 BB MAS,29.99,16
000000681766,CONJUNTO HEBENEZER MALHA 013 BB FE,29.99,16
000000681803,CONJUNTO HEBENEZER MALHA 312 BB FE,29.99,16
000000727686,MACACAO HEBENEZER 316 MALHA FEM,24.99,16
000000727723,MACACAO HEBENEZER 905 MALHA FEM,29.99,16
000000728881,CONJUNTO HEBENEZER 858 FEM,29.99,16
000000772198,NANINHA PAPI 4675 PRENDEDOR 32X32,29.99,16
000000578240,CALCA LA ONDA JEANS DIV PMG BB MASC LEGADO ZZ,29.99,16
000000728515,CONJUNTO REI REX MOL 62141 PMG MASC,24.99,16
000000731348,BODY KIKO SUEDINE 12075 PMG MASC,24.99,16
000000772204,NANINHA PAPI 4676 PRENDEDOR 28X28,24.99,16
000000772235,TOALHA PAPI ALG 4641 SOFT 80X80,24.99,16
000000503235,RAMPA ANTIREFLUXO PAPI 3970 CARRINH,24.99,16
000000741927,NANINHA PAPI SOFT 3006,24.99,16
000000741934,COBERTOR PAPI FLANELA 4545 1.10X.90,24.99,16
000000681797,CONJUNTO HEBENEZER MALHA 068 BB FE,19.99,16
000000681810,PAGAO HEBENEZER MALHA 065 BB MAS,19.99,16
000000681841,MANTA HEBENEZER SUEDINE 2010 60X60,24.99,16
000000727693,CONJUNTO HEBENEZER 071 MALHA MASC,19.99,16
000000731355,CALCA KIKO SUEDINE 12096 PMG MASC,19.99,16
000000741910,ALMOFADA PAPI MALHA 2656 PESCOCO,19.99,16
000000743679,MACAQUINHO KELY KETY MM 43122 MGG,19.99,16
000000772211,BABADOR PAPI 1953 2PCS BANDANA,19.99,16
000000249904,ROUPAO FEROZ 1063 PMG,19.99,16
000000384681,COBERTOR KARINHO ALG 4747 ESTAMPADO,14.99,16
000000517850,JARDINEIRA RALAKIDS MALHA 1326 1A3,19.99,16
000000739726,MACACAO TEXFIO MALHA DIV PMG LEGADO ZZ,19.99,16
000000172134,KIT LUVAS FEROZ LA 079 03PC,14.99,16
000000195966,KIT LA FEROZ 076 3PCS COR UNICA,14.99,16
000000522205,BABADOR MAMI 5319 DIVERSOS,19.99,16
000000619622,BANHO DE SOL HEBENEZER MM 751 PMG M,14.99,16
000000731300,BODY KIKO SUEDINE 11943 PMG FEM ML,14.99,16
000000731324,BODY KIKO SUEDINE 11916 RN PMG FEM,14.99,16
000000772181,PANINHO BOCA KARINHO 1631 6P 40X40,14.99,16
000000772273,BABETE PAPIZINHA 1094 3PCS BORD EST,14.99,16
000000772280,BABADOR PAPI ALG 4661 2PCS BANDANA,14.99,16
000000195973,PAGAO FEROZ MALHA 455 PMG,14.99,16
000000282574,FRALDA PAPI 1203 65X65 ESTAMP 5UN,14.99,16
000000296069,COBERTOR PAPI 4534 70X90,14.99,16
000000395229,BANHO DE SOL FEROZ MALHA 3023 PMG,14.99,16
000000694148,CONJUNTO FEROZ SUED 2023 PMG ML CUL,14.99,16
000000694155,CONJUNTO FEROZ SUED 2029 PMG MC SHO,14.99,16
000000694179,MACACAO FEROZ SUEDINE 4120 CURTO UN,14.99,16
000000696272,JARDINEIRA BUCHECHINH MOL 1213008 F,14.99,16
000000731317,CALCA KIKO SUEDINE 11975 PMG FEM,9.99,16
000000772174,PANINHO BOCA PAPI 1563 3P PRENDEDOR,14.99,16
000000385022,CONJUNTO CAEDU PLUSH 1000 CAP BEB F LEGADO ZZ,9.99,16
000000209281,VESTUARIO MACACAO MAXSHOP LEGADO P,14.99,16
000000335812,CALCA SOF E ENZ PLUSH 8006 GROSSA LEGADO ZZ,9.99,16
000000392594,BANHO DE SOL HEBENEZER 168 MALHA MA,9.99,16
000000395250,BANHO DE SOL FEROZ MALHA 3025 PMG M,9.99,16
000000541312,MANTA KARINHO ALG 1160 90X80 FORRO,9.99,16
000000574433,BODY BUCHECHINHA COTTON 1246010 MG,9.99,16
000000600590,MEIA HAD 0A12 MESES CARINHA,9.99,16
000000645720,BERMUDA MAFARI SARJA DIVER BB MASC,9.99,16
000000645775,CAMISA MAFARI SARJA DIVER BB MASC,9.99,16
000000652469,BERMUDA BUCHECH ALG 1196002 BB M ES,9.99,16
000000652483,REGATA BUCHECHI COTT 1292007 BB FEM,9.99,16
000000694124,CAMISETA FEROZ SUE 2009 2012 1A3 MC,9.99,16
000000694162,BANHO DE SOL FEROZ SUEDINE 4112 UNI,9.99,16
000000772228,BABADOR PAPI 0945 3PCS PLASTIFICADO,9.99,16
000000423359,BODY FEROZ SUEDINE 2907 PMG FEM LEGADO ZZ,9.99,16
000000441841,VESTIDO HEBENEZER 503 FEM LEGADO ZZ,9.99,16
000000215459,VESTUARIO MACACAO MAXSHOP LEGADO P,9.99,16
000000359122,BODY FEROZ SUEDINE 2638 PMGG,7.99,16
000000446136,BABADOR PAPI 0950 PLASTIFICADO,7.99,16
000000694100,CAMISETA FEROZ SUEDINE 2001 PMG MC,7.99,16
000000694117,CAMISETA FEROZ SUEDINE 2005 PMG ML,7.99,16
000000694193,BODY FEROZ SUEDINE 4140 4141 REGATA,7.99,16
000000696258,BERMUDA BUCHECHINHA MOL 1113009 PMG,7.99,16
000000282642,TOALHA  BATISMO KARINHO 1729 BORDAD,4.99,16
000000304955,ALMOFADA PAPI ALG 2649,4.99,16
000000454193,MIJAO LUIZINHO SUEDINE 12119 ESTAMP,4.99,16
000000454209,CAMISETA LUIZINHO BABY SUEDI 11846,4.99,16
000000508681,MACAQUINHO KELLY KETTY M 22137 PMG LEGADO ZZ,4.99,16
000000532976,BODY SOF E ENZ SUEDINE 12508 ML LEGADO ZZ,4.99,16
000000543705,CONJUNTO FORFAN MALHA 2350 PMG MASC LEGADO ZZ,4.99,16
000000284851,CONJUNTO PAGAO FEROZ MALHA 031 3PCS,4.99,16
000000384650,FRONHA PAPI ALGODAO 2900,4.99,16
000000265836,VESTUARIO SHORT MAXSHOP LEGADO P,4.99,16
000000441575,BANHO DE SOL LUIZINHO MM 12249 PMG,4.99,16
000000470322,BODY DUZIZO SUEDINE 4379 RN FEM,4.99,16
000000516808,BABADOR FITEDI MALHA 854231,4.99,16
000000056649,FRONHA ALVINHA 850112 30X40 EST,1.99,16
000000796798,CONJ MALWEE MM 130125 12A24M FEM,49.99,16
000000810135,MACAQUINHO MALWEE COT 132045 18A24M Sortida ZZ,49.99,16
000000785358,MACACAO LUIZINHO TRICO 18456 BB ML,39.99,16
000000796781,CONJUNTO MALWEE MM 130110 12A24M FE,39.99,16
000000810166,MACAQUINHO MALWEE MM 132002 18A24 FE Sortida ZZ,39.99,16
000000796019,MACAQUINHO REIREX MM 45488 PMGG MAS,39.99,16
000000681704,MACACAO HEBENEZER MALHA 912 BB MAS,29.99,16
000000681735,MACACAO HEBENEZER MALHA 350 BB MAS LEGADO ZZ,29.99,16
000000779296,CONJUNTO RALAKIDS COTT 70198 BB FEM,29.99,16
000000779302,CONJUNTO RALAKIDS COTT 70199 BB FEM,29.99,16
000000779326,CONJUNTO RALAKIDS COTT 70201 BB FEM,29.99,16
000000795777,CONJUNTO KELYKETY MM 43149 PMGG FEM,29.99,16
000000796774,VESTIDO MALWEE COTTON 131860 12A24M,29.99,16
000000796804,VESTIDO MALWEE MM 132884 1A3 FEM,29.99,16
000000796811,VESTIDO MALWEE COTTON 127374 1A3,29.99,16
000000779319,CONJUNTO RALAKIDS COTT 70200 BB FEM,24.99,16
000000792233,CONJUNTO PIMENTINHA MM 7850 PMG FEM,24.99,16
000000792400,CONJUNTO PIMENTINHA MM 7873 PMG MAS,24.99,16
000000796750,MACACAO ROVITEX COTON DIV PMGG 2025,9.99,16
000000136419,VESTUARIO BODY M CURTA MAXSHOP LEGADO P,19.99,16
000000728164,BODY KELY KETY COTTON 10112 PMGG ML,19.99,16
000000554947,BANHO DE SOL LUIZINHO SUED 11587 PM,14.99,16
000000606561,BODY BUCHECHINHA RIB 1246012 PMG FE,9.99,16
000000606578,BODY BUCHECHINHA COT 1246013 PMG FE,9.99,16
000000764483,BODY VITORIA MM DIVERSOS 0A2,14.99,16
000000392730,VESTIDO HEBENEZER 155 MALHA PMG LEGADO ZZ,9.99,16
000000623490,REGATA LUIZINHO MM 14526 PMG SILK,7.99,16
000000711463,BODY LUIZINHO BABY RIBANA 16858 PMG,7.99,16
